﻿<?xml version="1.0" encoding="utf-8"?>
<BAO_CAO2>
  <HEADER>
    <MA_GIAO_DICH>b5e62484-051f-40ef-bd8d-9a3fc2531307</MA_GIAO_DICH>
    <MA_DV_GUI>79038</MA_DV_GUI>
    <TEN_DV_GUI>Trung Tâm Giáo Dục Nghề Nghiệp Lái Xe Tiến Đạt</TEN_DV_GUI>
    <NGAY_GUI>2024-05-06 08:40:22</NGAY_GUI>
    <NGUOI_GUI>ADMIN</NGUOI_GUI>
    <TONG_SO_BAN_GHI>37</TONG_SO_BAN_GHI>
  </HEADER>
  <DATA>
    <BCII>
      <MA_BCII>3432F/TÐ-ÐT</MA_BCII>
      <MA_BCI>3326A/TÐ-ÐT</MA_BCI>
      <MA_CSDT>79038</MA_CSDT>
      <SO_CV_BCII>3432F/TÐ-ÐT</SO_CV_BCII>
      <NGAY_CV_BCII>2024-04-26</NGAY_CV_BCII>
      <SO_THI_SINH>37</SO_THI_SINH>
    </BCII>
    <NGUOI_LXS>
      <NGUOI_LX>
        <SO_TT>1</SO_TT>
        <MA_DK>79038-20231211153534620</MA_DK>
        <HO_TEN_DEM>LÊ GIA</HO_TEN_DEM>
        <TEN>BẢO</TEN>
        <HO_VA_TEN>LÊ GIA BẢO</HO_VA_TEN>
        <NGAY_SINH>20050430</NGAY_SINH>
        <NOI_CT>Ấp Bình Hòa,</NOI_CT>
        <NOI_CT_MA_DVHC>25726</NOI_CT_MA_DVHC>
        <NOI_CT_MA_DVQL>712</NOI_CT_MA_DVQL>
        <SO_CMT>072205003334</SO_CMT>
        <HO_VA_TEN_IN />
        <HO_SO>
          <SO_HO_SO>057</SO_HO_SO>
          <SO_GPLX_DA_CO></SO_GPLX_DA_CO>
          <HANG_GPLX_DA_CO></HANG_GPLX_DA_CO>
          <NAM_HOC_LAIXE></NAM_HOC_LAIXE>
          <SO_NAM_LAIXE>0</SO_NAM_LAIXE>
          <SO_KM_ANTOAN>0</SO_KM_ANTOAN>
          <GIAY_CNSK>1</GIAY_CNSK>
          <SO_GIAY_CNTN>055094</SO_GIAY_CNTN>
          <SO_CCN />
          <BC2_GHICHU></BC2_GHICHU>
          <NGAY_RA_QDTN>2024-04-22</NGAY_RA_QDTN>
        </HO_SO>
      </NGUOI_LX>
      <NGUOI_LX>
        <SO_TT>2</SO_TT>
        <MA_DK>79038-20231211152621917</MA_DK>
        <HO_TEN_DEM>NGUYỄN XUÂN</HO_TEN_DEM>
        <TEN>BÌNH</TEN>
        <HO_VA_TEN>NGUYỄN XUÂN BÌNH</HO_VA_TEN>
        <NGAY_SINH>19930813</NGAY_SINH>
        <NOI_CT>Ấp Thành Trung,</NOI_CT>
        <NOI_CT_MA_DVHC>25621</NOI_CT_MA_DVHC>
        <NOI_CT_MA_DVQL>708</NOI_CT_MA_DVQL>
        <SO_CMT>072093012534</SO_CMT>
        <HO_VA_TEN_IN />
        <HO_SO>
          <SO_HO_SO>049</SO_HO_SO>
          <SO_GPLX_DA_CO></SO_GPLX_DA_CO>
          <HANG_GPLX_DA_CO></HANG_GPLX_DA_CO>
          <NAM_HOC_LAIXE></NAM_HOC_LAIXE>
          <SO_NAM_LAIXE>0</SO_NAM_LAIXE>
          <SO_KM_ANTOAN>0</SO_KM_ANTOAN>
          <GIAY_CNSK>1</GIAY_CNSK>
          <SO_GIAY_CNTN>055095</SO_GIAY_CNTN>
          <SO_CCN />
          <BC2_GHICHU></BC2_GHICHU>
          <NGAY_RA_QDTN>2024-04-22</NGAY_RA_QDTN>
        </HO_SO>
      </NGUOI_LX>
      <NGUOI_LX>
        <SO_TT>3</SO_TT>
        <MA_DK>79038-20231211151158890</MA_DK>
        <HO_TEN_DEM>LƯƠNG CHÍ</HO_TEN_DEM>
        <TEN>CƯỜNG</TEN>
        <HO_VA_TEN>LƯƠNG CHÍ CƯỜNG</HO_VA_TEN>
        <NGAY_SINH>20000521</NGAY_SINH>
        <NOI_CT>168/30/3 An Hòa,</NOI_CT>
        <NOI_CT_MA_DVHC>26068</NOI_CT_MA_DVHC>
        <NOI_CT_MA_DVQL>731</NOI_CT_MA_DVQL>
        <SO_CMT>075200001440</SO_CMT>
        <HO_VA_TEN_IN />
        <HO_SO>
          <SO_HO_SO>039</SO_HO_SO>
          <SO_GPLX_DA_CO>740186011347</SO_GPLX_DA_CO>
          <HANG_GPLX_DA_CO>A1</HANG_GPLX_DA_CO>
          <NAM_HOC_LAIXE></NAM_HOC_LAIXE>
          <SO_NAM_LAIXE>0</SO_NAM_LAIXE>
          <SO_KM_ANTOAN>0</SO_KM_ANTOAN>
          <GIAY_CNSK>1</GIAY_CNSK>
          <SO_GIAY_CNTN>055096</SO_GIAY_CNTN>
          <SO_CCN />
          <BC2_GHICHU></BC2_GHICHU>
          <NGAY_RA_QDTN>2024-04-22</NGAY_RA_QDTN>
        </HO_SO>
      </NGUOI_LX>
      <NGUOI_LX>
        <SO_TT>4</SO_TT>
        <MA_DK>79038-20231219111158737</MA_DK>
        <HO_TEN_DEM>NGUYỄN MẠNH</HO_TEN_DEM>
        <TEN>CƯỜNG</TEN>
        <HO_VA_TEN>NGUYỄN MẠNH CƯỜNG</HO_VA_TEN>
        <NGAY_SINH>19940918</NGAY_SINH>
        <NOI_CT>Ấp Tân Lập</NOI_CT>
        <NOI_CT_MA_DVHC>26242</NOI_CT_MA_DVHC>
        <NOI_CT_MA_DVQL>736</NOI_CT_MA_DVQL>
        <SO_CMT>075094023737</SO_CMT>
        <HO_VA_TEN_IN />
        <HO_SO>
          <SO_HO_SO>062</SO_HO_SO>
          <SO_GPLX_DA_CO>750180010503</SO_GPLX_DA_CO>
          <HANG_GPLX_DA_CO>A1</HANG_GPLX_DA_CO>
          <NAM_HOC_LAIXE></NAM_HOC_LAIXE>
          <SO_NAM_LAIXE>0</SO_NAM_LAIXE>
          <SO_KM_ANTOAN>0</SO_KM_ANTOAN>
          <GIAY_CNSK>1</GIAY_CNSK>
          <SO_GIAY_CNTN>055097</SO_GIAY_CNTN>
          <SO_CCN />
          <BC2_GHICHU></BC2_GHICHU>
          <NGAY_RA_QDTN>2024-04-22</NGAY_RA_QDTN>
        </HO_SO>
      </NGUOI_LX>
      <NGUOI_LX>
        <SO_TT>5</SO_TT>
        <MA_DK>79038-20231211151253777</MA_DK>
        <HO_TEN_DEM>ĐÀO ĐỨC</HO_TEN_DEM>
        <TEN>DUY</TEN>
        <HO_VA_TEN>ĐÀO ĐỨC DUY</HO_VA_TEN>
        <NGAY_SINH>20050823</NGAY_SINH>
        <NOI_CT>Tổ 1, Khu Phố 4,</NOI_CT>
        <NOI_CT_MA_DVHC>25813</NOI_CT_MA_DVHC>
        <NOI_CT_MA_DVQL>721</NOI_CT_MA_DVQL>
        <SO_CMT>035205007614</SO_CMT>
        <HO_VA_TEN_IN />
        <HO_SO>
          <SO_HO_SO>040</SO_HO_SO>
          <SO_GPLX_DA_CO></SO_GPLX_DA_CO>
          <HANG_GPLX_DA_CO></HANG_GPLX_DA_CO>
          <NAM_HOC_LAIXE></NAM_HOC_LAIXE>
          <SO_NAM_LAIXE>0</SO_NAM_LAIXE>
          <SO_KM_ANTOAN>0</SO_KM_ANTOAN>
          <GIAY_CNSK>1</GIAY_CNSK>
          <SO_GIAY_CNTN>055101</SO_GIAY_CNTN>
          <SO_CCN />
          <BC2_GHICHU></BC2_GHICHU>
          <NGAY_RA_QDTN>2024-04-22</NGAY_RA_QDTN>
        </HO_SO>
      </NGUOI_LX>
      <NGUOI_LX>
        <SO_TT>6</SO_TT>
        <MA_DK>79038-20231211153737627</MA_DK>
        <HO_TEN_DEM>NGUYỄN DA</HO_TEN_DEM>
        <TEN>DỸ</TEN>
        <HO_VA_TEN>NGUYỄN DA DỸ</HO_VA_TEN>
        <NGAY_SINH>19981120</NGAY_SINH>
        <NOI_CT>Thôn Hiếu An,</NOI_CT>
        <NOI_CT_MA_DVHC>21937</NOI_CT_MA_DVHC>
        <NOI_CT_MA_DVQL>549</NOI_CT_MA_DVQL>
        <SO_CMT>052098013471</SO_CMT>
        <HO_VA_TEN_IN />
        <HO_SO>
          <SO_HO_SO>058</SO_HO_SO>
          <SO_GPLX_DA_CO>790175012909</SO_GPLX_DA_CO>
          <HANG_GPLX_DA_CO>A1</HANG_GPLX_DA_CO>
          <NAM_HOC_LAIXE></NAM_HOC_LAIXE>
          <SO_NAM_LAIXE>0</SO_NAM_LAIXE>
          <SO_KM_ANTOAN>0</SO_KM_ANTOAN>
          <GIAY_CNSK>1</GIAY_CNSK>
          <SO_GIAY_CNTN>055103</SO_GIAY_CNTN>
          <SO_CCN />
          <BC2_GHICHU></BC2_GHICHU>
          <NGAY_RA_QDTN>2024-04-22</NGAY_RA_QDTN>
        </HO_SO>
      </NGUOI_LX>
      <NGUOI_LX>
        <SO_TT>7</SO_TT>
        <MA_DK>79038-20231211143010770</MA_DK>
        <HO_TEN_DEM>LÊ PHÚC</HO_TEN_DEM>
        <TEN>HẬU</TEN>
        <HO_VA_TEN>LÊ PHÚC HẬU</HO_VA_TEN>
        <NGAY_SINH>20030514</NGAY_SINH>
        <NOI_CT>Tổ 7, Ấp Tân Lập,</NOI_CT>
        <NOI_CT_MA_DVHC>27556</NOI_CT_MA_DVHC>
        <NOI_CT_MA_DVQL>783</NOI_CT_MA_DVQL>
        <SO_CMT>079203012614</SO_CMT>
        <HO_VA_TEN_IN />
        <HO_SO>
          <SO_HO_SO>015</SO_HO_SO>
          <SO_GPLX_DA_CO>790211096386</SO_GPLX_DA_CO>
          <HANG_GPLX_DA_CO>A1</HANG_GPLX_DA_CO>
          <NAM_HOC_LAIXE></NAM_HOC_LAIXE>
          <SO_NAM_LAIXE>0</SO_NAM_LAIXE>
          <SO_KM_ANTOAN>0</SO_KM_ANTOAN>
          <GIAY_CNSK>1</GIAY_CNSK>
          <SO_GIAY_CNTN>055105</SO_GIAY_CNTN>
          <SO_CCN />
          <BC2_GHICHU></BC2_GHICHU>
          <NGAY_RA_QDTN>2024-04-22</NGAY_RA_QDTN>
        </HO_SO>
      </NGUOI_LX>
      <NGUOI_LX>
        <SO_TT>8</SO_TT>
        <MA_DK>79038-20231211152031747</MA_DK>
        <HO_TEN_DEM>NGUYỄN HỒNG</HO_TEN_DEM>
        <TEN>HOÀNG</TEN>
        <HO_VA_TEN>NGUYỄN HỒNG HOÀNG</HO_VA_TEN>
        <NGAY_SINH>19790228</NGAY_SINH>
        <NOI_CT>Ấp Xóm Mới 1,</NOI_CT>
        <NOI_CT_MA_DVHC>25609</NOI_CT_MA_DVHC>
        <NOI_CT_MA_DVQL>708</NOI_CT_MA_DVQL>
        <SO_CMT>072079005986</SO_CMT>
        <HO_VA_TEN_IN />
        <HO_SO>
          <SO_HO_SO>045</SO_HO_SO>
          <SO_GPLX_DA_CO></SO_GPLX_DA_CO>
          <HANG_GPLX_DA_CO></HANG_GPLX_DA_CO>
          <NAM_HOC_LAIXE></NAM_HOC_LAIXE>
          <SO_NAM_LAIXE>0</SO_NAM_LAIXE>
          <SO_KM_ANTOAN>0</SO_KM_ANTOAN>
          <GIAY_CNSK>1</GIAY_CNSK>
          <SO_GIAY_CNTN>055106</SO_GIAY_CNTN>
          <SO_CCN />
          <BC2_GHICHU></BC2_GHICHU>
          <NGAY_RA_QDTN>2024-04-22</NGAY_RA_QDTN>
        </HO_SO>
      </NGUOI_LX>
      <NGUOI_LX>
        <SO_TT>9</SO_TT>
        <MA_DK>79038-20231211142440600</MA_DK>
        <HO_TEN_DEM>TRẦN NGUYỄN AN</HO_TEN_DEM>
        <TEN>KHANG</TEN>
        <HO_VA_TEN>TRẦN NGUYỄN AN KHANG</HO_VA_TEN>
        <NGAY_SINH>20011016</NGAY_SINH>
        <NOI_CT>Ấp Hóc Thơm 2,</NOI_CT>
        <NOI_CT_MA_DVHC>27970</NOI_CT_MA_DVHC>
        <NOI_CT_MA_DVQL>802</NOI_CT_MA_DVQL>
        <SO_CMT>080201005879</SO_CMT>
        <HO_VA_TEN_IN />
        <HO_SO>
          <SO_HO_SO>012</SO_HO_SO>
          <SO_GPLX_DA_CO>790199282588</SO_GPLX_DA_CO>
          <HANG_GPLX_DA_CO>A1</HANG_GPLX_DA_CO>
          <NAM_HOC_LAIXE></NAM_HOC_LAIXE>
          <SO_NAM_LAIXE>0</SO_NAM_LAIXE>
          <SO_KM_ANTOAN>0</SO_KM_ANTOAN>
          <GIAY_CNSK>1</GIAY_CNSK>
          <SO_GIAY_CNTN>055107</SO_GIAY_CNTN>
          <SO_CCN />
          <BC2_GHICHU></BC2_GHICHU>
          <NGAY_RA_QDTN>2024-04-22</NGAY_RA_QDTN>
        </HO_SO>
      </NGUOI_LX>
      <NGUOI_LX>
        <SO_TT>10</SO_TT>
        <MA_DK>79038-20231211153348037</MA_DK>
        <HO_TEN_DEM>TRẦN NGUYỄN DUY</HO_TEN_DEM>
        <TEN>KHANH</TEN>
        <HO_VA_TEN>TRẦN NGUYỄN DUY KHANH</HO_VA_TEN>
        <NGAY_SINH>19891120</NGAY_SINH>
        <NOI_CT>Khu Phố Suối Sâu,</NOI_CT>
        <NOI_CT_MA_DVHC>25732</NOI_CT_MA_DVHC>
        <NOI_CT_MA_DVQL>712</NOI_CT_MA_DVQL>
        <SO_CMT>072089015129</SO_CMT>
        <HO_VA_TEN_IN />
        <HO_SO>
          <SO_HO_SO>055</SO_HO_SO>
          <SO_GPLX_DA_CO>720091005044</SO_GPLX_DA_CO>
          <HANG_GPLX_DA_CO>A1</HANG_GPLX_DA_CO>
          <NAM_HOC_LAIXE></NAM_HOC_LAIXE>
          <SO_NAM_LAIXE>0</SO_NAM_LAIXE>
          <SO_KM_ANTOAN>0</SO_KM_ANTOAN>
          <GIAY_CNSK>1</GIAY_CNSK>
          <SO_GIAY_CNTN>055108</SO_GIAY_CNTN>
          <SO_CCN />
          <BC2_GHICHU></BC2_GHICHU>
          <NGAY_RA_QDTN>2024-04-22</NGAY_RA_QDTN>
        </HO_SO>
      </NGUOI_LX>
      <NGUOI_LX>
        <SO_TT>11</SO_TT>
        <MA_DK>79038-20231211152945347</MA_DK>
        <HO_TEN_DEM>VÕ VĂN</HO_TEN_DEM>
        <TEN>KIỆT</TEN>
        <HO_VA_TEN>VÕ VĂN KIỆT</HO_VA_TEN>
        <NGAY_SINH>20030325</NGAY_SINH>
        <NOI_CT>Ấp Đông Hiệp,</NOI_CT>
        <NOI_CT_MA_DVHC>25522</NOI_CT_MA_DVHC>
        <NOI_CT_MA_DVQL>706</NOI_CT_MA_DVQL>
        <SO_CMT>046203000359</SO_CMT>
        <HO_VA_TEN_IN />
        <HO_SO>
          <SO_HO_SO>052</SO_HO_SO>
          <SO_GPLX_DA_CO>720215004748</SO_GPLX_DA_CO>
          <HANG_GPLX_DA_CO>A1</HANG_GPLX_DA_CO>
          <NAM_HOC_LAIXE></NAM_HOC_LAIXE>
          <SO_NAM_LAIXE>0</SO_NAM_LAIXE>
          <SO_KM_ANTOAN>0</SO_KM_ANTOAN>
          <GIAY_CNSK>1</GIAY_CNSK>
          <SO_GIAY_CNTN>055109</SO_GIAY_CNTN>
          <SO_CCN />
          <BC2_GHICHU></BC2_GHICHU>
          <NGAY_RA_QDTN>2024-04-22</NGAY_RA_QDTN>
        </HO_SO>
      </NGUOI_LX>
      <NGUOI_LX>
        <SO_TT>12</SO_TT>
        <MA_DK>79038-20231211151454270</MA_DK>
        <HO_TEN_DEM>ĐINH THỊ THU</HO_TEN_DEM>
        <TEN>LINH</TEN>
        <HO_VA_TEN>ĐINH THỊ THU LINH</HO_VA_TEN>
        <NGAY_SINH>19890403</NGAY_SINH>
        <NOI_CT>166/93C Đoàn Văn Bơ,</NOI_CT>
        <NOI_CT_MA_DVHC>27280</NOI_CT_MA_DVHC>
        <NOI_CT_MA_DVQL>773</NOI_CT_MA_DVQL>
        <SO_CMT>062189000061</SO_CMT>
        <HO_VA_TEN_IN />
        <HO_SO>
          <SO_HO_SO>041</SO_HO_SO>
          <SO_GPLX_DA_CO></SO_GPLX_DA_CO>
          <HANG_GPLX_DA_CO></HANG_GPLX_DA_CO>
          <NAM_HOC_LAIXE></NAM_HOC_LAIXE>
          <SO_NAM_LAIXE>0</SO_NAM_LAIXE>
          <SO_KM_ANTOAN>0</SO_KM_ANTOAN>
          <GIAY_CNSK>1</GIAY_CNSK>
          <SO_GIAY_CNTN>055110</SO_GIAY_CNTN>
          <SO_CCN />
          <BC2_GHICHU></BC2_GHICHU>
          <NGAY_RA_QDTN>2024-04-22</NGAY_RA_QDTN>
        </HO_SO>
      </NGUOI_LX>
      <NGUOI_LX>
        <SO_TT>13</SO_TT>
        <MA_DK>79038-20231219111623243</MA_DK>
        <HO_TEN_DEM>QUÁCH NHẬT</HO_TEN_DEM>
        <TEN>LINH</TEN>
        <HO_VA_TEN>QUÁCH NHẬT LINH</HO_VA_TEN>
        <NGAY_SINH>19861110</NGAY_SINH>
        <NOI_CT>Tổ 2, Ấp 94</NOI_CT>
        <NOI_CT_MA_DVHC>26239</NOI_CT_MA_DVHC>
        <NOI_CT_MA_DVQL>736</NOI_CT_MA_DVQL>
        <SO_CMT>086086002250</SO_CMT>
        <HO_VA_TEN_IN />
        <HO_SO>
          <SO_HO_SO>064</SO_HO_SO>
          <SO_GPLX_DA_CO>790058314973</SO_GPLX_DA_CO>
          <HANG_GPLX_DA_CO>A1</HANG_GPLX_DA_CO>
          <NAM_HOC_LAIXE></NAM_HOC_LAIXE>
          <SO_NAM_LAIXE>0</SO_NAM_LAIXE>
          <SO_KM_ANTOAN>0</SO_KM_ANTOAN>
          <GIAY_CNSK>1</GIAY_CNSK>
          <SO_GIAY_CNTN>055111</SO_GIAY_CNTN>
          <SO_CCN />
          <BC2_GHICHU></BC2_GHICHU>
          <NGAY_RA_QDTN>2024-04-22</NGAY_RA_QDTN>
        </HO_SO>
      </NGUOI_LX>
      <NGUOI_LX>
        <SO_TT>14</SO_TT>
        <MA_DK>79038-20231211143745243</MA_DK>
        <HO_TEN_DEM>HUỲNH TẤN</HO_TEN_DEM>
        <TEN>LỰC</TEN>
        <HO_VA_TEN>HUỲNH TẤN LỰC</HO_VA_TEN>
        <NGAY_SINH>19881015</NGAY_SINH>
        <NOI_CT>TDP Hương Yên,</NOI_CT>
        <NOI_CT_MA_DVHC>20651</NOI_CT_MA_DVHC>
        <NOI_CT_MA_DVQL>509</NOI_CT_MA_DVQL>
        <SO_CMT>049088002185</SO_CMT>
        <HO_VA_TEN_IN />
        <HO_SO>
          <SO_HO_SO>020</SO_HO_SO>
          <SO_GPLX_DA_CO></SO_GPLX_DA_CO>
          <HANG_GPLX_DA_CO></HANG_GPLX_DA_CO>
          <NAM_HOC_LAIXE></NAM_HOC_LAIXE>
          <SO_NAM_LAIXE>0</SO_NAM_LAIXE>
          <SO_KM_ANTOAN>0</SO_KM_ANTOAN>
          <GIAY_CNSK>1</GIAY_CNSK>
          <SO_GIAY_CNTN>055112</SO_GIAY_CNTN>
          <SO_CCN />
          <BC2_GHICHU></BC2_GHICHU>
          <NGAY_RA_QDTN>2024-04-22</NGAY_RA_QDTN>
        </HO_SO>
      </NGUOI_LX>
      <NGUOI_LX>
        <SO_TT>15</SO_TT>
        <MA_DK>79038-20231211150519300</MA_DK>
        <HO_TEN_DEM>HÀ THANH</HO_TEN_DEM>
        <TEN>LUÔN</TEN>
        <HO_VA_TEN>HÀ THANH LUÔN</HO_VA_TEN>
        <NGAY_SINH>19811015</NGAY_SINH>
        <NOI_CT>52 Đường Ba Sa, Cây Trôm,</NOI_CT>
        <NOI_CT_MA_DVHC>27529</NOI_CT_MA_DVHC>
        <NOI_CT_MA_DVQL>783</NOI_CT_MA_DVQL>
        <SO_CMT>079081028144</SO_CMT>
        <HO_VA_TEN_IN />
        <HO_SO>
          <SO_HO_SO>034</SO_HO_SO>
          <SO_GPLX_DA_CO>790042265991</SO_GPLX_DA_CO>
          <HANG_GPLX_DA_CO>A1</HANG_GPLX_DA_CO>
          <NAM_HOC_LAIXE></NAM_HOC_LAIXE>
          <SO_NAM_LAIXE>0</SO_NAM_LAIXE>
          <SO_KM_ANTOAN>0</SO_KM_ANTOAN>
          <GIAY_CNSK>1</GIAY_CNSK>
          <SO_GIAY_CNTN>055113</SO_GIAY_CNTN>
          <SO_CCN />
          <BC2_GHICHU></BC2_GHICHU>
          <NGAY_RA_QDTN>2024-04-22</NGAY_RA_QDTN>
        </HO_SO>
      </NGUOI_LX>
      <NGUOI_LX>
        <SO_TT>16</SO_TT>
        <MA_DK>79038-20231211152137120</MA_DK>
        <HO_TEN_DEM>VÕ THỊ</HO_TEN_DEM>
        <TEN>MẾN</TEN>
        <HO_VA_TEN>VÕ THỊ MẾN</HO_VA_TEN>
        <NGAY_SINH>19851212</NGAY_SINH>
        <NOI_CT>66 Thạnh Lợi,</NOI_CT>
        <NOI_CT_MA_DVHC>25471</NOI_CT_MA_DVHC>
        <NOI_CT_MA_DVQL>703</NOI_CT_MA_DVQL>
        <SO_CMT>066185000333</SO_CMT>
        <HO_VA_TEN_IN />
        <HO_SO>
          <SO_HO_SO>046</SO_HO_SO>
          <SO_GPLX_DA_CO></SO_GPLX_DA_CO>
          <HANG_GPLX_DA_CO></HANG_GPLX_DA_CO>
          <NAM_HOC_LAIXE></NAM_HOC_LAIXE>
          <SO_NAM_LAIXE>0</SO_NAM_LAIXE>
          <SO_KM_ANTOAN>0</SO_KM_ANTOAN>
          <GIAY_CNSK>1</GIAY_CNSK>
          <SO_GIAY_CNTN>055114</SO_GIAY_CNTN>
          <SO_CCN />
          <BC2_GHICHU></BC2_GHICHU>
          <NGAY_RA_QDTN>2024-04-22</NGAY_RA_QDTN>
        </HO_SO>
      </NGUOI_LX>
      <NGUOI_LX>
        <SO_TT>17</SO_TT>
        <MA_DK>79038-20231211153043900</MA_DK>
        <HO_TEN_DEM>NGUYỄN VĂN</HO_TEN_DEM>
        <TEN>MỚI</TEN>
        <HO_VA_TEN>NGUYỄN VĂN MỚI</HO_VA_TEN>
        <NGAY_SINH>19800927</NGAY_SINH>
        <NOI_CT>Ấp Cầu Xe,</NOI_CT>
        <NOI_CT_MA_DVHC>25714</NOI_CT_MA_DVHC>
        <NOI_CT_MA_DVQL>712</NOI_CT_MA_DVQL>
        <SO_CMT>072080000342</SO_CMT>
        <HO_VA_TEN_IN />
        <HO_SO>
          <SO_HO_SO>053</SO_HO_SO>
          <SO_GPLX_DA_CO></SO_GPLX_DA_CO>
          <HANG_GPLX_DA_CO></HANG_GPLX_DA_CO>
          <NAM_HOC_LAIXE></NAM_HOC_LAIXE>
          <SO_NAM_LAIXE>0</SO_NAM_LAIXE>
          <SO_KM_ANTOAN>0</SO_KM_ANTOAN>
          <GIAY_CNSK>1</GIAY_CNSK>
          <SO_GIAY_CNTN>055115</SO_GIAY_CNTN>
          <SO_CCN />
          <BC2_GHICHU></BC2_GHICHU>
          <NGAY_RA_QDTN>2024-04-22</NGAY_RA_QDTN>
        </HO_SO>
      </NGUOI_LX>
      <NGUOI_LX>
        <SO_TT>18</SO_TT>
        <MA_DK>79038-20231211143237913</MA_DK>
        <HO_TEN_DEM>PHẠM VĂN</HO_TEN_DEM>
        <TEN>NI</TEN>
        <HO_VA_TEN>PHẠM VĂN NI</HO_VA_TEN>
        <NGAY_SINH>19660327</NGAY_SINH>
        <NOI_CT>454/3 Cây Gõ, Ấp Xóm Thuốc,</NOI_CT>
        <NOI_CT_MA_DVHC>27502</NOI_CT_MA_DVHC>
        <NOI_CT_MA_DVQL>783</NOI_CT_MA_DVQL>
        <SO_CMT>079066014097</SO_CMT>
        <HO_VA_TEN_IN />
        <HO_SO>
          <SO_HO_SO>017</SO_HO_SO>
          <SO_GPLX_DA_CO></SO_GPLX_DA_CO>
          <HANG_GPLX_DA_CO></HANG_GPLX_DA_CO>
          <NAM_HOC_LAIXE></NAM_HOC_LAIXE>
          <SO_NAM_LAIXE>0</SO_NAM_LAIXE>
          <SO_KM_ANTOAN>0</SO_KM_ANTOAN>
          <GIAY_CNSK>1</GIAY_CNSK>
          <SO_GIAY_CNTN>055116</SO_GIAY_CNTN>
          <SO_CCN />
          <BC2_GHICHU></BC2_GHICHU>
          <NGAY_RA_QDTN>2024-04-22</NGAY_RA_QDTN>
        </HO_SO>
      </NGUOI_LX>
      <NGUOI_LX>
        <SO_TT>19</SO_TT>
        <MA_DK>79038-20231211145841320</MA_DK>
        <HO_TEN_DEM>TRƯƠNG THANH</HO_TEN_DEM>
        <TEN>PHONG</TEN>
        <HO_VA_TEN>TRƯƠNG THANH PHONG</HO_VA_TEN>
        <NGAY_SINH>19960216</NGAY_SINH>
        <NOI_CT>18/5 Đô Đốc Long,</NOI_CT>
        <NOI_CT_MA_DVHC>27019</NOI_CT_MA_DVHC>
        <NOI_CT_MA_DVQL>767</NOI_CT_MA_DVQL>
        <SO_CMT>079096030011</SO_CMT>
        <HO_VA_TEN_IN />
        <HO_SO>
          <SO_HO_SO>031</SO_HO_SO>
          <SO_GPLX_DA_CO>790146977688</SO_GPLX_DA_CO>
          <HANG_GPLX_DA_CO>A1</HANG_GPLX_DA_CO>
          <NAM_HOC_LAIXE></NAM_HOC_LAIXE>
          <SO_NAM_LAIXE>0</SO_NAM_LAIXE>
          <SO_KM_ANTOAN>0</SO_KM_ANTOAN>
          <GIAY_CNSK>1</GIAY_CNSK>
          <SO_GIAY_CNTN>055117</SO_GIAY_CNTN>
          <SO_CCN />
          <BC2_GHICHU></BC2_GHICHU>
          <NGAY_RA_QDTN>2024-04-22</NGAY_RA_QDTN>
        </HO_SO>
      </NGUOI_LX>
      <NGUOI_LX>
        <SO_TT>20</SO_TT>
        <MA_DK>79038-20231211144018940</MA_DK>
        <HO_TEN_DEM>LÊ THIÊN</HO_TEN_DEM>
        <TEN>QUANG</TEN>
        <HO_VA_TEN>LÊ THIÊN QUANG</HO_VA_TEN>
        <NGAY_SINH>19960108</NGAY_SINH>
        <NOI_CT>11/2 Đường 379, Bàu Tre 2,</NOI_CT>
        <NOI_CT_MA_DVHC>27532</NOI_CT_MA_DVHC>
        <NOI_CT_MA_DVQL>783</NOI_CT_MA_DVQL>
        <SO_CMT>079096009813</SO_CMT>
        <HO_VA_TEN_IN />
        <HO_SO>
          <SO_HO_SO>021</SO_HO_SO>
          <SO_GPLX_DA_CO>790147968652</SO_GPLX_DA_CO>
          <HANG_GPLX_DA_CO>A1</HANG_GPLX_DA_CO>
          <NAM_HOC_LAIXE></NAM_HOC_LAIXE>
          <SO_NAM_LAIXE>0</SO_NAM_LAIXE>
          <SO_KM_ANTOAN>0</SO_KM_ANTOAN>
          <GIAY_CNSK>1</GIAY_CNSK>
          <SO_GIAY_CNTN>055118</SO_GIAY_CNTN>
          <SO_CCN />
          <BC2_GHICHU></BC2_GHICHU>
          <NGAY_RA_QDTN>2024-04-22</NGAY_RA_QDTN>
        </HO_SO>
      </NGUOI_LX>
      <NGUOI_LX>
        <SO_TT>21</SO_TT>
        <MA_DK>79038-20231211150814583</MA_DK>
        <HO_TEN_DEM>NGUYỄN GIA</HO_TEN_DEM>
        <TEN>QUI</TEN>
        <HO_VA_TEN>NGUYỄN GIA QUI</HO_VA_TEN>
        <NGAY_SINH>20051109</NGAY_SINH>
        <NOI_CT>Tổ 3, Ấp Phú Lợi,</NOI_CT>
        <NOI_CT_MA_DVHC>27499</NOI_CT_MA_DVHC>
        <NOI_CT_MA_DVQL>783</NOI_CT_MA_DVQL>
        <SO_CMT>079205030992</SO_CMT>
        <HO_VA_TEN_IN />
        <HO_SO>
          <SO_HO_SO>036</SO_HO_SO>
          <SO_GPLX_DA_CO></SO_GPLX_DA_CO>
          <HANG_GPLX_DA_CO></HANG_GPLX_DA_CO>
          <NAM_HOC_LAIXE></NAM_HOC_LAIXE>
          <SO_NAM_LAIXE>0</SO_NAM_LAIXE>
          <SO_KM_ANTOAN>0</SO_KM_ANTOAN>
          <GIAY_CNSK>1</GIAY_CNSK>
          <SO_GIAY_CNTN>055119</SO_GIAY_CNTN>
          <SO_CCN />
          <BC2_GHICHU></BC2_GHICHU>
          <NGAY_RA_QDTN>2024-04-22</NGAY_RA_QDTN>
        </HO_SO>
      </NGUOI_LX>
      <NGUOI_LX>
        <SO_TT>22</SO_TT>
        <MA_DK>79038-20231212083308780</MA_DK>
        <HO_TEN_DEM>VÕ ANH</HO_TEN_DEM>
        <TEN>QUỐC</TEN>
        <HO_VA_TEN>VÕ ANH QUỐC</HO_VA_TEN>
        <NGAY_SINH>20001126</NGAY_SINH>
        <NOI_CT>Số 56, Thôn 1,</NOI_CT>
        <NOI_CT_MA_DVHC>23023</NOI_CT_MA_DVHC>
        <NOI_CT_MA_DVQL>596</NOI_CT_MA_DVQL>
        <SO_CMT>060200012584</SO_CMT>
        <HO_VA_TEN_IN />
        <HO_SO>
          <SO_HO_SO>060</SO_HO_SO>
          <SO_GPLX_DA_CO></SO_GPLX_DA_CO>
          <HANG_GPLX_DA_CO></HANG_GPLX_DA_CO>
          <NAM_HOC_LAIXE></NAM_HOC_LAIXE>
          <SO_NAM_LAIXE>0</SO_NAM_LAIXE>
          <SO_KM_ANTOAN>0</SO_KM_ANTOAN>
          <GIAY_CNSK>1</GIAY_CNSK>
          <SO_GIAY_CNTN>055120</SO_GIAY_CNTN>
          <SO_CCN />
          <BC2_GHICHU></BC2_GHICHU>
          <NGAY_RA_QDTN>2024-04-22</NGAY_RA_QDTN>
        </HO_SO>
      </NGUOI_LX>
      <NGUOI_LX>
        <SO_TT>23</SO_TT>
        <MA_DK>79038-20231211153936827</MA_DK>
        <HO_TEN_DEM>NGUYỄN HUỲNH</HO_TEN_DEM>
        <TEN>SĨ</TEN>
        <HO_VA_TEN>NGUYỄN HUỲNH SĨ</HO_VA_TEN>
        <NGAY_SINH>20010223</NGAY_SINH>
        <NOI_CT>168/30/1 An Hòa,</NOI_CT>
        <NOI_CT_MA_DVHC>26068</NOI_CT_MA_DVHC>
        <NOI_CT_MA_DVQL>731</NOI_CT_MA_DVQL>
        <SO_CMT>075201017244</SO_CMT>
        <HO_VA_TEN_IN />
        <HO_SO>
          <SO_HO_SO>059</SO_HO_SO>
          <SO_GPLX_DA_CO>750197004678</SO_GPLX_DA_CO>
          <HANG_GPLX_DA_CO>A1</HANG_GPLX_DA_CO>
          <NAM_HOC_LAIXE></NAM_HOC_LAIXE>
          <SO_NAM_LAIXE>0</SO_NAM_LAIXE>
          <SO_KM_ANTOAN>0</SO_KM_ANTOAN>
          <GIAY_CNSK>1</GIAY_CNSK>
          <SO_GIAY_CNTN>055121</SO_GIAY_CNTN>
          <SO_CCN />
          <BC2_GHICHU></BC2_GHICHU>
          <NGAY_RA_QDTN>2024-04-22</NGAY_RA_QDTN>
        </HO_SO>
      </NGUOI_LX>
      <NGUOI_LX>
        <SO_TT>24</SO_TT>
        <MA_DK>79038-20231211142842410</MA_DK>
        <HO_TEN_DEM>NGUYỄN THÀNH</HO_TEN_DEM>
        <TEN>TÀI</TEN>
        <HO_VA_TEN>NGUYỄN THÀNH TÀI</HO_VA_TEN>
        <NGAY_SINH>20051204</NGAY_SINH>
        <NOI_CT>99/3, Ô 5, Khu B,</NOI_CT>
        <NOI_CT_MA_DVHC>27931</NOI_CT_MA_DVHC>
        <NOI_CT_MA_DVQL>802</NOI_CT_MA_DVQL>
        <SO_CMT>080205016257</SO_CMT>
        <HO_VA_TEN_IN />
        <HO_SO>
          <SO_HO_SO>014</SO_HO_SO>
          <SO_GPLX_DA_CO></SO_GPLX_DA_CO>
          <HANG_GPLX_DA_CO></HANG_GPLX_DA_CO>
          <NAM_HOC_LAIXE></NAM_HOC_LAIXE>
          <SO_NAM_LAIXE>0</SO_NAM_LAIXE>
          <SO_KM_ANTOAN>0</SO_KM_ANTOAN>
          <GIAY_CNSK>1</GIAY_CNSK>
          <SO_GIAY_CNTN>055122</SO_GIAY_CNTN>
          <SO_CCN />
          <BC2_GHICHU></BC2_GHICHU>
          <NGAY_RA_QDTN>2024-04-22</NGAY_RA_QDTN>
        </HO_SO>
      </NGUOI_LX>
      <NGUOI_LX>
        <SO_TT>25</SO_TT>
        <MA_DK>79038-20231211153218283</MA_DK>
        <HO_TEN_DEM>PHAN THANH</HO_TEN_DEM>
        <TEN>TÀU</TEN>
        <HO_VA_TEN>PHAN THANH TÀU</HO_VA_TEN>
        <NGAY_SINH>19950320</NGAY_SINH>
        <NOI_CT>Kp Gia Tân,</NOI_CT>
        <NOI_CT_MA_DVHC>25720</NOI_CT_MA_DVHC>
        <NOI_CT_MA_DVQL>712</NOI_CT_MA_DVQL>
        <SO_CMT>072095005133</SO_CMT>
        <HO_VA_TEN_IN />
        <HO_SO>
          <SO_HO_SO>054</SO_HO_SO>
          <SO_GPLX_DA_CO>790151259995</SO_GPLX_DA_CO>
          <HANG_GPLX_DA_CO>A1</HANG_GPLX_DA_CO>
          <NAM_HOC_LAIXE></NAM_HOC_LAIXE>
          <SO_NAM_LAIXE>0</SO_NAM_LAIXE>
          <SO_KM_ANTOAN>0</SO_KM_ANTOAN>
          <GIAY_CNSK>1</GIAY_CNSK>
          <SO_GIAY_CNTN>055123</SO_GIAY_CNTN>
          <SO_CCN />
          <BC2_GHICHU></BC2_GHICHU>
          <NGAY_RA_QDTN>2024-04-22</NGAY_RA_QDTN>
        </HO_SO>
      </NGUOI_LX>
      <NGUOI_LX>
        <SO_TT>26</SO_TT>
        <MA_DK>79038-20231211152535357</MA_DK>
        <HO_TEN_DEM>NGUYỄN CHÍ</HO_TEN_DEM>
        <TEN>THANH</TEN>
        <HO_VA_TEN>NGUYỄN CHÍ THANH</HO_VA_TEN>
        <NGAY_SINH>19901007</NGAY_SINH>
        <NOI_CT>Khu Phố 2,</NOI_CT>
        <NOI_CT_MA_DVHC>25585</NOI_CT_MA_DVHC>
        <NOI_CT_MA_DVQL>708</NOI_CT_MA_DVQL>
        <SO_CMT>072090007210</SO_CMT>
        <HO_VA_TEN_IN />
        <HO_SO>
          <SO_HO_SO>048</SO_HO_SO>
          <SO_GPLX_DA_CO>720083006433</SO_GPLX_DA_CO>
          <HANG_GPLX_DA_CO>A2</HANG_GPLX_DA_CO>
          <NAM_HOC_LAIXE></NAM_HOC_LAIXE>
          <SO_NAM_LAIXE>0</SO_NAM_LAIXE>
          <SO_KM_ANTOAN>0</SO_KM_ANTOAN>
          <GIAY_CNSK>1</GIAY_CNSK>
          <SO_GIAY_CNTN>055125</SO_GIAY_CNTN>
          <SO_CCN />
          <BC2_GHICHU></BC2_GHICHU>
          <NGAY_RA_QDTN>2024-04-22</NGAY_RA_QDTN>
        </HO_SO>
      </NGUOI_LX>
      <NGUOI_LX>
        <SO_TT>27</SO_TT>
        <MA_DK>79038-20231211153432540</MA_DK>
        <HO_TEN_DEM>PHẠM MINH</HO_TEN_DEM>
        <TEN>THÀNH</TEN>
        <HO_VA_TEN>PHẠM MINH THÀNH</HO_VA_TEN>
        <NGAY_SINH>19891127</NGAY_SINH>
        <NOI_CT>Ấp Trâm Vàng 2,</NOI_CT>
        <NOI_CT_MA_DVHC>25678</NOI_CT_MA_DVHC>
        <NOI_CT_MA_DVQL>710</NOI_CT_MA_DVQL>
        <SO_CMT>072089015224</SO_CMT>
        <HO_VA_TEN_IN />
        <HO_SO>
          <SO_HO_SO>056</SO_HO_SO>
          <SO_GPLX_DA_CO></SO_GPLX_DA_CO>
          <HANG_GPLX_DA_CO></HANG_GPLX_DA_CO>
          <NAM_HOC_LAIXE></NAM_HOC_LAIXE>
          <SO_NAM_LAIXE>0</SO_NAM_LAIXE>
          <SO_KM_ANTOAN>0</SO_KM_ANTOAN>
          <GIAY_CNSK>1</GIAY_CNSK>
          <SO_GIAY_CNTN>055126</SO_GIAY_CNTN>
          <SO_CCN />
          <BC2_GHICHU></BC2_GHICHU>
          <NGAY_RA_QDTN>2024-04-22</NGAY_RA_QDTN>
        </HO_SO>
      </NGUOI_LX>
      <NGUOI_LX>
        <SO_TT>28</SO_TT>
        <MA_DK>79038-20231211143139937</MA_DK>
        <HO_TEN_DEM>PHẠM NGỌC ANH</HO_TEN_DEM>
        <TEN>THƯ</TEN>
        <HO_VA_TEN>PHẠM NGỌC ANH THƯ</HO_VA_TEN>
        <NGAY_SINH>20050213</NGAY_SINH>
        <NOI_CT>Tổ 10, Bến Đình,</NOI_CT>
        <NOI_CT_MA_DVHC>27511</NOI_CT_MA_DVHC>
        <NOI_CT_MA_DVQL>783</NOI_CT_MA_DVQL>
        <SO_CMT>079305013382</SO_CMT>
        <HO_VA_TEN_IN />
        <HO_SO>
          <SO_HO_SO>016</SO_HO_SO>
          <SO_GPLX_DA_CO>791239537606</SO_GPLX_DA_CO>
          <HANG_GPLX_DA_CO>A1</HANG_GPLX_DA_CO>
          <NAM_HOC_LAIXE></NAM_HOC_LAIXE>
          <SO_NAM_LAIXE>0</SO_NAM_LAIXE>
          <SO_KM_ANTOAN>0</SO_KM_ANTOAN>
          <GIAY_CNSK>1</GIAY_CNSK>
          <SO_GIAY_CNTN>055129</SO_GIAY_CNTN>
          <SO_CCN />
          <BC2_GHICHU></BC2_GHICHU>
          <NGAY_RA_QDTN>2024-04-22</NGAY_RA_QDTN>
        </HO_SO>
      </NGUOI_LX>
      <NGUOI_LX>
        <SO_TT>29</SO_TT>
        <MA_DK>79038-20231211151036520</MA_DK>
        <HO_TEN_DEM>HUỲNH NGỌC GIA</HO_TEN_DEM>
        <TEN>THUẬN</TEN>
        <HO_VA_TEN>HUỲNH NGỌC GIA THUẬN</HO_VA_TEN>
        <NGAY_SINH>19830225</NGAY_SINH>
        <NOI_CT>39 Thân Nhân Trung,</NOI_CT>
        <NOI_CT_MA_DVHC>26974</NOI_CT_MA_DVHC>
        <NOI_CT_MA_DVQL>766</NOI_CT_MA_DVQL>
        <SO_CMT>051083000119</SO_CMT>
        <HO_VA_TEN_IN />
        <HO_SO>
          <SO_HO_SO>038</SO_HO_SO>
          <SO_GPLX_DA_CO></SO_GPLX_DA_CO>
          <HANG_GPLX_DA_CO></HANG_GPLX_DA_CO>
          <NAM_HOC_LAIXE></NAM_HOC_LAIXE>
          <SO_NAM_LAIXE>0</SO_NAM_LAIXE>
          <SO_KM_ANTOAN>0</SO_KM_ANTOAN>
          <GIAY_CNSK>1</GIAY_CNSK>
          <SO_GIAY_CNTN>055130</SO_GIAY_CNTN>
          <SO_CCN />
          <BC2_GHICHU></BC2_GHICHU>
          <NGAY_RA_QDTN>2024-04-22</NGAY_RA_QDTN>
        </HO_SO>
      </NGUOI_LX>
      <NGUOI_LX>
        <SO_TT>30</SO_TT>
        <MA_DK>79038-20231211144212583</MA_DK>
        <HO_TEN_DEM>NGUYỄN TRUNG</HO_TEN_DEM>
        <TEN>TÍN</TEN>
        <HO_VA_TEN>NGUYỄN TRUNG TÍN</HO_VA_TEN>
        <NGAY_SINH>20030918</NGAY_SINH>
        <NOI_CT>Số 8 Đường 81, Tổ 14, Ấp Đình,</NOI_CT>
        <NOI_CT_MA_DVHC>27553</NOI_CT_MA_DVHC>
        <NOI_CT_MA_DVQL>783</NOI_CT_MA_DVQL>
        <SO_CMT>079203009700</SO_CMT>
        <HO_VA_TEN_IN />
        <HO_SO>
          <SO_HO_SO>022</SO_HO_SO>
          <SO_GPLX_DA_CO>790211086198</SO_GPLX_DA_CO>
          <HANG_GPLX_DA_CO>A1</HANG_GPLX_DA_CO>
          <NAM_HOC_LAIXE></NAM_HOC_LAIXE>
          <SO_NAM_LAIXE>0</SO_NAM_LAIXE>
          <SO_KM_ANTOAN>0</SO_KM_ANTOAN>
          <GIAY_CNSK>1</GIAY_CNSK>
          <SO_GIAY_CNTN>055132</SO_GIAY_CNTN>
          <SO_CCN />
          <BC2_GHICHU></BC2_GHICHU>
          <NGAY_RA_QDTN>2024-04-22</NGAY_RA_QDTN>
        </HO_SO>
      </NGUOI_LX>
      <NGUOI_LX>
        <SO_TT>31</SO_TT>
        <MA_DK>79038-20231211143652773</MA_DK>
        <HO_TEN_DEM>LÊ DƯƠNG QUỐC</HO_TEN_DEM>
        <TEN>TOÀN</TEN>
        <HO_VA_TEN>LÊ DƯƠNG QUỐC TOÀN</HO_VA_TEN>
        <NGAY_SINH>20031231</NGAY_SINH>
        <NOI_CT>Tổ 7A, Ấp Mỹ Khánh B,</NOI_CT>
        <NOI_CT_MA_DVHC>27538</NOI_CT_MA_DVHC>
        <NOI_CT_MA_DVQL>783</NOI_CT_MA_DVQL>
        <SO_CMT>079203033149</SO_CMT>
        <HO_VA_TEN_IN />
        <HO_SO>
          <SO_HO_SO>019</SO_HO_SO>
          <SO_GPLX_DA_CO>790227156159</SO_GPLX_DA_CO>
          <HANG_GPLX_DA_CO>A1</HANG_GPLX_DA_CO>
          <NAM_HOC_LAIXE></NAM_HOC_LAIXE>
          <SO_NAM_LAIXE>0</SO_NAM_LAIXE>
          <SO_KM_ANTOAN>0</SO_KM_ANTOAN>
          <GIAY_CNSK>1</GIAY_CNSK>
          <SO_GIAY_CNTN>055133</SO_GIAY_CNTN>
          <SO_CCN />
          <BC2_GHICHU></BC2_GHICHU>
          <NGAY_RA_QDTN>2024-04-22</NGAY_RA_QDTN>
        </HO_SO>
      </NGUOI_LX>
      <NGUOI_LX>
        <SO_TT>32</SO_TT>
        <MA_DK>79038-20231211151844473</MA_DK>
        <HO_TEN_DEM>NGUYỄN THỊ THU</HO_TEN_DEM>
        <TEN>TRANG</TEN>
        <HO_VA_TEN>NGUYỄN THỊ THU TRANG</HO_VA_TEN>
        <NGAY_SINH>19870922</NGAY_SINH>
        <NOI_CT>190/23 Khu Phố 3,</NOI_CT>
        <NOI_CT_MA_DVHC>26782</NOI_CT_MA_DVHC>
        <NOI_CT_MA_DVQL>761</NOI_CT_MA_DVQL>
        <SO_CMT>038187031327</SO_CMT>
        <HO_VA_TEN_IN />
        <HO_SO>
          <SO_HO_SO>043</SO_HO_SO>
          <SO_GPLX_DA_CO></SO_GPLX_DA_CO>
          <HANG_GPLX_DA_CO></HANG_GPLX_DA_CO>
          <NAM_HOC_LAIXE></NAM_HOC_LAIXE>
          <SO_NAM_LAIXE>0</SO_NAM_LAIXE>
          <SO_KM_ANTOAN>0</SO_KM_ANTOAN>
          <GIAY_CNSK>1</GIAY_CNSK>
          <SO_GIAY_CNTN>055138</SO_GIAY_CNTN>
          <SO_CCN />
          <BC2_GHICHU></BC2_GHICHU>
          <NGAY_RA_QDTN>2024-04-22</NGAY_RA_QDTN>
        </HO_SO>
      </NGUOI_LX>
      <NGUOI_LX>
        <SO_TT>33</SO_TT>
        <MA_DK>79038-20231211142621443</MA_DK>
        <HO_TEN_DEM>LÊ MINH</HO_TEN_DEM>
        <TEN>TRUNG</TEN>
        <HO_VA_TEN>LÊ MINH TRUNG</HO_VA_TEN>
        <NGAY_SINH>20000311</NGAY_SINH>
        <NOI_CT>Ấp Đức Hạnh 2,</NOI_CT>
        <NOI_CT_MA_DVHC>27958</NOI_CT_MA_DVHC>
        <NOI_CT_MA_DVQL>802</NOI_CT_MA_DVQL>
        <SO_CMT>080200012803</SO_CMT>
        <HO_VA_TEN_IN />
        <HO_SO>
          <SO_HO_SO>013</SO_HO_SO>
          <SO_GPLX_DA_CO>790195111114</SO_GPLX_DA_CO>
          <HANG_GPLX_DA_CO>A1</HANG_GPLX_DA_CO>
          <NAM_HOC_LAIXE></NAM_HOC_LAIXE>
          <SO_NAM_LAIXE>0</SO_NAM_LAIXE>
          <SO_KM_ANTOAN>0</SO_KM_ANTOAN>
          <GIAY_CNSK>1</GIAY_CNSK>
          <SO_GIAY_CNTN>055139</SO_GIAY_CNTN>
          <SO_CCN />
          <BC2_GHICHU></BC2_GHICHU>
          <NGAY_RA_QDTN>2024-04-22</NGAY_RA_QDTN>
        </HO_SO>
      </NGUOI_LX>
      <NGUOI_LX>
        <SO_TT>34</SO_TT>
        <MA_DK>79038-20231219111920843</MA_DK>
        <HO_TEN_DEM>NHỮ HOÀNG</HO_TEN_DEM>
        <TEN>TUẤN</TEN>
        <HO_VA_TEN>NHỮ HOÀNG TUẤN</HO_VA_TEN>
        <NGAY_SINH>19971225</NGAY_SINH>
        <NOI_CT>Ấp Đồn Điền 1</NOI_CT>
        <NOI_CT_MA_DVHC>26239</NOI_CT_MA_DVHC>
        <NOI_CT_MA_DVQL>736</NOI_CT_MA_DVQL>
        <SO_CMT>075097005180</SO_CMT>
        <HO_VA_TEN_IN />
        <HO_SO>
          <SO_HO_SO>065</SO_HO_SO>
          <SO_GPLX_DA_CO>790182064809</SO_GPLX_DA_CO>
          <HANG_GPLX_DA_CO>A1</HANG_GPLX_DA_CO>
          <NAM_HOC_LAIXE></NAM_HOC_LAIXE>
          <SO_NAM_LAIXE>0</SO_NAM_LAIXE>
          <SO_KM_ANTOAN>0</SO_KM_ANTOAN>
          <GIAY_CNSK>1</GIAY_CNSK>
          <SO_GIAY_CNTN>055141</SO_GIAY_CNTN>
          <SO_CCN />
          <BC2_GHICHU></BC2_GHICHU>
          <NGAY_RA_QDTN>2024-04-22</NGAY_RA_QDTN>
        </HO_SO>
      </NGUOI_LX>
      <NGUOI_LX>
        <SO_TT>35</SO_TT>
        <MA_DK>79038-20231219111421157</MA_DK>
        <HO_TEN_DEM>NGUYỄN THANH</HO_TEN_DEM>
        <TEN>TÙNG</TEN>
        <HO_VA_TEN>NGUYỄN THANH TÙNG</HO_VA_TEN>
        <NGAY_SINH>20021105</NGAY_SINH>
        <NOI_CT>Ấp Cầu Ván</NOI_CT>
        <NOI_CT_MA_DVHC>26242</NOI_CT_MA_DVHC>
        <NOI_CT_MA_DVQL>736</NOI_CT_MA_DVQL>
        <SO_CMT>075202020518</SO_CMT>
        <HO_VA_TEN_IN />
        <HO_SO>
          <SO_HO_SO>063</SO_HO_SO>
          <SO_GPLX_DA_CO>750219009906</SO_GPLX_DA_CO>
          <HANG_GPLX_DA_CO>A1</HANG_GPLX_DA_CO>
          <NAM_HOC_LAIXE></NAM_HOC_LAIXE>
          <SO_NAM_LAIXE>0</SO_NAM_LAIXE>
          <SO_KM_ANTOAN>0</SO_KM_ANTOAN>
          <GIAY_CNSK>1</GIAY_CNSK>
          <SO_GIAY_CNTN>055142</SO_GIAY_CNTN>
          <SO_CCN />
          <BC2_GHICHU></BC2_GHICHU>
          <NGAY_RA_QDTN>2024-04-22</NGAY_RA_QDTN>
        </HO_SO>
      </NGUOI_LX>
      <NGUOI_LX>
        <SO_TT>36</SO_TT>
        <MA_DK>79038-20231211150716790</MA_DK>
        <HO_TEN_DEM>NGUYỄN TRẦN PHƯƠNG</HO_TEN_DEM>
        <TEN>VY</TEN>
        <HO_VA_TEN>NGUYỄN TRẦN PHƯƠNG VY</HO_VA_TEN>
        <NGAY_SINH>20030607</NGAY_SINH>
        <NOI_CT>Số 6, Hố Bò, Phú Lợi,</NOI_CT>
        <NOI_CT_MA_DVHC>27499</NOI_CT_MA_DVHC>
        <NOI_CT_MA_DVQL>783</NOI_CT_MA_DVQL>
        <SO_CMT>079303004714</SO_CMT>
        <HO_VA_TEN_IN />
        <HO_SO>
          <SO_HO_SO>035</SO_HO_SO>
          <SO_GPLX_DA_CO>791211054967</SO_GPLX_DA_CO>
          <HANG_GPLX_DA_CO>A1</HANG_GPLX_DA_CO>
          <NAM_HOC_LAIXE></NAM_HOC_LAIXE>
          <SO_NAM_LAIXE>0</SO_NAM_LAIXE>
          <SO_KM_ANTOAN>0</SO_KM_ANTOAN>
          <GIAY_CNSK>1</GIAY_CNSK>
          <SO_GIAY_CNTN>055144</SO_GIAY_CNTN>
          <SO_CCN />
          <BC2_GHICHU></BC2_GHICHU>
          <NGAY_RA_QDTN>2024-04-22</NGAY_RA_QDTN>
        </HO_SO>
      </NGUOI_LX>
      <NGUOI_LX>
        <SO_TT>37</SO_TT>
        <MA_DK>79038-20231211151939130</MA_DK>
        <HO_TEN_DEM>BÙI MINH</HO_TEN_DEM>
        <TEN>Ý</TEN>
        <HO_VA_TEN>BÙI MINH Ý</HO_VA_TEN>
        <NGAY_SINH>20050131</NGAY_SINH>
        <NOI_CT>134 Sơn Thuận,</NOI_CT>
        <NOI_CT_MA_DVHC>29014</NOI_CT_MA_DVHC>
        <NOI_CT_MA_DVQL>834</NOI_CT_MA_DVQL>
        <SO_CMT>083205008158</SO_CMT>
        <HO_VA_TEN_IN />
        <HO_SO>
          <SO_HO_SO>044</SO_HO_SO>
          <SO_GPLX_DA_CO></SO_GPLX_DA_CO>
          <HANG_GPLX_DA_CO></HANG_GPLX_DA_CO>
          <NAM_HOC_LAIXE></NAM_HOC_LAIXE>
          <SO_NAM_LAIXE>0</SO_NAM_LAIXE>
          <SO_KM_ANTOAN>0</SO_KM_ANTOAN>
          <GIAY_CNSK>1</GIAY_CNSK>
          <SO_GIAY_CNTN>055145</SO_GIAY_CNTN>
          <SO_CCN />
          <BC2_GHICHU></BC2_GHICHU>
          <NGAY_RA_QDTN>2024-04-22</NGAY_RA_QDTN>
        </HO_SO>
      </NGUOI_LX>
    </NGUOI_LXS>
  </DATA>
  <Signature xmlns="http://www.w3.org/2000/09/xmldsig#">
    <SignedInfo>
      <CanonicalizationMethod Algorithm="http://www.w3.org/TR/2001/REC-xml-c14n-20010315" />
      <SignatureMethod Algorithm="http://www.w3.org/2000/09/xmldsig#rsa-sha1" />
      <Reference URI="">
        <Transforms>
          <Transform Algorithm="http://www.w3.org/2000/09/xmldsig#enveloped-signature" />
        </Transforms>
        <DigestMethod Algorithm="http://www.w3.org/2000/09/xmldsig#sha1" />
        <DigestValue>ebegJVJmyiljXgOTvXYUq+L2eGw=</DigestValue>
      </Reference>
    </SignedInfo>
    <SignatureValue>IR0428YcKndwF7IIdOcibzYa3tFt95BuuXiNHNbQTz/ly6glsQTtQ7VgUnGbEWPlCpnHxCmwbYm5y8pYYENPUJ0iRh0yLHkGyl3l6cBSdEdk1U64rSmGzoISviwGPvSciCI9oaIrhyvq8lcA8ybJLl0EfYpOIytX01L2JQ83gm8=</SignatureValue>
  </Signature>
</BAO_CAO2>