﻿<?xml version="1.0" encoding="utf-8"?>
<BAO_CAO2>
  <HEADER>
    <MA_GIAO_DICH>ed7ef3b7-c1c2-4998-ad20-6d7b32b68666</MA_GIAO_DICH>
    <MA_DV_GUI>79038</MA_DV_GUI>
    <TEN_DV_GUI>Trung Tâm Giáo Dục Nghề Nghiệp Lái Xe Tiến Đạt</TEN_DV_GUI>
    <NGAY_GUI>2024-05-06 08:38:19</NGAY_GUI>
    <NGUOI_GUI>ADMIN</NGUOI_GUI>
    <TONG_SO_BAN_GHI>82</TONG_SO_BAN_GHI>
  </HEADER>
  <DATA>
    <BCII>
      <MA_BCII>3442B/TÐ-ÐT</MA_BCII>
      <MA_BCI>288/VR</MA_BCI>
      <MA_CSDT>79038</MA_CSDT>
      <SO_CV_BCII>3442B/TÐ-ÐT</SO_CV_BCII>
      <NGAY_CV_BCII>2024-04-27</NGAY_CV_BCII>
      <SO_THI_SINH>82</SO_THI_SINH>
    </BCII>
    <NGUOI_LXS>
      <NGUOI_LX>
        <SO_TT>1</SO_TT>
        <MA_DK>79038-20231124141705733</MA_DK>
        <HO_TEN_DEM>NGUYỄN KIM</HO_TEN_DEM>
        <TEN>CHÂU</TEN>
        <HO_VA_TEN>NGUYỄN KIM CHÂU</HO_VA_TEN>
        <NGAY_SINH>19780212</NGAY_SINH>
        <NOI_CT>Bình Quới</NOI_CT>
        <NOI_CT_MA_DVHC>28621</NOI_CT_MA_DVHC>
        <NOI_CT_MA_DVQL>822</NOI_CT_MA_DVQL>
        <SO_CMT>082078021921</SO_CMT>
        <HO_VA_TEN_IN />
        <HO_SO>
          <SO_HO_SO>001</SO_HO_SO>
          <SO_GPLX_DA_CO>820032016589</SO_GPLX_DA_CO>
          <HANG_GPLX_DA_CO>B2</HANG_GPLX_DA_CO>
          <NAM_HOC_LAIXE></NAM_HOC_LAIXE>
          <SO_NAM_LAIXE>6</SO_NAM_LAIXE>
          <SO_KM_ANTOAN>50000</SO_KM_ANTOAN>
          <GIAY_CNSK>1</GIAY_CNSK>
          <SO_GIAY_CNTN>000016</SO_GIAY_CNTN>
          <SO_CCN />
          <BC2_GHICHU></BC2_GHICHU>
          <NGAY_RA_QDTN>2024-01-14</NGAY_RA_QDTN>
        </HO_SO>
      </NGUOI_LX>
      <NGUOI_LX>
        <SO_TT>2</SO_TT>
        <MA_DK>79038-20220620144606510</MA_DK>
        <HO_TEN_DEM>NGÔ VĂN</HO_TEN_DEM>
        <TEN>CHIỂU</TEN>
        <HO_VA_TEN>NGÔ VĂN CHIỂU</HO_VA_TEN>
        <NGAY_SINH>19920106</NGAY_SINH>
        <NOI_CT>Thôn Đầng</NOI_CT>
        <NOI_CT_MA_DVHC>07504</NOI_CT_MA_DVHC>
        <NOI_CT_MA_DVQL>218</NOI_CT_MA_DVQL>
        <SO_CMT>024092014244</SO_CMT>
        <HO_VA_TEN_IN />
        <HO_SO>
          <SO_HO_SO>012</SO_HO_SO>
          <SO_GPLX_DA_CO></SO_GPLX_DA_CO>
          <HANG_GPLX_DA_CO></HANG_GPLX_DA_CO>
          <NAM_HOC_LAIXE></NAM_HOC_LAIXE>
          <SO_NAM_LAIXE>0</SO_NAM_LAIXE>
          <SO_KM_ANTOAN>0</SO_KM_ANTOAN>
          <GIAY_CNSK>1</GIAY_CNSK>
          <SO_GIAY_CNTN>047556</SO_GIAY_CNTN>
          <SO_CCN />
          <BC2_GHICHU></BC2_GHICHU>
          <NGAY_RA_QDTN>2022-12-14</NGAY_RA_QDTN>
        </HO_SO>
      </NGUOI_LX>
      <NGUOI_LX>
        <SO_TT>3</SO_TT>
        <MA_DK>79038-20220803083820570</MA_DK>
        <HO_TEN_DEM>NGUYỄN HUY</HO_TEN_DEM>
        <TEN>CƯỜNG</TEN>
        <HO_VA_TEN>NGUYỄN HUY CƯỜNG</HO_VA_TEN>
        <NGAY_SINH>19790912</NGAY_SINH>
        <NOI_CT>Xa Trạch 2</NOI_CT>
        <NOI_CT_MA_DVHC>25351</NOI_CT_MA_DVHC>
        <NOI_CT_MA_DVQL>694</NOI_CT_MA_DVQL>
        <SO_CMT>285667722</SO_CMT>
        <HO_VA_TEN_IN />
        <HO_SO>
          <SO_HO_SO>101</SO_HO_SO>
          <SO_GPLX_DA_CO></SO_GPLX_DA_CO>
          <HANG_GPLX_DA_CO></HANG_GPLX_DA_CO>
          <NAM_HOC_LAIXE></NAM_HOC_LAIXE>
          <SO_NAM_LAIXE>0</SO_NAM_LAIXE>
          <SO_KM_ANTOAN>0</SO_KM_ANTOAN>
          <GIAY_CNSK>1</GIAY_CNSK>
          <SO_GIAY_CNTN>048490</SO_GIAY_CNTN>
          <SO_CCN />
          <BC2_GHICHU></BC2_GHICHU>
          <NGAY_RA_QDTN>2023-02-04</NGAY_RA_QDTN>
        </HO_SO>
      </NGUOI_LX>
      <NGUOI_LX>
        <SO_TT>4</SO_TT>
        <MA_DK>79038-20220708164228047</MA_DK>
        <HO_TEN_DEM>NGUYỄN QUỐC</HO_TEN_DEM>
        <TEN>ĐẠT</TEN>
        <HO_VA_TEN>NGUYỄN QUỐC ĐẠT</HO_VA_TEN>
        <NGAY_SINH>19910916</NGAY_SINH>
        <NOI_CT>Tổ 11 Ấp Đông</NOI_CT>
        <NOI_CT_MA_DVHC>26572</NOI_CT_MA_DVHC>
        <NOI_CT_MA_DVQL>748</NOI_CT_MA_DVQL>
        <SO_CMT>077091003464</SO_CMT>
        <HO_VA_TEN_IN />
        <HO_SO>
          <SO_HO_SO>044</SO_HO_SO>
          <SO_GPLX_DA_CO></SO_GPLX_DA_CO>
          <HANG_GPLX_DA_CO></HANG_GPLX_DA_CO>
          <NAM_HOC_LAIXE></NAM_HOC_LAIXE>
          <SO_NAM_LAIXE>0</SO_NAM_LAIXE>
          <SO_KM_ANTOAN>0</SO_KM_ANTOAN>
          <GIAY_CNSK>1</GIAY_CNSK>
          <SO_GIAY_CNTN>049097</SO_GIAY_CNTN>
          <SO_CCN />
          <BC2_GHICHU></BC2_GHICHU>
          <NGAY_RA_QDTN>2023-03-25</NGAY_RA_QDTN>
        </HO_SO>
      </NGUOI_LX>
      <NGUOI_LX>
        <SO_TT>5</SO_TT>
        <MA_DK>79038-20220718084437917</MA_DK>
        <HO_TEN_DEM>TRẦN VĂN</HO_TEN_DEM>
        <TEN>ĐÈO</TEN>
        <HO_VA_TEN>TRẦN VĂN ĐÈO</HO_VA_TEN>
        <NGAY_SINH>19630101</NGAY_SINH>
        <NOI_CT>Ấp 2</NOI_CT>
        <NOI_CT_MA_DVHC>25666</NOI_CT_MA_DVHC>
        <NOI_CT_MA_DVQL>710</NOI_CT_MA_DVQL>
        <SO_CMT>072063001675</SO_CMT>
        <HO_VA_TEN_IN />
        <HO_SO>
          <SO_HO_SO>051</SO_HO_SO>
          <SO_GPLX_DA_CO></SO_GPLX_DA_CO>
          <HANG_GPLX_DA_CO></HANG_GPLX_DA_CO>
          <NAM_HOC_LAIXE></NAM_HOC_LAIXE>
          <SO_NAM_LAIXE>0</SO_NAM_LAIXE>
          <SO_KM_ANTOAN>0</SO_KM_ANTOAN>
          <GIAY_CNSK>1</GIAY_CNSK>
          <SO_GIAY_CNTN>048421</SO_GIAY_CNTN>
          <SO_CCN />
          <BC2_GHICHU></BC2_GHICHU>
          <NGAY_RA_QDTN>2023-02-04</NGAY_RA_QDTN>
        </HO_SO>
      </NGUOI_LX>
      <NGUOI_LX>
        <SO_TT>6</SO_TT>
        <MA_DK>79038-20221201162703840</MA_DK>
        <HO_TEN_DEM>LÊ MINH</HO_TEN_DEM>
        <TEN>ĐIỀN</TEN>
        <HO_VA_TEN>LÊ MINH ĐIỀN</HO_VA_TEN>
        <NGAY_SINH>19840101</NGAY_SINH>
        <NOI_CT>Ấp Minh Hòa</NOI_CT>
        <NOI_CT_MA_DVHC>31918</NOI_CT_MA_DVHC>
        <NOI_CT_MA_DVQL>961</NOI_CT_MA_DVQL>
        <SO_CMT>095084012872</SO_CMT>
        <HO_VA_TEN_IN />
        <HO_SO>
          <SO_HO_SO>013</SO_HO_SO>
          <SO_GPLX_DA_CO>910030018053</SO_GPLX_DA_CO>
          <HANG_GPLX_DA_CO>A1</HANG_GPLX_DA_CO>
          <NAM_HOC_LAIXE></NAM_HOC_LAIXE>
          <SO_NAM_LAIXE>0</SO_NAM_LAIXE>
          <SO_KM_ANTOAN>0</SO_KM_ANTOAN>
          <GIAY_CNSK>1</GIAY_CNSK>
          <SO_GIAY_CNTN>050308</SO_GIAY_CNTN>
          <SO_CCN />
          <BC2_GHICHU></BC2_GHICHU>
          <NGAY_RA_QDTN>2023-07-12</NGAY_RA_QDTN>
        </HO_SO>
      </NGUOI_LX>
      <NGUOI_LX>
        <SO_TT>7</SO_TT>
        <MA_DK>79038-20230801134257957</MA_DK>
        <HO_TEN_DEM>PHẠM NGUYỄN MINH</HO_TEN_DEM>
        <TEN>ĐIỀN</TEN>
        <HO_VA_TEN>PHẠM NGUYỄN MINH ĐIỀN</HO_VA_TEN>
        <NGAY_SINH>19870820</NGAY_SINH>
        <NOI_CT>Ấp Tam Hiệp</NOI_CT>
        <NOI_CT_MA_DVHC>26455</NOI_CT_MA_DVHC>
        <NOI_CT_MA_DVQL>741</NOI_CT_MA_DVQL>
        <SO_CMT>075087023361</SO_CMT>
        <HO_VA_TEN_IN />
        <HO_SO>
          <SO_HO_SO>028</SO_HO_SO>
          <SO_GPLX_DA_CO></SO_GPLX_DA_CO>
          <HANG_GPLX_DA_CO></HANG_GPLX_DA_CO>
          <NAM_HOC_LAIXE></NAM_HOC_LAIXE>
          <SO_NAM_LAIXE>0</SO_NAM_LAIXE>
          <SO_KM_ANTOAN>0</SO_KM_ANTOAN>
          <GIAY_CNSK>1</GIAY_CNSK>
          <SO_GIAY_CNTN>053796</SO_GIAY_CNTN>
          <SO_CCN />
          <BC2_GHICHU></BC2_GHICHU>
          <NGAY_RA_QDTN>2024-01-28</NGAY_RA_QDTN>
        </HO_SO>
      </NGUOI_LX>
      <NGUOI_LX>
        <SO_TT>8</SO_TT>
        <MA_DK>79038-20231130091316917</MA_DK>
        <HO_TEN_DEM>NGUYỄN VĂN</HO_TEN_DEM>
        <TEN>ĐÔNG</TEN>
        <HO_VA_TEN>NGUYỄN VĂN ĐÔNG</HO_VA_TEN>
        <NGAY_SINH>19871215</NGAY_SINH>
        <NOI_CT>Thôn Phú Xuân</NOI_CT>
        <NOI_CT_MA_DVHC>21682</NOI_CT_MA_DVHC>
        <NOI_CT_MA_DVQL>543</NOI_CT_MA_DVQL>
        <SO_CMT>052087014150</SO_CMT>
        <HO_VA_TEN_IN />
        <HO_SO>
          <SO_HO_SO>008</SO_HO_SO>
          <SO_GPLX_DA_CO>790188175820</SO_GPLX_DA_CO>
          <HANG_GPLX_DA_CO>B2</HANG_GPLX_DA_CO>
          <NAM_HOC_LAIXE></NAM_HOC_LAIXE>
          <SO_NAM_LAIXE>5</SO_NAM_LAIXE>
          <SO_KM_ANTOAN>50000</SO_KM_ANTOAN>
          <GIAY_CNSK>1</GIAY_CNSK>
          <SO_GIAY_CNTN>000018</SO_GIAY_CNTN>
          <SO_CCN />
          <BC2_GHICHU></BC2_GHICHU>
          <NGAY_RA_QDTN>2024-01-14</NGAY_RA_QDTN>
        </HO_SO>
      </NGUOI_LX>
      <NGUOI_LX>
        <SO_TT>9</SO_TT>
        <MA_DK>79038-20220725160830083</MA_DK>
        <HO_TEN_DEM>HỒNG NGỌC</HO_TEN_DEM>
        <TEN>ĐỨC</TEN>
        <HO_VA_TEN>HỒNG NGỌC ĐỨC</HO_VA_TEN>
        <NGAY_SINH>19971022</NGAY_SINH>
        <NOI_CT>Thanh An</NOI_CT>
        <NOI_CT_MA_DVHC>25615</NOI_CT_MA_DVHC>
        <NOI_CT_MA_DVQL>708</NOI_CT_MA_DVQL>
        <SO_CMT>072097008124</SO_CMT>
        <HO_VA_TEN_IN />
        <HO_SO>
          <SO_HO_SO>058</SO_HO_SO>
          <SO_GPLX_DA_CO>790170282761</SO_GPLX_DA_CO>
          <HANG_GPLX_DA_CO>A1</HANG_GPLX_DA_CO>
          <NAM_HOC_LAIXE></NAM_HOC_LAIXE>
          <SO_NAM_LAIXE>0</SO_NAM_LAIXE>
          <SO_KM_ANTOAN>0</SO_KM_ANTOAN>
          <GIAY_CNSK>1</GIAY_CNSK>
          <SO_GIAY_CNTN>048537</SO_GIAY_CNTN>
          <SO_CCN />
          <BC2_GHICHU></BC2_GHICHU>
          <NGAY_RA_QDTN>2023-02-04</NGAY_RA_QDTN>
        </HO_SO>
      </NGUOI_LX>
      <NGUOI_LX>
        <SO_TT>10</SO_TT>
        <MA_DK>79038-20220706101913763</MA_DK>
        <HO_TEN_DEM>ĐIỂU</HO_TEN_DEM>
        <TEN>DÙNG</TEN>
        <HO_VA_TEN>ĐIỂU DÙNG</HO_VA_TEN>
        <NGAY_SINH>19750101</NGAY_SINH>
        <NOI_CT>Thôn Bình Lợi</NOI_CT>
        <NOI_CT_MA_DVHC>25424</NOI_CT_MA_DVHC>
        <NOI_CT_MA_DVQL>696</NOI_CT_MA_DVQL>
        <SO_CMT>070075000662</SO_CMT>
        <HO_VA_TEN_IN />
        <HO_SO>
          <SO_HO_SO>095</SO_HO_SO>
          <SO_GPLX_DA_CO></SO_GPLX_DA_CO>
          <HANG_GPLX_DA_CO></HANG_GPLX_DA_CO>
          <NAM_HOC_LAIXE></NAM_HOC_LAIXE>
          <SO_NAM_LAIXE>0</SO_NAM_LAIXE>
          <SO_KM_ANTOAN>0</SO_KM_ANTOAN>
          <GIAY_CNSK>1</GIAY_CNSK>
          <SO_GIAY_CNTN>051507</SO_GIAY_CNTN>
          <SO_CCN />
          <BC2_GHICHU></BC2_GHICHU>
          <NGAY_RA_QDTN>2023-10-01</NGAY_RA_QDTN>
        </HO_SO>
      </NGUOI_LX>
      <NGUOI_LX>
        <SO_TT>11</SO_TT>
        <MA_DK>79038-20230627093357967</MA_DK>
        <HO_TEN_DEM>PHẠM HÙNG</HO_TEN_DEM>
        <TEN>DUY</TEN>
        <HO_VA_TEN>PHẠM HÙNG DUY</HO_VA_TEN>
        <NGAY_SINH>19990427</NGAY_SINH>
        <NOI_CT>KP. Cao Thượng</NOI_CT>
        <NOI_CT_MA_DVHC>15061</NOI_CT_MA_DVHC>
        <NOI_CT_MA_DVQL>389</NOI_CT_MA_DVQL>
        <SO_CMT>038099005347</SO_CMT>
        <HO_VA_TEN_IN />
        <HO_SO>
          <SO_HO_SO>033</SO_HO_SO>
          <SO_GPLX_DA_CO>790197294970</SO_GPLX_DA_CO>
          <HANG_GPLX_DA_CO>A1</HANG_GPLX_DA_CO>
          <NAM_HOC_LAIXE></NAM_HOC_LAIXE>
          <SO_NAM_LAIXE>0</SO_NAM_LAIXE>
          <SO_KM_ANTOAN>0</SO_KM_ANTOAN>
          <GIAY_CNSK>1</GIAY_CNSK>
          <SO_GIAY_CNTN>053263</SO_GIAY_CNTN>
          <SO_CCN />
          <BC2_GHICHU></BC2_GHICHU>
          <NGAY_RA_QDTN>2023-12-31</NGAY_RA_QDTN>
        </HO_SO>
      </NGUOI_LX>
      <NGUOI_LX>
        <SO_TT>12</SO_TT>
        <MA_DK>79038-20231229082833400</MA_DK>
        <HO_TEN_DEM>VŨ HOÀNG</HO_TEN_DEM>
        <TEN>DUY</TEN>
        <HO_VA_TEN>VŨ HOÀNG DUY</HO_VA_TEN>
        <NGAY_SINH>19900827</NGAY_SINH>
        <NOI_CT>Tổ 15</NOI_CT>
        <NOI_CT_MA_DVHC>25054</NOI_CT_MA_DVHC>
        <NOI_CT_MA_DVQL>680</NOI_CT_MA_DVQL>
        <SO_CMT>068090014864</SO_CMT>
        <HO_VA_TEN_IN />
        <HO_SO>
          <SO_HO_SO>006</SO_HO_SO>
          <SO_GPLX_DA_CO>750136028640</SO_GPLX_DA_CO>
          <HANG_GPLX_DA_CO>B2</HANG_GPLX_DA_CO>
          <NAM_HOC_LAIXE></NAM_HOC_LAIXE>
          <SO_NAM_LAIXE>10</SO_NAM_LAIXE>
          <SO_KM_ANTOAN>50000</SO_KM_ANTOAN>
          <GIAY_CNSK>1</GIAY_CNSK>
          <SO_GIAY_CNTN>000025</SO_GIAY_CNTN>
          <SO_CCN />
          <BC2_GHICHU></BC2_GHICHU>
          <NGAY_RA_QDTN>2024-02-15</NGAY_RA_QDTN>
        </HO_SO>
      </NGUOI_LX>
      <NGUOI_LX>
        <SO_TT>13</SO_TT>
        <MA_DK>79038-20220329162548920</MA_DK>
        <HO_TEN_DEM>LÊ VĂN</HO_TEN_DEM>
        <TEN>HÀO</TEN>
        <HO_VA_TEN>LÊ VĂN HÀO</HO_VA_TEN>
        <NGAY_SINH>19910414</NGAY_SINH>
        <NOI_CT>Ấp Thạnh Phú</NOI_CT>
        <NOI_CT_MA_DVHC>25498</NOI_CT_MA_DVHC>
        <NOI_CT_MA_DVQL>705</NOI_CT_MA_DVQL>
        <SO_CMT>072091011445</SO_CMT>
        <HO_VA_TEN_IN />
        <HO_SO>
          <SO_HO_SO>097</SO_HO_SO>
          <SO_GPLX_DA_CO></SO_GPLX_DA_CO>
          <HANG_GPLX_DA_CO></HANG_GPLX_DA_CO>
          <NAM_HOC_LAIXE></NAM_HOC_LAIXE>
          <SO_NAM_LAIXE>0</SO_NAM_LAIXE>
          <SO_KM_ANTOAN>0</SO_KM_ANTOAN>
          <GIAY_CNSK>1</GIAY_CNSK>
          <SO_GIAY_CNTN>046913</SO_GIAY_CNTN>
          <SO_CCN />
          <BC2_GHICHU></BC2_GHICHU>
          <NGAY_RA_QDTN>2022-10-21</NGAY_RA_QDTN>
        </HO_SO>
      </NGUOI_LX>
      <NGUOI_LX>
        <SO_TT>14</SO_TT>
        <MA_DK>79038-20220802162438060</MA_DK>
        <HO_TEN_DEM>CHÂU VĂN</HO_TEN_DEM>
        <TEN>HẢO</TEN>
        <HO_VA_TEN>CHÂU VĂN HẢO</HO_VA_TEN>
        <NGAY_SINH>19921007</NGAY_SINH>
        <NOI_CT>Chánh Long</NOI_CT>
        <NOI_CT_MA_DVHC>25924</NOI_CT_MA_DVHC>
        <NOI_CT_MA_DVQL>723</NOI_CT_MA_DVQL>
        <SO_CMT>281303972</SO_CMT>
        <HO_VA_TEN_IN />
        <HO_SO>
          <SO_HO_SO>089</SO_HO_SO>
          <SO_GPLX_DA_CO></SO_GPLX_DA_CO>
          <HANG_GPLX_DA_CO></HANG_GPLX_DA_CO>
          <NAM_HOC_LAIXE></NAM_HOC_LAIXE>
          <SO_NAM_LAIXE>0</SO_NAM_LAIXE>
          <SO_KM_ANTOAN>0</SO_KM_ANTOAN>
          <GIAY_CNSK>1</GIAY_CNSK>
          <SO_GIAY_CNTN>048542</SO_GIAY_CNTN>
          <SO_CCN />
          <BC2_GHICHU></BC2_GHICHU>
          <NGAY_RA_QDTN>2023-02-04</NGAY_RA_QDTN>
        </HO_SO>
      </NGUOI_LX>
      <NGUOI_LX>
        <SO_TT>15</SO_TT>
        <MA_DK>79038-20220913093123457</MA_DK>
        <HO_TEN_DEM>HOÀNG CÔNG</HO_TEN_DEM>
        <TEN>HẬU</TEN>
        <HO_VA_TEN>HOÀNG CÔNG HẬU</HO_VA_TEN>
        <NGAY_SINH>19950902</NGAY_SINH>
        <NOI_CT>Thôn Bình Trung</NOI_CT>
        <NOI_CT_MA_DVHC>25424</NOI_CT_MA_DVHC>
        <NOI_CT_MA_DVQL>696</NOI_CT_MA_DVQL>
        <SO_CMT>070095003033</SO_CMT>
        <HO_VA_TEN_IN />
        <HO_SO>
          <SO_HO_SO>010</SO_HO_SO>
          <SO_GPLX_DA_CO>790157226979</SO_GPLX_DA_CO>
          <HANG_GPLX_DA_CO>A1</HANG_GPLX_DA_CO>
          <NAM_HOC_LAIXE></NAM_HOC_LAIXE>
          <SO_NAM_LAIXE>0</SO_NAM_LAIXE>
          <SO_KM_ANTOAN>0</SO_KM_ANTOAN>
          <GIAY_CNSK>1</GIAY_CNSK>
          <SO_GIAY_CNTN>051537</SO_GIAY_CNTN>
          <SO_CCN />
          <BC2_GHICHU></BC2_GHICHU>
          <NGAY_RA_QDTN>2023-10-01</NGAY_RA_QDTN>
        </HO_SO>
      </NGUOI_LX>
      <NGUOI_LX>
        <SO_TT>16</SO_TT>
        <MA_DK>79038-20230830100640577</MA_DK>
        <HO_TEN_DEM>LÊ THÀNH</HO_TEN_DEM>
        <TEN>HẬU</TEN>
        <HO_VA_TEN>LÊ THÀNH HẬU</HO_VA_TEN>
        <NGAY_SINH>19961126</NGAY_SINH>
        <NOI_CT>Ấp Thạnh Nam</NOI_CT>
        <NOI_CT_MA_DVHC>25501</NOI_CT_MA_DVHC>
        <NOI_CT_MA_DVQL>705</NOI_CT_MA_DVQL>
        <SO_CMT>072096004857</SO_CMT>
        <HO_VA_TEN_IN />
        <HO_SO>
          <SO_HO_SO>008</SO_HO_SO>
          <SO_GPLX_DA_CO></SO_GPLX_DA_CO>
          <HANG_GPLX_DA_CO></HANG_GPLX_DA_CO>
          <NAM_HOC_LAIXE></NAM_HOC_LAIXE>
          <SO_NAM_LAIXE>0</SO_NAM_LAIXE>
          <SO_KM_ANTOAN>0</SO_KM_ANTOAN>
          <GIAY_CNSK>1</GIAY_CNSK>
          <SO_GIAY_CNTN>053991</SO_GIAY_CNTN>
          <SO_CCN />
          <BC2_GHICHU></BC2_GHICHU>
          <NGAY_RA_QDTN>2024-02-26</NGAY_RA_QDTN>
        </HO_SO>
      </NGUOI_LX>
      <NGUOI_LX>
        <SO_TT>17</SO_TT>
        <MA_DK>79038-20220725145738590</MA_DK>
        <HO_TEN_DEM>LÊ THANH</HO_TEN_DEM>
        <TEN>HIẾU</TEN>
        <HO_VA_TEN>LÊ THANH HIẾU</HO_VA_TEN>
        <NGAY_SINH>19880228</NGAY_SINH>
        <NOI_CT>T13, Ninh Hưng 2</NOI_CT>
        <NOI_CT_MA_DVHC>25570</NOI_CT_MA_DVHC>
        <NOI_CT_MA_DVQL>707</NOI_CT_MA_DVQL>
        <SO_CMT>072088015066</SO_CMT>
        <HO_VA_TEN_IN />
        <HO_SO>
          <SO_HO_SO>010</SO_HO_SO>
          <SO_GPLX_DA_CO></SO_GPLX_DA_CO>
          <HANG_GPLX_DA_CO></HANG_GPLX_DA_CO>
          <NAM_HOC_LAIXE></NAM_HOC_LAIXE>
          <SO_NAM_LAIXE>0</SO_NAM_LAIXE>
          <SO_KM_ANTOAN>0</SO_KM_ANTOAN>
          <GIAY_CNSK>1</GIAY_CNSK>
          <SO_GIAY_CNTN>049210</SO_GIAY_CNTN>
          <SO_CCN />
          <BC2_GHICHU></BC2_GHICHU>
          <NGAY_RA_QDTN>2023-04-29</NGAY_RA_QDTN>
        </HO_SO>
      </NGUOI_LX>
      <NGUOI_LX>
        <SO_TT>18</SO_TT>
        <MA_DK>79038-20230627100953270</MA_DK>
        <HO_TEN_DEM>LÊ TRUNG</HO_TEN_DEM>
        <TEN>HIẾU</TEN>
        <HO_VA_TEN>LÊ TRUNG HIẾU</HO_VA_TEN>
        <NGAY_SINH>20010404</NGAY_SINH>
        <NOI_CT>139/17 Gót Chàng, Ấp Xóm Bưng</NOI_CT>
        <NOI_CT_MA_DVHC>27511</NOI_CT_MA_DVHC>
        <NOI_CT_MA_DVQL>783</NOI_CT_MA_DVQL>
        <SO_CMT>079201029007</SO_CMT>
        <HO_VA_TEN_IN />
        <HO_SO>
          <SO_HO_SO>004</SO_HO_SO>
          <SO_GPLX_DA_CO></SO_GPLX_DA_CO>
          <HANG_GPLX_DA_CO></HANG_GPLX_DA_CO>
          <NAM_HOC_LAIXE></NAM_HOC_LAIXE>
          <SO_NAM_LAIXE>0</SO_NAM_LAIXE>
          <SO_KM_ANTOAN>0</SO_KM_ANTOAN>
          <GIAY_CNSK>1</GIAY_CNSK>
          <SO_GIAY_CNTN>053315</SO_GIAY_CNTN>
          <SO_CCN />
          <BC2_GHICHU></BC2_GHICHU>
          <NGAY_RA_QDTN>2023-12-31</NGAY_RA_QDTN>
        </HO_SO>
      </NGUOI_LX>
      <NGUOI_LX>
        <SO_TT>19</SO_TT>
        <MA_DK>79038-20230724101432713</MA_DK>
        <HO_TEN_DEM>PHẠM VĂN</HO_TEN_DEM>
        <TEN>HIẾU</TEN>
        <HO_VA_TEN>PHẠM VĂN HIẾU</HO_VA_TEN>
        <NGAY_SINH>19990525</NGAY_SINH>
        <NOI_CT>Tổ 11, Ấp 1</NOI_CT>
        <NOI_CT_MA_DVHC>29974</NOI_CT_MA_DVHC>
        <NOI_CT_MA_DVQL>870</NOI_CT_MA_DVQL>
        <SO_CMT>087099013365</SO_CMT>
        <HO_VA_TEN_IN />
        <HO_SO>
          <SO_HO_SO>011</SO_HO_SO>
          <SO_GPLX_DA_CO></SO_GPLX_DA_CO>
          <HANG_GPLX_DA_CO></HANG_GPLX_DA_CO>
          <NAM_HOC_LAIXE></NAM_HOC_LAIXE>
          <SO_NAM_LAIXE>0</SO_NAM_LAIXE>
          <SO_KM_ANTOAN>0</SO_KM_ANTOAN>
          <GIAY_CNSK>1</GIAY_CNSK>
          <SO_GIAY_CNTN>053800</SO_GIAY_CNTN>
          <SO_CCN />
          <BC2_GHICHU></BC2_GHICHU>
          <NGAY_RA_QDTN>2024-01-28</NGAY_RA_QDTN>
        </HO_SO>
      </NGUOI_LX>
      <NGUOI_LX>
        <SO_TT>20</SO_TT>
        <MA_DK>79038-20220330152752240</MA_DK>
        <HO_TEN_DEM>HUỲNH ĐỨC</HO_TEN_DEM>
        <TEN>HÒA</TEN>
        <HO_VA_TEN>HUỲNH ĐỨC HÒA</HO_VA_TEN>
        <NGAY_SINH>19840623</NGAY_SINH>
        <NOI_CT>Nội Ô</NOI_CT>
        <NOI_CT_MA_DVHC>31867</NOI_CT_MA_DVHC>
        <NOI_CT_MA_DVQL>957</NOI_CT_MA_DVQL>
        <SO_CMT>385290277</SO_CMT>
        <HO_VA_TEN_IN />
        <HO_SO>
          <SO_HO_SO>025</SO_HO_SO>
          <SO_GPLX_DA_CO></SO_GPLX_DA_CO>
          <HANG_GPLX_DA_CO></HANG_GPLX_DA_CO>
          <NAM_HOC_LAIXE></NAM_HOC_LAIXE>
          <SO_NAM_LAIXE>0</SO_NAM_LAIXE>
          <SO_KM_ANTOAN>0</SO_KM_ANTOAN>
          <GIAY_CNSK>1</GIAY_CNSK>
          <SO_GIAY_CNTN>046775</SO_GIAY_CNTN>
          <SO_CCN />
          <BC2_GHICHU></BC2_GHICHU>
          <NGAY_RA_QDTN>2022-10-21</NGAY_RA_QDTN>
        </HO_SO>
      </NGUOI_LX>
      <NGUOI_LX>
        <SO_TT>21</SO_TT>
        <MA_DK>79038-20220726141903350</MA_DK>
        <HO_TEN_DEM>HUỲNH VĂN</HO_TEN_DEM>
        <TEN>HOÀNG</TEN>
        <HO_VA_TEN>HUỲNH VĂN HOÀNG</HO_VA_TEN>
        <NGAY_SINH>19680101</NGAY_SINH>
        <NOI_CT></NOI_CT>
        <NOI_CT_MA_DVHC>22819</NOI_CT_MA_DVHC>
        <NOI_CT_MA_DVQL>585</NOI_CT_MA_DVQL>
        <SO_CMT>264423826</SO_CMT>
        <HO_VA_TEN_IN />
        <HO_SO>
          <SO_HO_SO>068</SO_HO_SO>
          <SO_GPLX_DA_CO></SO_GPLX_DA_CO>
          <HANG_GPLX_DA_CO></HANG_GPLX_DA_CO>
          <NAM_HOC_LAIXE></NAM_HOC_LAIXE>
          <SO_NAM_LAIXE>0</SO_NAM_LAIXE>
          <SO_KM_ANTOAN>0</SO_KM_ANTOAN>
          <GIAY_CNSK>1</GIAY_CNSK>
          <SO_GIAY_CNTN>053250</SO_GIAY_CNTN>
          <SO_CCN />
          <BC2_GHICHU></BC2_GHICHU>
          <NGAY_RA_QDTN>2023-12-31</NGAY_RA_QDTN>
        </HO_SO>
      </NGUOI_LX>
      <NGUOI_LX>
        <SO_TT>22</SO_TT>
        <MA_DK>79038-20220913105749540</MA_DK>
        <HO_TEN_DEM>LÝ</HO_TEN_DEM>
        <TEN>HƯƠL</TEN>
        <HO_VA_TEN>LÝ HƯƠL</HO_VA_TEN>
        <NGAY_SINH>19940101</NGAY_SINH>
        <NOI_CT>Trung Hòa</NOI_CT>
        <NOI_CT_MA_DVHC>31768</NOI_CT_MA_DVHC>
        <NOI_CT_MA_DVQL>949</NOI_CT_MA_DVQL>
        <SO_CMT>366040457</SO_CMT>
        <HO_VA_TEN_IN />
        <HO_SO>
          <SO_HO_SO>030</SO_HO_SO>
          <SO_GPLX_DA_CO>700179000536</SO_GPLX_DA_CO>
          <HANG_GPLX_DA_CO>A1</HANG_GPLX_DA_CO>
          <NAM_HOC_LAIXE></NAM_HOC_LAIXE>
          <SO_NAM_LAIXE>0</SO_NAM_LAIXE>
          <SO_KM_ANTOAN>0</SO_KM_ANTOAN>
          <GIAY_CNSK>1</GIAY_CNSK>
          <SO_GIAY_CNTN>049805</SO_GIAY_CNTN>
          <SO_CCN />
          <BC2_GHICHU></BC2_GHICHU>
          <NGAY_RA_QDTN>2023-05-20</NGAY_RA_QDTN>
        </HO_SO>
      </NGUOI_LX>
      <NGUOI_LX>
        <SO_TT>23</SO_TT>
        <MA_DK>79038-20220913135246257</MA_DK>
        <HO_TEN_DEM>ĐỖ VĂN</HO_TEN_DEM>
        <TEN>HƯỜNG</TEN>
        <HO_VA_TEN>ĐỖ VĂN HƯỜNG</HO_VA_TEN>
        <NGAY_SINH>19821008</NGAY_SINH>
        <NOI_CT>Thôn 2</NOI_CT>
        <NOI_CT_MA_DVHC>25420</NOI_CT_MA_DVHC>
        <NOI_CT_MA_DVQL>696</NOI_CT_MA_DVQL>
        <SO_CMT>019082002541</SO_CMT>
        <HO_VA_TEN_IN />
        <HO_SO>
          <SO_HO_SO>053</SO_HO_SO>
          <SO_GPLX_DA_CO>700044000418</SO_GPLX_DA_CO>
          <HANG_GPLX_DA_CO>A1</HANG_GPLX_DA_CO>
          <NAM_HOC_LAIXE></NAM_HOC_LAIXE>
          <SO_NAM_LAIXE>0</SO_NAM_LAIXE>
          <SO_KM_ANTOAN>0</SO_KM_ANTOAN>
          <GIAY_CNSK>1</GIAY_CNSK>
          <SO_GIAY_CNTN>051918</SO_GIAY_CNTN>
          <SO_CCN />
          <BC2_GHICHU></BC2_GHICHU>
          <NGAY_RA_QDTN>2023-10-29</NGAY_RA_QDTN>
        </HO_SO>
      </NGUOI_LX>
      <NGUOI_LX>
        <SO_TT>24</SO_TT>
        <MA_DK>79038-20231229083235830</MA_DK>
        <HO_TEN_DEM>NGUYỄN TIẾN</HO_TEN_DEM>
        <TEN>KHẢI</TEN>
        <HO_VA_TEN>NGUYỄN TIẾN KHẢI</HO_VA_TEN>
        <NGAY_SINH>20000831</NGAY_SINH>
        <NOI_CT>C5/180/1, Tổ 5, Ấp 3</NOI_CT>
        <NOI_CT_MA_DVHC>27607</NOI_CT_MA_DVHC>
        <NOI_CT_MA_DVQL>785</NOI_CT_MA_DVQL>
        <SO_CMT>079200010122</SO_CMT>
        <HO_VA_TEN_IN />
        <HO_SO>
          <SO_HO_SO>007</SO_HO_SO>
          <SO_GPLX_DA_CO>790200033259</SO_GPLX_DA_CO>
          <HANG_GPLX_DA_CO>B2</HANG_GPLX_DA_CO>
          <NAM_HOC_LAIXE></NAM_HOC_LAIXE>
          <SO_NAM_LAIXE>3</SO_NAM_LAIXE>
          <SO_KM_ANTOAN>50000</SO_KM_ANTOAN>
          <GIAY_CNSK>1</GIAY_CNSK>
          <SO_GIAY_CNTN>000026</SO_GIAY_CNTN>
          <SO_CCN />
          <BC2_GHICHU></BC2_GHICHU>
          <NGAY_RA_QDTN>2024-02-15</NGAY_RA_QDTN>
        </HO_SO>
      </NGUOI_LX>
      <NGUOI_LX>
        <SO_TT>25</SO_TT>
        <MA_DK>79038-20220706094145020</MA_DK>
        <HO_TEN_DEM>TRẦN THANH</HO_TEN_DEM>
        <TEN>LIÊM</TEN>
        <HO_VA_TEN>TRẦN THANH LIÊM</HO_VA_TEN>
        <NGAY_SINH>19830103</NGAY_SINH>
        <NOI_CT>Ấp Hóc Thơm 2</NOI_CT>
        <NOI_CT_MA_DVHC>27970</NOI_CT_MA_DVHC>
        <NOI_CT_MA_DVQL>802</NOI_CT_MA_DVQL>
        <SO_CMT>080083018958</SO_CMT>
        <HO_VA_TEN_IN />
        <HO_SO>
          <SO_HO_SO>066</SO_HO_SO>
          <SO_GPLX_DA_CO></SO_GPLX_DA_CO>
          <HANG_GPLX_DA_CO></HANG_GPLX_DA_CO>
          <NAM_HOC_LAIXE></NAM_HOC_LAIXE>
          <SO_NAM_LAIXE>0</SO_NAM_LAIXE>
          <SO_KM_ANTOAN>0</SO_KM_ANTOAN>
          <GIAY_CNSK>1</GIAY_CNSK>
          <SO_GIAY_CNTN>048227</SO_GIAY_CNTN>
          <SO_CCN />
          <BC2_GHICHU></BC2_GHICHU>
          <NGAY_RA_QDTN>2023-01-09</NGAY_RA_QDTN>
        </HO_SO>
      </NGUOI_LX>
      <NGUOI_LX>
        <SO_TT>26</SO_TT>
        <MA_DK>79038-20230714091327570</MA_DK>
        <HO_TEN_DEM>NGUYỄN VĂN</HO_TEN_DEM>
        <TEN>LINH</TEN>
        <HO_VA_TEN>NGUYỄN VĂN LINH</HO_VA_TEN>
        <NGAY_SINH>19940612</NGAY_SINH>
        <NOI_CT>Ấp Tân Tiến</NOI_CT>
        <NOI_CT_MA_DVHC>25489</NOI_CT_MA_DVHC>
        <NOI_CT_MA_DVQL>705</NOI_CT_MA_DVQL>
        <SO_CMT>072094008277</SO_CMT>
        <HO_VA_TEN_IN />
        <HO_SO>
          <SO_HO_SO>010</SO_HO_SO>
          <SO_GPLX_DA_CO>790153139297</SO_GPLX_DA_CO>
          <HANG_GPLX_DA_CO>A1</HANG_GPLX_DA_CO>
          <NAM_HOC_LAIXE></NAM_HOC_LAIXE>
          <SO_NAM_LAIXE>0</SO_NAM_LAIXE>
          <SO_KM_ANTOAN>0</SO_KM_ANTOAN>
          <GIAY_CNSK>1</GIAY_CNSK>
          <SO_GIAY_CNTN>053272</SO_GIAY_CNTN>
          <SO_CCN />
          <BC2_GHICHU></BC2_GHICHU>
          <NGAY_RA_QDTN>2023-12-31</NGAY_RA_QDTN>
        </HO_SO>
      </NGUOI_LX>
      <NGUOI_LX>
        <SO_TT>27</SO_TT>
        <MA_DK>79038-20220929141249363</MA_DK>
        <HO_TEN_DEM>LÊ PHƯỚC</HO_TEN_DEM>
        <TEN>LONG</TEN>
        <HO_VA_TEN>LÊ PHƯỚC LONG</HO_VA_TEN>
        <NGAY_SINH>19810101</NGAY_SINH>
        <NOI_CT>Khu Phố Chánh</NOI_CT>
        <NOI_CT_MA_DVHC>25723</NOI_CT_MA_DVHC>
        <NOI_CT_MA_DVQL>712</NOI_CT_MA_DVQL>
        <SO_CMT>072081005745</SO_CMT>
        <HO_VA_TEN_IN />
        <HO_SO>
          <SO_HO_SO>107</SO_HO_SO>
          <SO_GPLX_DA_CO></SO_GPLX_DA_CO>
          <HANG_GPLX_DA_CO></HANG_GPLX_DA_CO>
          <NAM_HOC_LAIXE></NAM_HOC_LAIXE>
          <SO_NAM_LAIXE>0</SO_NAM_LAIXE>
          <SO_KM_ANTOAN>0</SO_KM_ANTOAN>
          <GIAY_CNSK>1</GIAY_CNSK>
          <SO_GIAY_CNTN>051538</SO_GIAY_CNTN>
          <SO_CCN />
          <BC2_GHICHU></BC2_GHICHU>
          <NGAY_RA_QDTN>2023-10-01</NGAY_RA_QDTN>
        </HO_SO>
      </NGUOI_LX>
      <NGUOI_LX>
        <SO_TT>28</SO_TT>
        <MA_DK>79038-20220913133957190</MA_DK>
        <HO_TEN_DEM>KHỔNG TRỌNG</HO_TEN_DEM>
        <TEN>NAM</TEN>
        <HO_VA_TEN>KHỔNG TRỌNG NAM</HO_VA_TEN>
        <NGAY_SINH>19961210</NGAY_SINH>
        <NOI_CT>Thôn 2</NOI_CT>
        <NOI_CT_MA_DVHC>25420</NOI_CT_MA_DVHC>
        <NOI_CT_MA_DVQL>696</NOI_CT_MA_DVQL>
        <SO_CMT>285665234</SO_CMT>
        <HO_VA_TEN_IN />
        <HO_SO>
          <SO_HO_SO>050</SO_HO_SO>
          <SO_GPLX_DA_CO>700171004822</SO_GPLX_DA_CO>
          <HANG_GPLX_DA_CO>A1</HANG_GPLX_DA_CO>
          <NAM_HOC_LAIXE></NAM_HOC_LAIXE>
          <SO_NAM_LAIXE>0</SO_NAM_LAIXE>
          <SO_KM_ANTOAN>0</SO_KM_ANTOAN>
          <GIAY_CNSK>1</GIAY_CNSK>
          <SO_GIAY_CNTN>051921</SO_GIAY_CNTN>
          <SO_CCN />
          <BC2_GHICHU></BC2_GHICHU>
          <NGAY_RA_QDTN>2023-10-29</NGAY_RA_QDTN>
        </HO_SO>
      </NGUOI_LX>
      <NGUOI_LX>
        <SO_TT>29</SO_TT>
        <MA_DK>79038-20230805103323590</MA_DK>
        <HO_TEN_DEM>NGUYỄN HẢI</HO_TEN_DEM>
        <TEN>NAM</TEN>
        <HO_VA_TEN>NGUYỄN HẢI NAM</HO_VA_TEN>
        <NGAY_SINH>19901202</NGAY_SINH>
        <NOI_CT>Thôn Đồng Làng</NOI_CT>
        <NOI_CT_MA_DVHC>05419</NOI_CT_MA_DVHC>
        <NOI_CT_MA_DVQL>159</NOI_CT_MA_DVQL>
        <SO_CMT>017090003603</SO_CMT>
        <HO_VA_TEN_IN />
        <HO_SO>
          <SO_HO_SO>031</SO_HO_SO>
          <SO_GPLX_DA_CO>170140910250</SO_GPLX_DA_CO>
          <HANG_GPLX_DA_CO>A1</HANG_GPLX_DA_CO>
          <NAM_HOC_LAIXE></NAM_HOC_LAIXE>
          <SO_NAM_LAIXE>0</SO_NAM_LAIXE>
          <SO_KM_ANTOAN>0</SO_KM_ANTOAN>
          <GIAY_CNSK>1</GIAY_CNSK>
          <SO_GIAY_CNTN>053832</SO_GIAY_CNTN>
          <SO_CCN />
          <BC2_GHICHU></BC2_GHICHU>
          <NGAY_RA_QDTN>2024-01-28</NGAY_RA_QDTN>
        </HO_SO>
      </NGUOI_LX>
      <NGUOI_LX>
        <SO_TT>30</SO_TT>
        <MA_DK>79038-20220706135841323</MA_DK>
        <HO_TEN_DEM>LẠI VĂN</HO_TEN_DEM>
        <TEN>NĂM</TEN>
        <HO_VA_TEN>LẠI VĂN NĂM</HO_VA_TEN>
        <NGAY_SINH>19990910</NGAY_SINH>
        <NOI_CT>Tổ 2 Ba Đăng</NOI_CT>
        <NOI_CT_MA_DVHC>23245</NOI_CT_MA_DVHC>
        <NOI_CT_MA_DVQL>594</NOI_CT_MA_DVQL>
        <SO_CMT>060099010879</SO_CMT>
        <HO_VA_TEN_IN />
        <HO_SO>
          <SO_HO_SO>015</SO_HO_SO>
          <SO_GPLX_DA_CO></SO_GPLX_DA_CO>
          <HANG_GPLX_DA_CO></HANG_GPLX_DA_CO>
          <NAM_HOC_LAIXE></NAM_HOC_LAIXE>
          <SO_NAM_LAIXE>0</SO_NAM_LAIXE>
          <SO_KM_ANTOAN>0</SO_KM_ANTOAN>
          <GIAY_CNSK>1</GIAY_CNSK>
          <SO_GIAY_CNTN>048284</SO_GIAY_CNTN>
          <SO_CCN />
          <BC2_GHICHU></BC2_GHICHU>
          <NGAY_RA_QDTN>2023-01-09</NGAY_RA_QDTN>
        </HO_SO>
      </NGUOI_LX>
      <NGUOI_LX>
        <SO_TT>31</SO_TT>
        <MA_DK>79038-20230711152753130</MA_DK>
        <HO_TEN_DEM>TRẦN HỮU</HO_TEN_DEM>
        <TEN>NGHĨA</TEN>
        <HO_VA_TEN>TRẦN HỮU NGHĨA</HO_VA_TEN>
        <NGAY_SINH>19900101</NGAY_SINH>
        <NOI_CT>Ấp Sơn Trắng</NOI_CT>
        <NOI_CT_MA_DVHC>29299</NOI_CT_MA_DVHC>
        <NOI_CT_MA_DVQL>844</NOI_CT_MA_DVQL>
        <SO_CMT>087090022815</SO_CMT>
        <HO_VA_TEN_IN />
        <HO_SO>
          <SO_HO_SO>034</SO_HO_SO>
          <SO_GPLX_DA_CO>790174026444</SO_GPLX_DA_CO>
          <HANG_GPLX_DA_CO>A1</HANG_GPLX_DA_CO>
          <NAM_HOC_LAIXE></NAM_HOC_LAIXE>
          <SO_NAM_LAIXE>0</SO_NAM_LAIXE>
          <SO_KM_ANTOAN>0</SO_KM_ANTOAN>
          <GIAY_CNSK>1</GIAY_CNSK>
          <SO_GIAY_CNTN>053331</SO_GIAY_CNTN>
          <SO_CCN />
          <BC2_GHICHU></BC2_GHICHU>
          <NGAY_RA_QDTN>2023-12-31</NGAY_RA_QDTN>
        </HO_SO>
      </NGUOI_LX>
      <NGUOI_LX>
        <SO_TT>32</SO_TT>
        <MA_DK>79038-20220913111148857</MA_DK>
        <HO_TEN_DEM>VÕ VĂN</HO_TEN_DEM>
        <TEN>NGHĨA</TEN>
        <HO_VA_TEN>VÕ VĂN NGHĨA</HO_VA_TEN>
        <NGAY_SINH>19970101</NGAY_SINH>
        <NOI_CT>Tổ 3, Ấp Bến Đá</NOI_CT>
        <NOI_CT_MA_DVHC>30841</NOI_CT_MA_DVHC>
        <NOI_CT_MA_DVQL>903</NOI_CT_MA_DVQL>
        <SO_CMT>091097013788</SO_CMT>
        <HO_VA_TEN_IN />
        <HO_SO>
          <SO_HO_SO>037</SO_HO_SO>
          <SO_GPLX_DA_CO>910157003431</SO_GPLX_DA_CO>
          <HANG_GPLX_DA_CO>A1</HANG_GPLX_DA_CO>
          <NAM_HOC_LAIXE></NAM_HOC_LAIXE>
          <SO_NAM_LAIXE>0</SO_NAM_LAIXE>
          <SO_KM_ANTOAN>0</SO_KM_ANTOAN>
          <GIAY_CNSK>1</GIAY_CNSK>
          <SO_GIAY_CNTN>052836</SO_GIAY_CNTN>
          <SO_CCN />
          <BC2_GHICHU></BC2_GHICHU>
          <NGAY_RA_QDTN>2023-12-06</NGAY_RA_QDTN>
        </HO_SO>
      </NGUOI_LX>
      <NGUOI_LX>
        <SO_TT>33</SO_TT>
        <MA_DK>79038-20220909105931267</MA_DK>
        <HO_TEN_DEM>TRƯƠNG VĂN</HO_TEN_DEM>
        <TEN>NGHIỆP</TEN>
        <HO_VA_TEN>TRƯƠNG VĂN NGHIỆP</HO_VA_TEN>
        <NGAY_SINH>19820101</NGAY_SINH>
        <NOI_CT>Thôn Bàu Đỉa</NOI_CT>
        <NOI_CT_MA_DVHC>25250</NOI_CT_MA_DVHC>
        <NOI_CT_MA_DVQL>698</NOI_CT_MA_DVQL>
        <SO_CMT>070082000779</SO_CMT>
        <HO_VA_TEN_IN />
        <HO_SO>
          <SO_HO_SO>135</SO_HO_SO>
          <SO_GPLX_DA_CO></SO_GPLX_DA_CO>
          <HANG_GPLX_DA_CO></HANG_GPLX_DA_CO>
          <NAM_HOC_LAIXE></NAM_HOC_LAIXE>
          <SO_NAM_LAIXE>0</SO_NAM_LAIXE>
          <SO_KM_ANTOAN>0</SO_KM_ANTOAN>
          <GIAY_CNSK>1</GIAY_CNSK>
          <SO_GIAY_CNTN>053252</SO_GIAY_CNTN>
          <SO_CCN />
          <BC2_GHICHU></BC2_GHICHU>
          <NGAY_RA_QDTN>2023-12-31</NGAY_RA_QDTN>
        </HO_SO>
      </NGUOI_LX>
      <NGUOI_LX>
        <SO_TT>34</SO_TT>
        <MA_DK>79038-20230801112743630</MA_DK>
        <HO_TEN_DEM>HỒ HOÀNG</HO_TEN_DEM>
        <TEN>NHÂN</TEN>
        <HO_VA_TEN>HỒ HOÀNG NHÂN</HO_VA_TEN>
        <NGAY_SINH>19901213</NGAY_SINH>
        <NOI_CT>Ấp Vinh Xương</NOI_CT>
        <NOI_CT_MA_DVHC>29068</NOI_CT_MA_DVHC>
        <NOI_CT_MA_DVQL>835</NOI_CT_MA_DVQL>
        <SO_CMT>083090010736</SO_CMT>
        <HO_VA_TEN_IN />
        <HO_SO>
          <SO_HO_SO>022</SO_HO_SO>
          <SO_GPLX_DA_CO>790156126429</SO_GPLX_DA_CO>
          <HANG_GPLX_DA_CO>A1</HANG_GPLX_DA_CO>
          <NAM_HOC_LAIXE></NAM_HOC_LAIXE>
          <SO_NAM_LAIXE>0</SO_NAM_LAIXE>
          <SO_KM_ANTOAN>0</SO_KM_ANTOAN>
          <GIAY_CNSK>1</GIAY_CNSK>
          <SO_GIAY_CNTN>053833</SO_GIAY_CNTN>
          <SO_CCN />
          <BC2_GHICHU></BC2_GHICHU>
          <NGAY_RA_QDTN>2024-01-28</NGAY_RA_QDTN>
        </HO_SO>
      </NGUOI_LX>
      <NGUOI_LX>
        <SO_TT>35</SO_TT>
        <MA_DK>79038-20230603142922110</MA_DK>
        <HO_TEN_DEM>NGUYỄN HỮU</HO_TEN_DEM>
        <TEN>NHÂN</TEN>
        <HO_VA_TEN>NGUYỄN HỮU NHÂN</HO_VA_TEN>
        <NGAY_SINH>19931023</NGAY_SINH>
        <NOI_CT>107/13R Tôn Thất Đạm</NOI_CT>
        <NOI_CT_MA_DVHC>26740</NOI_CT_MA_DVHC>
        <NOI_CT_MA_DVQL>760</NOI_CT_MA_DVQL>
        <SO_CMT>079093003560</SO_CMT>
        <HO_VA_TEN_IN />
        <HO_SO>
          <SO_HO_SO>015</SO_HO_SO>
          <SO_GPLX_DA_CO></SO_GPLX_DA_CO>
          <HANG_GPLX_DA_CO></HANG_GPLX_DA_CO>
          <NAM_HOC_LAIXE></NAM_HOC_LAIXE>
          <SO_NAM_LAIXE>0</SO_NAM_LAIXE>
          <SO_KM_ANTOAN>0</SO_KM_ANTOAN>
          <GIAY_CNSK>1</GIAY_CNSK>
          <SO_GIAY_CNTN>052853</SO_GIAY_CNTN>
          <SO_CCN />
          <BC2_GHICHU></BC2_GHICHU>
          <NGAY_RA_QDTN>2023-12-06</NGAY_RA_QDTN>
        </HO_SO>
      </NGUOI_LX>
      <NGUOI_LX>
        <SO_TT>36</SO_TT>
        <MA_DK>79038-20220706151520597</MA_DK>
        <HO_TEN_DEM>TẠ THANH THIỆN</HO_TEN_DEM>
        <TEN>NHÂN</TEN>
        <HO_VA_TEN>TẠ THANH THIỆN NHÂN</HO_VA_TEN>
        <NGAY_SINH>19950806</NGAY_SINH>
        <NOI_CT>Khu Phố 1</NOI_CT>
        <NOI_CT_MA_DVHC>25486</NOI_CT_MA_DVHC>
        <NOI_CT_MA_DVQL>705</NOI_CT_MA_DVQL>
        <SO_CMT>072095002137</SO_CMT>
        <HO_VA_TEN_IN />
        <HO_SO>
          <SO_HO_SO>055</SO_HO_SO>
          <SO_GPLX_DA_CO>720132010684</SO_GPLX_DA_CO>
          <HANG_GPLX_DA_CO>A1</HANG_GPLX_DA_CO>
          <NAM_HOC_LAIXE></NAM_HOC_LAIXE>
          <SO_NAM_LAIXE>0</SO_NAM_LAIXE>
          <SO_KM_ANTOAN>0</SO_KM_ANTOAN>
          <GIAY_CNSK>1</GIAY_CNSK>
          <SO_GIAY_CNTN>048288</SO_GIAY_CNTN>
          <SO_CCN />
          <BC2_GHICHU></BC2_GHICHU>
          <NGAY_RA_QDTN>2023-01-09</NGAY_RA_QDTN>
        </HO_SO>
      </NGUOI_LX>
      <NGUOI_LX>
        <SO_TT>37</SO_TT>
        <MA_DK>79038-20220706153734600</MA_DK>
        <HO_TEN_DEM>NGUYỄN MINH</HO_TEN_DEM>
        <TEN>NHẬT</TEN>
        <HO_VA_TEN>NGUYỄN MINH NHẬT</HO_VA_TEN>
        <NGAY_SINH>19901010</NGAY_SINH>
        <NOI_CT>Ấp Định Phước</NOI_CT>
        <NOI_CT_MA_DVHC>25798</NOI_CT_MA_DVHC>
        <NOI_CT_MA_DVQL>720</NOI_CT_MA_DVQL>
        <SO_CMT>074090006911</SO_CMT>
        <HO_VA_TEN_IN />
        <HO_SO>
          <SO_HO_SO>067</SO_HO_SO>
          <SO_GPLX_DA_CO>790193026045</SO_GPLX_DA_CO>
          <HANG_GPLX_DA_CO>A1</HANG_GPLX_DA_CO>
          <NAM_HOC_LAIXE></NAM_HOC_LAIXE>
          <SO_NAM_LAIXE>0</SO_NAM_LAIXE>
          <SO_KM_ANTOAN>0</SO_KM_ANTOAN>
          <GIAY_CNSK>1</GIAY_CNSK>
          <SO_GIAY_CNTN>048289</SO_GIAY_CNTN>
          <SO_CCN />
          <BC2_GHICHU></BC2_GHICHU>
          <NGAY_RA_QDTN>2023-01-09</NGAY_RA_QDTN>
        </HO_SO>
      </NGUOI_LX>
      <NGUOI_LX>
        <SO_TT>38</SO_TT>
        <MA_DK>79038-20230724092926320</MA_DK>
        <HO_TEN_DEM>LÊ MINH</HO_TEN_DEM>
        <TEN>NHỞ</TEN>
        <HO_VA_TEN>LÊ MINH NHỞ</HO_VA_TEN>
        <NGAY_SINH>19860101</NGAY_SINH>
        <NOI_CT>Ấp Hậu Hoà</NOI_CT>
        <NOI_CT_MA_DVHC>27967</NOI_CT_MA_DVHC>
        <NOI_CT_MA_DVQL>802</NOI_CT_MA_DVQL>
        <SO_CMT>080086010590</SO_CMT>
        <HO_VA_TEN_IN />
        <HO_SO>
          <SO_HO_SO>003</SO_HO_SO>
          <SO_GPLX_DA_CO></SO_GPLX_DA_CO>
          <HANG_GPLX_DA_CO></HANG_GPLX_DA_CO>
          <NAM_HOC_LAIXE></NAM_HOC_LAIXE>
          <SO_NAM_LAIXE>0</SO_NAM_LAIXE>
          <SO_KM_ANTOAN>0</SO_KM_ANTOAN>
          <GIAY_CNSK>1</GIAY_CNSK>
          <SO_GIAY_CNTN>053807</SO_GIAY_CNTN>
          <SO_CCN />
          <BC2_GHICHU></BC2_GHICHU>
          <NGAY_RA_QDTN>2024-01-28</NGAY_RA_QDTN>
        </HO_SO>
      </NGUOI_LX>
      <NGUOI_LX>
        <SO_TT>39</SO_TT>
        <MA_DK>79038-20230703162248163</MA_DK>
        <HO_TEN_DEM>TRẦN ĐỨC MINH</HO_TEN_DEM>
        <TEN>NHỰT</TEN>
        <HO_VA_TEN>TRẦN ĐỨC MINH NHỰT</HO_VA_TEN>
        <NGAY_SINH>19921201</NGAY_SINH>
        <NOI_CT>Ấp Sơn Tân</NOI_CT>
        <NOI_CT_MA_DVHC>26587</NOI_CT_MA_DVHC>
        <NOI_CT_MA_DVQL>750</NOI_CT_MA_DVQL>
        <SO_CMT>077092003782</SO_CMT>
        <HO_VA_TEN_IN />
        <HO_SO>
          <SO_HO_SO>014</SO_HO_SO>
          <SO_GPLX_DA_CO></SO_GPLX_DA_CO>
          <HANG_GPLX_DA_CO></HANG_GPLX_DA_CO>
          <NAM_HOC_LAIXE></NAM_HOC_LAIXE>
          <SO_NAM_LAIXE>0</SO_NAM_LAIXE>
          <SO_KM_ANTOAN>0</SO_KM_ANTOAN>
          <GIAY_CNSK>1</GIAY_CNSK>
          <SO_GIAY_CNTN>053793</SO_GIAY_CNTN>
          <SO_CCN />
          <BC2_GHICHU></BC2_GHICHU>
          <NGAY_RA_QDTN>2024-01-28</NGAY_RA_QDTN>
        </HO_SO>
      </NGUOI_LX>
      <NGUOI_LX>
        <SO_TT>40</SO_TT>
        <MA_DK>79038-20181222-112228</MA_DK>
        <HO_TEN_DEM>TRẦN THANH</HO_TEN_DEM>
        <TEN>PHONG</TEN>
        <HO_VA_TEN>TRẦN THANH PHONG</HO_VA_TEN>
        <NGAY_SINH>19941007</NGAY_SINH>
        <NOI_CT>Thạnh Lợi</NOI_CT>
        <NOI_CT_MA_DVHC>28681</NOI_CT_MA_DVHC>
        <NOI_CT_MA_DVQL>823</NOI_CT_MA_DVQL>
        <SO_CMT>312213275</SO_CMT>
        <HO_VA_TEN_IN />
        <HO_SO>
          <SO_HO_SO>171</SO_HO_SO>
          <SO_GPLX_DA_CO>790152037686</SO_GPLX_DA_CO>
          <HANG_GPLX_DA_CO>A1</HANG_GPLX_DA_CO>
          <NAM_HOC_LAIXE></NAM_HOC_LAIXE>
          <SO_NAM_LAIXE>0</SO_NAM_LAIXE>
          <SO_KM_ANTOAN>0</SO_KM_ANTOAN>
          <GIAY_CNSK>1</GIAY_CNSK>
          <SO_GIAY_CNTN>030086</SO_GIAY_CNTN>
          <SO_CCN />
          <BC2_GHICHU></BC2_GHICHU>
          <NGAY_RA_QDTN>2019-05-14</NGAY_RA_QDTN>
        </HO_SO>
      </NGUOI_LX>
      <NGUOI_LX>
        <SO_TT>41</SO_TT>
        <MA_DK>79038-20201009151716157</MA_DK>
        <HO_TEN_DEM>LÊ THANH</HO_TEN_DEM>
        <TEN>PHÚC</TEN>
        <HO_VA_TEN>LÊ THANH PHÚC</HO_VA_TEN>
        <NGAY_SINH>19980126</NGAY_SINH>
        <NOI_CT>Ấp Nhựt Thạnh</NOI_CT>
        <NOI_CT_MA_DVHC>25937</NOI_CT_MA_DVHC>
        <NOI_CT_MA_DVQL>723</NOI_CT_MA_DVQL>
        <SO_CMT>281139440</SO_CMT>
        <HO_VA_TEN_IN />
        <HO_SO>
          <SO_HO_SO>082</SO_HO_SO>
          <SO_GPLX_DA_CO>740167010738</SO_GPLX_DA_CO>
          <HANG_GPLX_DA_CO>A1</HANG_GPLX_DA_CO>
          <NAM_HOC_LAIXE>2020</NAM_HOC_LAIXE>
          <SO_NAM_LAIXE>0</SO_NAM_LAIXE>
          <SO_KM_ANTOAN>0</SO_KM_ANTOAN>
          <GIAY_CNSK>1</GIAY_CNSK>
          <SO_GIAY_CNTN>040013</SO_GIAY_CNTN>
          <SO_CCN />
          <BC2_GHICHU />
          <NGAY_RA_QDTN>2021-11-04</NGAY_RA_QDTN>
        </HO_SO>
      </NGUOI_LX>
      <NGUOI_LX>
        <SO_TT>42</SO_TT>
        <MA_DK>79038-20220726143841630</MA_DK>
        <HO_TEN_DEM>TRẦN VĂN</HO_TEN_DEM>
        <TEN>PHÚC</TEN>
        <HO_VA_TEN>TRẦN VĂN PHÚC</HO_VA_TEN>
        <NGAY_SINH>19780101</NGAY_SINH>
        <NOI_CT>Ấp Hội Thạnh</NOI_CT>
        <NOI_CT_MA_DVHC>25525</NOI_CT_MA_DVHC>
        <NOI_CT_MA_DVQL>706</NOI_CT_MA_DVQL>
        <SO_CMT>290601728</SO_CMT>
        <HO_VA_TEN_IN />
        <HO_SO>
          <SO_HO_SO>078</SO_HO_SO>
          <SO_GPLX_DA_CO></SO_GPLX_DA_CO>
          <HANG_GPLX_DA_CO></HANG_GPLX_DA_CO>
          <NAM_HOC_LAIXE></NAM_HOC_LAIXE>
          <SO_NAM_LAIXE>0</SO_NAM_LAIXE>
          <SO_KM_ANTOAN>0</SO_KM_ANTOAN>
          <GIAY_CNSK>1</GIAY_CNSK>
          <SO_GIAY_CNTN>051149</SO_GIAY_CNTN>
          <SO_CCN />
          <BC2_GHICHU></BC2_GHICHU>
          <NGAY_RA_QDTN>2023-08-21</NGAY_RA_QDTN>
        </HO_SO>
      </NGUOI_LX>
      <NGUOI_LX>
        <SO_TT>43</SO_TT>
        <MA_DK>79038-20220725144742153</MA_DK>
        <HO_TEN_DEM>TRƯƠNG HỮU</HO_TEN_DEM>
        <TEN>PHÚC</TEN>
        <HO_VA_TEN>TRƯƠNG HỮU PHÚC</HO_VA_TEN>
        <NGAY_SINH>19850425</NGAY_SINH>
        <NOI_CT>Ô 4, Khu A</NOI_CT>
        <NOI_CT_MA_DVHC>27931</NOI_CT_MA_DVHC>
        <NOI_CT_MA_DVQL>802</NOI_CT_MA_DVQL>
        <SO_CMT>301165353</SO_CMT>
        <HO_VA_TEN_IN />
        <HO_SO>
          <SO_HO_SO>005</SO_HO_SO>
          <SO_GPLX_DA_CO>790153046641</SO_GPLX_DA_CO>
          <HANG_GPLX_DA_CO>A1</HANG_GPLX_DA_CO>
          <NAM_HOC_LAIXE></NAM_HOC_LAIXE>
          <SO_NAM_LAIXE>0</SO_NAM_LAIXE>
          <SO_KM_ANTOAN>0</SO_KM_ANTOAN>
          <GIAY_CNSK>1</GIAY_CNSK>
          <SO_GIAY_CNTN>049118</SO_GIAY_CNTN>
          <SO_CCN />
          <BC2_GHICHU></BC2_GHICHU>
          <NGAY_RA_QDTN>2023-03-25</NGAY_RA_QDTN>
        </HO_SO>
      </NGUOI_LX>
      <NGUOI_LX>
        <SO_TT>44</SO_TT>
        <MA_DK>79038-20230603143204283</MA_DK>
        <HO_TEN_DEM>LÂM HỮU</HO_TEN_DEM>
        <TEN>PHƯỚC</TEN>
        <HO_VA_TEN>LÂM HỮU PHƯỚC</HO_VA_TEN>
        <NGAY_SINH>19830101</NGAY_SINH>
        <NOI_CT>Ấp Bình Du B</NOI_CT>
        <NOI_CT_MA_DVHC>31630</NOI_CT_MA_DVHC>
        <NOI_CT_MA_DVQL>945</NOI_CT_MA_DVQL>
        <SO_CMT>094083012711</SO_CMT>
        <HO_VA_TEN_IN />
        <HO_SO>
          <SO_HO_SO>018</SO_HO_SO>
          <SO_GPLX_DA_CO></SO_GPLX_DA_CO>
          <HANG_GPLX_DA_CO></HANG_GPLX_DA_CO>
          <NAM_HOC_LAIXE></NAM_HOC_LAIXE>
          <SO_NAM_LAIXE>0</SO_NAM_LAIXE>
          <SO_KM_ANTOAN>0</SO_KM_ANTOAN>
          <GIAY_CNSK>1</GIAY_CNSK>
          <SO_GIAY_CNTN>052855</SO_GIAY_CNTN>
          <SO_CCN />
          <BC2_GHICHU></BC2_GHICHU>
          <NGAY_RA_QDTN>2023-12-06</NGAY_RA_QDTN>
        </HO_SO>
      </NGUOI_LX>
      <NGUOI_LX>
        <SO_TT>45</SO_TT>
        <MA_DK>79038-20231227134809337</MA_DK>
        <HO_TEN_DEM>LÊ TUẤN</HO_TEN_DEM>
        <TEN>PHƯƠNG</TEN>
        <HO_VA_TEN>LÊ TUẤN PHƯƠNG</HO_VA_TEN>
        <NGAY_SINH>19930729</NGAY_SINH>
        <NOI_CT>Thôn Bình Hoà</NOI_CT>
        <NOI_CT_MA_DVHC>22117</NOI_CT_MA_DVHC>
        <NOI_CT_MA_DVQL>559</NOI_CT_MA_DVQL>
        <SO_CMT>079093040832</SO_CMT>
        <HO_VA_TEN_IN />
        <HO_SO>
          <SO_HO_SO>001</SO_HO_SO>
          <SO_GPLX_DA_CO>790159254097</SO_GPLX_DA_CO>
          <HANG_GPLX_DA_CO>B2</HANG_GPLX_DA_CO>
          <NAM_HOC_LAIXE></NAM_HOC_LAIXE>
          <SO_NAM_LAIXE>6</SO_NAM_LAIXE>
          <SO_KM_ANTOAN>50000</SO_KM_ANTOAN>
          <GIAY_CNSK>1</GIAY_CNSK>
          <SO_GIAY_CNTN>000027</SO_GIAY_CNTN>
          <SO_CCN />
          <BC2_GHICHU></BC2_GHICHU>
          <NGAY_RA_QDTN>2024-02-15</NGAY_RA_QDTN>
        </HO_SO>
      </NGUOI_LX>
      <NGUOI_LX>
        <SO_TT>46</SO_TT>
        <MA_DK>79038-20220718160816200</MA_DK>
        <HO_TEN_DEM>NGUYỄN HOÀNG</HO_TEN_DEM>
        <TEN>QUÂN</TEN>
        <HO_VA_TEN>NGUYỄN HOÀNG QUÂN</HO_VA_TEN>
        <NGAY_SINH>19971018</NGAY_SINH>
        <NOI_CT>Quý Thành</NOI_CT>
        <NOI_CT_MA_DVHC>28477</NOI_CT_MA_DVHC>
        <NOI_CT_MA_DVQL>817</NOI_CT_MA_DVQL>
        <SO_CMT>312330569</SO_CMT>
        <HO_VA_TEN_IN />
        <HO_SO>
          <SO_HO_SO>052</SO_HO_SO>
          <SO_GPLX_DA_CO>820154009270</SO_GPLX_DA_CO>
          <HANG_GPLX_DA_CO>A1</HANG_GPLX_DA_CO>
          <NAM_HOC_LAIXE></NAM_HOC_LAIXE>
          <SO_NAM_LAIXE>0</SO_NAM_LAIXE>
          <SO_KM_ANTOAN>0</SO_KM_ANTOAN>
          <GIAY_CNSK>1</GIAY_CNSK>
          <SO_GIAY_CNTN>050685</SO_GIAY_CNTN>
          <SO_CCN />
          <BC2_GHICHU></BC2_GHICHU>
          <NGAY_RA_QDTN>2023-08-02</NGAY_RA_QDTN>
        </HO_SO>
      </NGUOI_LX>
      <NGUOI_LX>
        <SO_TT>47</SO_TT>
        <MA_DK>79038-20220726102225390</MA_DK>
        <HO_TEN_DEM>ĐỖ XUÂN</HO_TEN_DEM>
        <TEN>QUANG</TEN>
        <HO_VA_TEN>ĐỖ XUÂN QUANG</HO_VA_TEN>
        <NGAY_SINH>19720810</NGAY_SINH>
        <NOI_CT>Sông Xoài 5</NOI_CT>
        <NOI_CT_MA_DVHC>26602</NOI_CT_MA_DVHC>
        <NOI_CT_MA_DVQL>750</NOI_CT_MA_DVQL>
        <SO_CMT>273423192</SO_CMT>
        <HO_VA_TEN_IN />
        <HO_SO>
          <SO_HO_SO>038</SO_HO_SO>
          <SO_GPLX_DA_CO>770044002914</SO_GPLX_DA_CO>
          <HANG_GPLX_DA_CO>A1</HANG_GPLX_DA_CO>
          <NAM_HOC_LAIXE></NAM_HOC_LAIXE>
          <SO_NAM_LAIXE>0</SO_NAM_LAIXE>
          <SO_KM_ANTOAN>0</SO_KM_ANTOAN>
          <GIAY_CNSK>1</GIAY_CNSK>
          <SO_GIAY_CNTN>051525</SO_GIAY_CNTN>
          <SO_CCN />
          <BC2_GHICHU></BC2_GHICHU>
          <NGAY_RA_QDTN>2023-10-01</NGAY_RA_QDTN>
        </HO_SO>
      </NGUOI_LX>
      <NGUOI_LX>
        <SO_TT>48</SO_TT>
        <MA_DK>79038-20230830100153233</MA_DK>
        <HO_TEN_DEM>HUỲNH PHƯƠNG</HO_TEN_DEM>
        <TEN>QUANG</TEN>
        <HO_VA_TEN>HUỲNH PHƯƠNG QUANG</HO_VA_TEN>
        <NGAY_SINH>19850923</NGAY_SINH>
        <NOI_CT>Ấp Trâm Vàng 2</NOI_CT>
        <NOI_CT_MA_DVHC>25678</NOI_CT_MA_DVHC>
        <NOI_CT_MA_DVQL>710</NOI_CT_MA_DVQL>
        <SO_CMT>072085002205</SO_CMT>
        <HO_VA_TEN_IN />
        <HO_SO>
          <SO_HO_SO>006</SO_HO_SO>
          <SO_GPLX_DA_CO></SO_GPLX_DA_CO>
          <HANG_GPLX_DA_CO></HANG_GPLX_DA_CO>
          <NAM_HOC_LAIXE></NAM_HOC_LAIXE>
          <SO_NAM_LAIXE>0</SO_NAM_LAIXE>
          <SO_KM_ANTOAN>0</SO_KM_ANTOAN>
          <GIAY_CNSK>1</GIAY_CNSK>
          <SO_GIAY_CNTN>054675</SO_GIAY_CNTN>
          <SO_CCN />
          <BC2_GHICHU></BC2_GHICHU>
          <NGAY_RA_QDTN>2024-03-25</NGAY_RA_QDTN>
        </HO_SO>
      </NGUOI_LX>
      <NGUOI_LX>
        <SO_TT>49</SO_TT>
        <MA_DK>79038-20220718094039903</MA_DK>
        <HO_TEN_DEM>PHẠM DUY</HO_TEN_DEM>
        <TEN>QUANG</TEN>
        <HO_VA_TEN>PHẠM DUY QUANG</HO_VA_TEN>
        <NGAY_SINH>20001219</NGAY_SINH>
        <NOI_CT>Thanh Thọ 1</NOI_CT>
        <NOI_CT_MA_DVHC>26155</NOI_CT_MA_DVHC>
        <NOI_CT_MA_DVQL>734</NOI_CT_MA_DVQL>
        <SO_CMT>272811285</SO_CMT>
        <HO_VA_TEN_IN />
        <HO_SO>
          <SO_HO_SO>085</SO_HO_SO>
          <SO_GPLX_DA_CO>750204008444</SO_GPLX_DA_CO>
          <HANG_GPLX_DA_CO>A1</HANG_GPLX_DA_CO>
          <NAM_HOC_LAIXE></NAM_HOC_LAIXE>
          <SO_NAM_LAIXE>0</SO_NAM_LAIXE>
          <SO_KM_ANTOAN>0</SO_KM_ANTOAN>
          <GIAY_CNSK>1</GIAY_CNSK>
          <SO_GIAY_CNTN>048432</SO_GIAY_CNTN>
          <SO_CCN />
          <BC2_GHICHU></BC2_GHICHU>
          <NGAY_RA_QDTN>2023-02-04</NGAY_RA_QDTN>
        </HO_SO>
      </NGUOI_LX>
      <NGUOI_LX>
        <SO_TT>50</SO_TT>
        <MA_DK>79038-20230831100212017</MA_DK>
        <HO_TEN_DEM>TRẦN HOÀNG</HO_TEN_DEM>
        <TEN>QUÍ</TEN>
        <HO_VA_TEN>TRẦN HOÀNG QUÍ</HO_VA_TEN>
        <NGAY_SINH>19980428</NGAY_SINH>
        <NOI_CT>Khu Vực 3</NOI_CT>
        <NOI_CT_MA_DVHC>31321</NOI_CT_MA_DVHC>
        <NOI_CT_MA_DVQL>930</NOI_CT_MA_DVQL>
        <SO_CMT>093098002884</SO_CMT>
        <HO_VA_TEN_IN />
        <HO_SO>
          <SO_HO_SO>018</SO_HO_SO>
          <SO_GPLX_DA_CO></SO_GPLX_DA_CO>
          <HANG_GPLX_DA_CO></HANG_GPLX_DA_CO>
          <NAM_HOC_LAIXE></NAM_HOC_LAIXE>
          <SO_NAM_LAIXE>0</SO_NAM_LAIXE>
          <SO_KM_ANTOAN>0</SO_KM_ANTOAN>
          <GIAY_CNSK>1</GIAY_CNSK>
          <SO_GIAY_CNTN>054006</SO_GIAY_CNTN>
          <SO_CCN />
          <BC2_GHICHU></BC2_GHICHU>
          <NGAY_RA_QDTN>2024-02-26</NGAY_RA_QDTN>
        </HO_SO>
      </NGUOI_LX>
      <NGUOI_LX>
        <SO_TT>51</SO_TT>
        <MA_DK>79038-20220706093151920</MA_DK>
        <HO_TEN_DEM>PHẠM</HO_TEN_DEM>
        <TEN>QUÝ</TEN>
        <HO_VA_TEN>PHẠM QUÝ</HO_VA_TEN>
        <NGAY_SINH>19990424</NGAY_SINH>
        <NOI_CT>Thôn Hội An 1</NOI_CT>
        <NOI_CT_MA_DVHC>21442</NOI_CT_MA_DVHC>
        <NOI_CT_MA_DVQL>534</NOI_CT_MA_DVQL>
        <SO_CMT>051099000983</SO_CMT>
        <HO_VA_TEN_IN />
        <HO_SO>
          <SO_HO_SO>061</SO_HO_SO>
          <SO_GPLX_DA_CO></SO_GPLX_DA_CO>
          <HANG_GPLX_DA_CO></HANG_GPLX_DA_CO>
          <NAM_HOC_LAIXE></NAM_HOC_LAIXE>
          <SO_NAM_LAIXE>0</SO_NAM_LAIXE>
          <SO_KM_ANTOAN>0</SO_KM_ANTOAN>
          <GIAY_CNSK>1</GIAY_CNSK>
          <SO_GIAY_CNTN>048240</SO_GIAY_CNTN>
          <SO_CCN />
          <BC2_GHICHU></BC2_GHICHU>
          <NGAY_RA_QDTN>2023-01-09</NGAY_RA_QDTN>
        </HO_SO>
      </NGUOI_LX>
      <NGUOI_LX>
        <SO_TT>52</SO_TT>
        <MA_DK>79038-20230609114519637</MA_DK>
        <HO_TEN_DEM>PHAN THANH</HO_TEN_DEM>
        <TEN>QUÝ</TEN>
        <HO_VA_TEN>PHAN THANH QUÝ</HO_VA_TEN>
        <NGAY_SINH>20000830</NGAY_SINH>
        <NOI_CT>Ấp Trường</NOI_CT>
        <NOI_CT_MA_DVHC>25588</NOI_CT_MA_DVHC>
        <NOI_CT_MA_DVQL>708</NOI_CT_MA_DVQL>
        <SO_CMT>072200006244</SO_CMT>
        <HO_VA_TEN_IN />
        <HO_SO>
          <SO_HO_SO>022</SO_HO_SO>
          <SO_GPLX_DA_CO></SO_GPLX_DA_CO>
          <HANG_GPLX_DA_CO></HANG_GPLX_DA_CO>
          <NAM_HOC_LAIXE></NAM_HOC_LAIXE>
          <SO_NAM_LAIXE>0</SO_NAM_LAIXE>
          <SO_KM_ANTOAN>0</SO_KM_ANTOAN>
          <GIAY_CNSK>1</GIAY_CNSK>
          <SO_GIAY_CNTN>052878</SO_GIAY_CNTN>
          <SO_CCN />
          <BC2_GHICHU></BC2_GHICHU>
          <NGAY_RA_QDTN>2023-12-06</NGAY_RA_QDTN>
        </HO_SO>
      </NGUOI_LX>
      <NGUOI_LX>
        <SO_TT>53</SO_TT>
        <MA_DK>79038-20221007090140943</MA_DK>
        <HO_TEN_DEM>HỨA TRUNG</HO_TEN_DEM>
        <TEN>SƠN</TEN>
        <HO_VA_TEN>HỨA TRUNG SƠN</HO_VA_TEN>
        <NGAY_SINH>19850514</NGAY_SINH>
        <NOI_CT></NOI_CT>
        <NOI_CT_MA_DVHC>08005</NOI_CT_MA_DVHC>
        <NOI_CT_MA_DVQL>230</NOI_CT_MA_DVQL>
        <SO_CMT>131204252</SO_CMT>
        <HO_VA_TEN_IN />
        <HO_SO>
          <SO_HO_SO>091</SO_HO_SO>
          <SO_GPLX_DA_CO></SO_GPLX_DA_CO>
          <HANG_GPLX_DA_CO></HANG_GPLX_DA_CO>
          <NAM_HOC_LAIXE></NAM_HOC_LAIXE>
          <SO_NAM_LAIXE>0</SO_NAM_LAIXE>
          <SO_KM_ANTOAN>0</SO_KM_ANTOAN>
          <GIAY_CNSK>1</GIAY_CNSK>
          <SO_GIAY_CNTN>049649</SO_GIAY_CNTN>
          <SO_CCN />
          <BC2_GHICHU></BC2_GHICHU>
          <NGAY_RA_QDTN>2023-05-08</NGAY_RA_QDTN>
        </HO_SO>
      </NGUOI_LX>
      <NGUOI_LX>
        <SO_TT>54</SO_TT>
        <MA_DK>79038-20220913112354383</MA_DK>
        <HO_TEN_DEM>HUỲNH VĂN</HO_TEN_DEM>
        <TEN>SƯỜNG</TEN>
        <HO_VA_TEN>HUỲNH VĂN SƯỜNG</HO_VA_TEN>
        <NGAY_SINH>19700101</NGAY_SINH>
        <NOI_CT>Ấp Tân Thạnh</NOI_CT>
        <NOI_CT_MA_DVHC>25495</NOI_CT_MA_DVHC>
        <NOI_CT_MA_DVQL>705</NOI_CT_MA_DVQL>
        <SO_CMT>072070002425</SO_CMT>
        <HO_VA_TEN_IN />
        <HO_SO>
          <SO_HO_SO>045</SO_HO_SO>
          <SO_GPLX_DA_CO></SO_GPLX_DA_CO>
          <HANG_GPLX_DA_CO></HANG_GPLX_DA_CO>
          <NAM_HOC_LAIXE></NAM_HOC_LAIXE>
          <SO_NAM_LAIXE>0</SO_NAM_LAIXE>
          <SO_KM_ANTOAN>0</SO_KM_ANTOAN>
          <GIAY_CNSK>1</GIAY_CNSK>
          <SO_GIAY_CNTN>049280</SO_GIAY_CNTN>
          <SO_CCN />
          <BC2_GHICHU></BC2_GHICHU>
          <NGAY_RA_QDTN>2023-04-29</NGAY_RA_QDTN>
        </HO_SO>
      </NGUOI_LX>
      <NGUOI_LX>
        <SO_TT>55</SO_TT>
        <MA_DK>79038-20220706143459830</MA_DK>
        <HO_TEN_DEM>NGUYỄN VĂN</HO_TEN_DEM>
        <TEN>TÀI</TEN>
        <HO_VA_TEN>NGUYỄN VĂN TÀI</HO_VA_TEN>
        <NGAY_SINH>19910517</NGAY_SINH>
        <NOI_CT>Ấp Giồng Hổ</NOI_CT>
        <NOI_CT_MA_DVHC>29083</NOI_CT_MA_DVHC>
        <NOI_CT_MA_DVQL>835</NOI_CT_MA_DVQL>
        <SO_CMT>083091009140</SO_CMT>
        <HO_VA_TEN_IN />
        <HO_SO>
          <SO_HO_SO>036</SO_HO_SO>
          <SO_GPLX_DA_CO>830119004246</SO_GPLX_DA_CO>
          <HANG_GPLX_DA_CO>A1</HANG_GPLX_DA_CO>
          <NAM_HOC_LAIXE></NAM_HOC_LAIXE>
          <SO_NAM_LAIXE>0</SO_NAM_LAIXE>
          <SO_KM_ANTOAN>0</SO_KM_ANTOAN>
          <GIAY_CNSK>1</GIAY_CNSK>
          <SO_GIAY_CNTN>048305</SO_GIAY_CNTN>
          <SO_CCN />
          <BC2_GHICHU></BC2_GHICHU>
          <NGAY_RA_QDTN>2023-01-09</NGAY_RA_QDTN>
        </HO_SO>
      </NGUOI_LX>
      <NGUOI_LX>
        <SO_TT>56</SO_TT>
        <MA_DK>79038-20230724141557403</MA_DK>
        <HO_TEN_DEM>MAI DUY</HO_TEN_DEM>
        <TEN>TÂM</TEN>
        <HO_VA_TEN>MAI DUY TÂM</HO_VA_TEN>
        <NGAY_SINH>20001017</NGAY_SINH>
        <NOI_CT>Hoà Quới</NOI_CT>
        <NOI_CT_MA_DVHC>30277</NOI_CT_MA_DVHC>
        <NOI_CT_MA_DVQL>877</NOI_CT_MA_DVQL>
        <SO_CMT>087200017043</SO_CMT>
        <HO_VA_TEN_IN />
        <HO_SO>
          <SO_HO_SO>002</SO_HO_SO>
          <SO_GPLX_DA_CO>790200031710</SO_GPLX_DA_CO>
          <HANG_GPLX_DA_CO>A1</HANG_GPLX_DA_CO>
          <NAM_HOC_LAIXE></NAM_HOC_LAIXE>
          <SO_NAM_LAIXE>0</SO_NAM_LAIXE>
          <SO_KM_ANTOAN>0</SO_KM_ANTOAN>
          <GIAY_CNSK>1</GIAY_CNSK>
          <SO_GIAY_CNTN>053838</SO_GIAY_CNTN>
          <SO_CCN />
          <BC2_GHICHU></BC2_GHICHU>
          <NGAY_RA_QDTN>2024-01-28</NGAY_RA_QDTN>
        </HO_SO>
      </NGUOI_LX>
      <NGUOI_LX>
        <SO_TT>57</SO_TT>
        <MA_DK>79038-20221203092804170</MA_DK>
        <HO_TEN_DEM>NGUYỄN NGỌC</HO_TEN_DEM>
        <TEN>TÂN</TEN>
        <HO_VA_TEN>NGUYỄN NGỌC TÂN</HO_VA_TEN>
        <NGAY_SINH>19791005</NGAY_SINH>
        <NOI_CT>1028/6, ĐLBD</NOI_CT>
        <NOI_CT_MA_DVHC>25759</NOI_CT_MA_DVHC>
        <NOI_CT_MA_DVQL>718</NOI_CT_MA_DVQL>
        <SO_CMT>046079005762</SO_CMT>
        <HO_VA_TEN_IN />
        <HO_SO>
          <SO_HO_SO>026</SO_HO_SO>
          <SO_GPLX_DA_CO></SO_GPLX_DA_CO>
          <HANG_GPLX_DA_CO></HANG_GPLX_DA_CO>
          <NAM_HOC_LAIXE></NAM_HOC_LAIXE>
          <SO_NAM_LAIXE>0</SO_NAM_LAIXE>
          <SO_KM_ANTOAN>0</SO_KM_ANTOAN>
          <GIAY_CNSK>1</GIAY_CNSK>
          <SO_GIAY_CNTN>050328</SO_GIAY_CNTN>
          <SO_CCN />
          <BC2_GHICHU></BC2_GHICHU>
          <NGAY_RA_QDTN>2023-07-12</NGAY_RA_QDTN>
        </HO_SO>
      </NGUOI_LX>
      <NGUOI_LX>
        <SO_TT>58</SO_TT>
        <MA_DK>79038-20220706143713243</MA_DK>
        <HO_TEN_DEM>NGUYỄN THANH</HO_TEN_DEM>
        <TEN>TÂN</TEN>
        <HO_VA_TEN>NGUYỄN THANH TÂN</HO_VA_TEN>
        <NGAY_SINH>19750101</NGAY_SINH>
        <NOI_CT>Ninh An</NOI_CT>
        <NOI_CT_MA_DVHC>25567</NOI_CT_MA_DVHC>
        <NOI_CT_MA_DVQL>707</NOI_CT_MA_DVQL>
        <SO_CMT>072075000035</SO_CMT>
        <HO_VA_TEN_IN />
        <HO_SO>
          <SO_HO_SO>038</SO_HO_SO>
          <SO_GPLX_DA_CO>720070007368</SO_GPLX_DA_CO>
          <HANG_GPLX_DA_CO>A1</HANG_GPLX_DA_CO>
          <NAM_HOC_LAIXE></NAM_HOC_LAIXE>
          <SO_NAM_LAIXE>0</SO_NAM_LAIXE>
          <SO_KM_ANTOAN>0</SO_KM_ANTOAN>
          <GIAY_CNSK>1</GIAY_CNSK>
          <SO_GIAY_CNTN>051516</SO_GIAY_CNTN>
          <SO_CCN />
          <BC2_GHICHU></BC2_GHICHU>
          <NGAY_RA_QDTN>2023-10-01</NGAY_RA_QDTN>
        </HO_SO>
      </NGUOI_LX>
      <NGUOI_LX>
        <SO_TT>59</SO_TT>
        <MA_DK>79038-20231007110050273</MA_DK>
        <HO_TEN_DEM>LÊ TRUNG</HO_TEN_DEM>
        <TEN>TẤN</TEN>
        <HO_VA_TEN>LÊ TRUNG TẤN</HO_VA_TEN>
        <NGAY_SINH>20001110</NGAY_SINH>
        <NOI_CT>Đường 17A, KP 6</NOI_CT>
        <NOI_CT_MA_DVHC>27496</NOI_CT_MA_DVHC>
        <NOI_CT_MA_DVQL>783</NOI_CT_MA_DVQL>
        <SO_CMT>079200037403</SO_CMT>
        <HO_VA_TEN_IN />
        <HO_SO>
          <SO_HO_SO>006</SO_HO_SO>
          <SO_GPLX_DA_CO>790201013883</SO_GPLX_DA_CO>
          <HANG_GPLX_DA_CO>B2</HANG_GPLX_DA_CO>
          <NAM_HOC_LAIXE></NAM_HOC_LAIXE>
          <SO_NAM_LAIXE>3</SO_NAM_LAIXE>
          <SO_KM_ANTOAN>50000</SO_KM_ANTOAN>
          <GIAY_CNSK>1</GIAY_CNSK>
          <SO_GIAY_CNTN>000012</SO_GIAY_CNTN>
          <SO_CCN />
          <BC2_GHICHU></BC2_GHICHU>
          <NGAY_RA_QDTN>2023-12-06</NGAY_RA_QDTN>
        </HO_SO>
      </NGUOI_LX>
      <NGUOI_LX>
        <SO_TT>60</SO_TT>
        <MA_DK>79038-20220706152039817</MA_DK>
        <HO_TEN_DEM>PHAN THÀNH</HO_TEN_DEM>
        <TEN>THÁI</TEN>
        <HO_VA_TEN>PHAN THÀNH THÁI</HO_VA_TEN>
        <NGAY_SINH>19821216</NGAY_SINH>
        <NOI_CT>216/TK</NOI_CT>
        <NOI_CT_MA_DVHC>29155</NOI_CT_MA_DVHC>
        <NOI_CT_MA_DVQL>836</NOI_CT_MA_DVQL>
        <SO_CMT>321085886</SO_CMT>
        <HO_VA_TEN_IN />
        <HO_SO>
          <SO_HO_SO>058</SO_HO_SO>
          <SO_GPLX_DA_CO></SO_GPLX_DA_CO>
          <HANG_GPLX_DA_CO></HANG_GPLX_DA_CO>
          <NAM_HOC_LAIXE></NAM_HOC_LAIXE>
          <SO_NAM_LAIXE>0</SO_NAM_LAIXE>
          <SO_KM_ANTOAN>0</SO_KM_ANTOAN>
          <GIAY_CNSK>1</GIAY_CNSK>
          <SO_GIAY_CNTN>048306</SO_GIAY_CNTN>
          <SO_CCN />
          <BC2_GHICHU></BC2_GHICHU>
          <NGAY_RA_QDTN>2023-01-09</NGAY_RA_QDTN>
        </HO_SO>
      </NGUOI_LX>
      <NGUOI_LX>
        <SO_TT>61</SO_TT>
        <MA_DK>79038-20230801133929100</MA_DK>
        <HO_TEN_DEM>NGUYỄN TRỌNG ĐỨC</HO_TEN_DEM>
        <TEN>THẮNG</TEN>
        <HO_VA_TEN>NGUYỄN TRỌNG ĐỨC THẮNG</HO_VA_TEN>
        <NGAY_SINH>20020209</NGAY_SINH>
        <NOI_CT>Ấp Suối Nhát</NOI_CT>
        <NOI_CT_MA_DVHC>26359</NOI_CT_MA_DVHC>
        <NOI_CT_MA_DVQL>739</NOI_CT_MA_DVQL>
        <SO_CMT>075202008569</SO_CMT>
        <HO_VA_TEN_IN />
        <HO_SO>
          <SO_HO_SO>025</SO_HO_SO>
          <SO_GPLX_DA_CO>790221080274</SO_GPLX_DA_CO>
          <HANG_GPLX_DA_CO>A1</HANG_GPLX_DA_CO>
          <NAM_HOC_LAIXE></NAM_HOC_LAIXE>
          <SO_NAM_LAIXE>0</SO_NAM_LAIXE>
          <SO_KM_ANTOAN>0</SO_KM_ANTOAN>
          <GIAY_CNSK>1</GIAY_CNSK>
          <SO_GIAY_CNTN>053813</SO_GIAY_CNTN>
          <SO_CCN />
          <BC2_GHICHU></BC2_GHICHU>
          <NGAY_RA_QDTN>2024-01-28</NGAY_RA_QDTN>
        </HO_SO>
      </NGUOI_LX>
      <NGUOI_LX>
        <SO_TT>62</SO_TT>
        <MA_DK>79038-20230830100502670</MA_DK>
        <HO_TEN_DEM>LÊ KIM</HO_TEN_DEM>
        <TEN>THANH</TEN>
        <HO_VA_TEN>LÊ KIM THANH</HO_VA_TEN>
        <NGAY_SINH>19910327</NGAY_SINH>
        <NOI_CT>Ấp 2</NOI_CT>
        <NOI_CT_MA_DVHC>27925</NOI_CT_MA_DVHC>
        <NOI_CT_MA_DVQL>801</NOI_CT_MA_DVQL>
        <SO_CMT>080091009320</SO_CMT>
        <HO_VA_TEN_IN />
        <HO_SO>
          <SO_HO_SO>007</SO_HO_SO>
          <SO_GPLX_DA_CO>790194115885</SO_GPLX_DA_CO>
          <HANG_GPLX_DA_CO>A1</HANG_GPLX_DA_CO>
          <NAM_HOC_LAIXE></NAM_HOC_LAIXE>
          <SO_NAM_LAIXE>0</SO_NAM_LAIXE>
          <SO_KM_ANTOAN>0</SO_KM_ANTOAN>
          <GIAY_CNSK>1</GIAY_CNSK>
          <SO_GIAY_CNTN>054009</SO_GIAY_CNTN>
          <SO_CCN />
          <BC2_GHICHU></BC2_GHICHU>
          <NGAY_RA_QDTN>2024-02-26</NGAY_RA_QDTN>
        </HO_SO>
      </NGUOI_LX>
      <NGUOI_LX>
        <SO_TT>63</SO_TT>
        <MA_DK>79038-20230711153717057</MA_DK>
        <HO_TEN_DEM>LÊ THỜI</HO_TEN_DEM>
        <TEN>THẾ</TEN>
        <HO_VA_TEN>LÊ THỜI THẾ</HO_VA_TEN>
        <NGAY_SINH>19870930</NGAY_SINH>
        <NOI_CT>Nguyên Hạnh</NOI_CT>
        <NOI_CT_MA_DVHC>16396</NOI_CT_MA_DVHC>
        <NOI_CT_MA_DVQL>380</NOI_CT_MA_DVQL>
        <SO_CMT>038087030657</SO_CMT>
        <HO_VA_TEN_IN />
        <HO_SO>
          <SO_HO_SO>042</SO_HO_SO>
          <SO_GPLX_DA_CO></SO_GPLX_DA_CO>
          <HANG_GPLX_DA_CO></HANG_GPLX_DA_CO>
          <NAM_HOC_LAIXE></NAM_HOC_LAIXE>
          <SO_NAM_LAIXE>0</SO_NAM_LAIXE>
          <SO_KM_ANTOAN>0</SO_KM_ANTOAN>
          <GIAY_CNSK>1</GIAY_CNSK>
          <SO_GIAY_CNTN>053341</SO_GIAY_CNTN>
          <SO_CCN />
          <BC2_GHICHU></BC2_GHICHU>
          <NGAY_RA_QDTN>2023-12-31</NGAY_RA_QDTN>
        </HO_SO>
      </NGUOI_LX>
      <NGUOI_LX>
        <SO_TT>64</SO_TT>
        <MA_DK>79038-20230801135040767</MA_DK>
        <HO_TEN_DEM>ĐỖ NGỌC</HO_TEN_DEM>
        <TEN>THIỆN</TEN>
        <HO_VA_TEN>ĐỖ NGỌC THIỆN</HO_VA_TEN>
        <NGAY_SINH>20000622</NGAY_SINH>
        <NOI_CT>Ấp Phú Vinh</NOI_CT>
        <NOI_CT_MA_DVHC>26647</NOI_CT_MA_DVHC>
        <NOI_CT_MA_DVQL>751</NOI_CT_MA_DVQL>
        <SO_CMT>077200002833</SO_CMT>
        <HO_VA_TEN_IN />
        <HO_SO>
          <SO_HO_SO>032</SO_HO_SO>
          <SO_GPLX_DA_CO>790193109458</SO_GPLX_DA_CO>
          <HANG_GPLX_DA_CO>A1</HANG_GPLX_DA_CO>
          <NAM_HOC_LAIXE></NAM_HOC_LAIXE>
          <SO_NAM_LAIXE>0</SO_NAM_LAIXE>
          <SO_KM_ANTOAN>0</SO_KM_ANTOAN>
          <GIAY_CNSK>1</GIAY_CNSK>
          <SO_GIAY_CNTN>053815</SO_GIAY_CNTN>
          <SO_CCN />
          <BC2_GHICHU></BC2_GHICHU>
          <NGAY_RA_QDTN>2024-01-28</NGAY_RA_QDTN>
        </HO_SO>
      </NGUOI_LX>
      <NGUOI_LX>
        <SO_TT>65</SO_TT>
        <MA_DK>79038-20220718085043647</MA_DK>
        <HO_TEN_DEM>NGUYỄN HỮU</HO_TEN_DEM>
        <TEN>THỊNH</TEN>
        <HO_VA_TEN>NGUYỄN HỮU THỊNH</HO_VA_TEN>
        <NGAY_SINH>20000918</NGAY_SINH>
        <NOI_CT>Tổ 6, Ấp Xóm Bưng</NOI_CT>
        <NOI_CT_MA_DVHC>27511</NOI_CT_MA_DVHC>
        <NOI_CT_MA_DVQL>783</NOI_CT_MA_DVQL>
        <SO_CMT>079200036924</SO_CMT>
        <HO_VA_TEN_IN />
        <HO_SO>
          <SO_HO_SO>055</SO_HO_SO>
          <SO_GPLX_DA_CO>790202103569</SO_GPLX_DA_CO>
          <HANG_GPLX_DA_CO>A1</HANG_GPLX_DA_CO>
          <NAM_HOC_LAIXE></NAM_HOC_LAIXE>
          <SO_NAM_LAIXE>0</SO_NAM_LAIXE>
          <SO_KM_ANTOAN>0</SO_KM_ANTOAN>
          <GIAY_CNSK>1</GIAY_CNSK>
          <SO_GIAY_CNTN>051118</SO_GIAY_CNTN>
          <SO_CCN />
          <BC2_GHICHU></BC2_GHICHU>
          <NGAY_RA_QDTN>2023-08-21</NGAY_RA_QDTN>
        </HO_SO>
      </NGUOI_LX>
      <NGUOI_LX>
        <SO_TT>66</SO_TT>
        <MA_DK>79038-20220726093049797</MA_DK>
        <HO_TEN_DEM>TRẦN VĂN</HO_TEN_DEM>
        <TEN>THỊNH</TEN>
        <HO_VA_TEN>TRẦN VĂN THỊNH</HO_VA_TEN>
        <NGAY_SINH>19800525</NGAY_SINH>
        <NOI_CT>Suối Lúp</NOI_CT>
        <NOI_CT_MA_DVHC>26578</NOI_CT_MA_DVHC>
        <NOI_CT_MA_DVQL>750</NOI_CT_MA_DVQL>
        <SO_CMT>077080000573</SO_CMT>
        <HO_VA_TEN_IN />
        <HO_SO>
          <SO_HO_SO>027</SO_HO_SO>
          <SO_GPLX_DA_CO></SO_GPLX_DA_CO>
          <HANG_GPLX_DA_CO></HANG_GPLX_DA_CO>
          <NAM_HOC_LAIXE></NAM_HOC_LAIXE>
          <SO_NAM_LAIXE>0</SO_NAM_LAIXE>
          <SO_KM_ANTOAN>0</SO_KM_ANTOAN>
          <GIAY_CNSK>1</GIAY_CNSK>
          <SO_GIAY_CNTN>049113</SO_GIAY_CNTN>
          <SO_CCN />
          <BC2_GHICHU></BC2_GHICHU>
          <NGAY_RA_QDTN>2023-03-25</NGAY_RA_QDTN>
        </HO_SO>
      </NGUOI_LX>
      <NGUOI_LX>
        <SO_TT>67</SO_TT>
        <MA_DK>79038-20220706151229547</MA_DK>
        <HO_TEN_DEM>NGUYỄN VĂN</HO_TEN_DEM>
        <TEN>THUẬN</TEN>
        <HO_VA_TEN>NGUYỄN VĂN THUẬN</HO_VA_TEN>
        <NGAY_SINH>19760101</NGAY_SINH>
        <NOI_CT>Khóm 2</NOI_CT>
        <NOI_CT_MA_DVHC>29266</NOI_CT_MA_DVHC>
        <NOI_CT_MA_DVQL>844</NOI_CT_MA_DVQL>
        <SO_CMT>334019729</SO_CMT>
        <HO_VA_TEN_IN />
        <HO_SO>
          <SO_HO_SO>054</SO_HO_SO>
          <SO_GPLX_DA_CO></SO_GPLX_DA_CO>
          <HANG_GPLX_DA_CO></HANG_GPLX_DA_CO>
          <NAM_HOC_LAIXE></NAM_HOC_LAIXE>
          <SO_NAM_LAIXE>0</SO_NAM_LAIXE>
          <SO_KM_ANTOAN>0</SO_KM_ANTOAN>
          <GIAY_CNSK>1</GIAY_CNSK>
          <SO_GIAY_CNTN>048312</SO_GIAY_CNTN>
          <SO_CCN />
          <BC2_GHICHU></BC2_GHICHU>
          <NGAY_RA_QDTN>2023-01-09</NGAY_RA_QDTN>
        </HO_SO>
      </NGUOI_LX>
      <NGUOI_LX>
        <SO_TT>68</SO_TT>
        <MA_DK>79038-20220726142910757</MA_DK>
        <HO_TEN_DEM>TRẦN THỊ</HO_TEN_DEM>
        <TEN>THỦY</TEN>
        <HO_VA_TEN>TRẦN THỊ THỦY</HO_VA_TEN>
        <NGAY_SINH>19920101</NGAY_SINH>
        <NOI_CT>Huê I</NOI_CT>
        <NOI_CT_MA_DVHC>31873</NOI_CT_MA_DVHC>
        <NOI_CT_MA_DVQL>957</NOI_CT_MA_DVQL>
        <SO_CMT>385465752</SO_CMT>
        <HO_VA_TEN_IN />
        <HO_SO>
          <SO_HO_SO>073</SO_HO_SO>
          <SO_GPLX_DA_CO></SO_GPLX_DA_CO>
          <HANG_GPLX_DA_CO></HANG_GPLX_DA_CO>
          <NAM_HOC_LAIXE></NAM_HOC_LAIXE>
          <SO_NAM_LAIXE>0</SO_NAM_LAIXE>
          <SO_KM_ANTOAN>0</SO_KM_ANTOAN>
          <GIAY_CNSK>1</GIAY_CNSK>
          <SO_GIAY_CNTN>048520</SO_GIAY_CNTN>
          <SO_CCN />
          <BC2_GHICHU></BC2_GHICHU>
          <NGAY_RA_QDTN>2023-02-04</NGAY_RA_QDTN>
        </HO_SO>
      </NGUOI_LX>
      <NGUOI_LX>
        <SO_TT>69</SO_TT>
        <MA_DK>79038-20230503110337333</MA_DK>
        <HO_TEN_DEM>TRƯƠNG TRỌNG</HO_TEN_DEM>
        <TEN>TOÀN</TEN>
        <HO_VA_TEN>TRƯƠNG TRỌNG TOÀN</HO_VA_TEN>
        <NGAY_SINH>19790615</NGAY_SINH>
        <NOI_CT>Làng Ó</NOI_CT>
        <NOI_CT_MA_DVHC>23830</NOI_CT_MA_DVHC>
        <NOI_CT_MA_DVQL>630</NOI_CT_MA_DVQL>
        <SO_CMT>052079002288</SO_CMT>
        <HO_VA_TEN_IN />
        <HO_SO>
          <SO_HO_SO>041</SO_HO_SO>
          <SO_GPLX_DA_CO></SO_GPLX_DA_CO>
          <HANG_GPLX_DA_CO></HANG_GPLX_DA_CO>
          <NAM_HOC_LAIXE></NAM_HOC_LAIXE>
          <SO_NAM_LAIXE>0</SO_NAM_LAIXE>
          <SO_KM_ANTOAN>0</SO_KM_ANTOAN>
          <GIAY_CNSK>1</GIAY_CNSK>
          <SO_GIAY_CNTN>052005</SO_GIAY_CNTN>
          <SO_CCN />
          <BC2_GHICHU></BC2_GHICHU>
          <NGAY_RA_QDTN>2023-10-29</NGAY_RA_QDTN>
        </HO_SO>
      </NGUOI_LX>
      <NGUOI_LX>
        <SO_TT>70</SO_TT>
        <MA_DK>79038-20220913140914240</MA_DK>
        <HO_TEN_DEM>ĐOÀN NGỌC</HO_TEN_DEM>
        <TEN>TRÍ</TEN>
        <HO_VA_TEN>ĐOÀN NGỌC TRÍ</HO_VA_TEN>
        <NGAY_SINH>19890610</NGAY_SINH>
        <NOI_CT>57 Nguyễn Văn Cừ, Kp 2</NOI_CT>
        <NOI_CT_MA_DVHC>26557</NOI_CT_MA_DVHC>
        <NOI_CT_MA_DVQL>748</NOI_CT_MA_DVQL>
        <SO_CMT>077089006541</SO_CMT>
        <HO_VA_TEN_IN />
        <HO_SO>
          <SO_HO_SO>062</SO_HO_SO>
          <SO_GPLX_DA_CO></SO_GPLX_DA_CO>
          <HANG_GPLX_DA_CO></HANG_GPLX_DA_CO>
          <NAM_HOC_LAIXE></NAM_HOC_LAIXE>
          <SO_NAM_LAIXE>0</SO_NAM_LAIXE>
          <SO_KM_ANTOAN>0</SO_KM_ANTOAN>
          <GIAY_CNSK>1</GIAY_CNSK>
          <SO_GIAY_CNTN>049285</SO_GIAY_CNTN>
          <SO_CCN />
          <BC2_GHICHU></BC2_GHICHU>
          <NGAY_RA_QDTN>2023-04-29</NGAY_RA_QDTN>
        </HO_SO>
      </NGUOI_LX>
      <NGUOI_LX>
        <SO_TT>71</SO_TT>
        <MA_DK>79038-20230603145010523</MA_DK>
        <HO_TEN_DEM>LÊ MINH</HO_TEN_DEM>
        <TEN>TRÍ</TEN>
        <HO_VA_TEN>LÊ MINH TRÍ</HO_VA_TEN>
        <NGAY_SINH>19971031</NGAY_SINH>
        <NOI_CT>Ấp Hòa An</NOI_CT>
        <NOI_CT_MA_DVHC>30277</NOI_CT_MA_DVHC>
        <NOI_CT_MA_DVQL>877</NOI_CT_MA_DVQL>
        <SO_CMT>087097002404</SO_CMT>
        <HO_VA_TEN_IN />
        <HO_SO>
          <SO_HO_SO>003</SO_HO_SO>
          <SO_GPLX_DA_CO>790217023003</SO_GPLX_DA_CO>
          <HANG_GPLX_DA_CO>A1</HANG_GPLX_DA_CO>
          <NAM_HOC_LAIXE></NAM_HOC_LAIXE>
          <SO_NAM_LAIXE>0</SO_NAM_LAIXE>
          <SO_KM_ANTOAN>0</SO_KM_ANTOAN>
          <GIAY_CNSK>1</GIAY_CNSK>
          <SO_GIAY_CNTN />
          <SO_CCN />
          <BC2_GHICHU></BC2_GHICHU>
          <NGAY_RA_QDTN></NGAY_RA_QDTN>
        </HO_SO>
      </NGUOI_LX>
      <NGUOI_LX>
        <SO_TT>72</SO_TT>
        <MA_DK>79038-20220929135451617</MA_DK>
        <HO_TEN_DEM>LÊ VŨ TRƯỜNG</HO_TEN_DEM>
        <TEN>TRUNG</TEN>
        <HO_VA_TEN>LÊ VŨ TRƯỜNG TRUNG</HO_VA_TEN>
        <NGAY_SINH>19821125</NGAY_SINH>
        <NOI_CT>Khu Phố Chánh</NOI_CT>
        <NOI_CT_MA_DVHC>25723</NOI_CT_MA_DVHC>
        <NOI_CT_MA_DVQL>712</NOI_CT_MA_DVQL>
        <SO_CMT>072082010974</SO_CMT>
        <HO_VA_TEN_IN />
        <HO_SO>
          <SO_HO_SO>101</SO_HO_SO>
          <SO_GPLX_DA_CO></SO_GPLX_DA_CO>
          <HANG_GPLX_DA_CO></HANG_GPLX_DA_CO>
          <NAM_HOC_LAIXE></NAM_HOC_LAIXE>
          <SO_NAM_LAIXE>0</SO_NAM_LAIXE>
          <SO_KM_ANTOAN>0</SO_KM_ANTOAN>
          <GIAY_CNSK>1</GIAY_CNSK>
          <SO_GIAY_CNTN>051542</SO_GIAY_CNTN>
          <SO_CCN />
          <BC2_GHICHU></BC2_GHICHU>
          <NGAY_RA_QDTN>2023-10-01</NGAY_RA_QDTN>
        </HO_SO>
      </NGUOI_LX>
      <NGUOI_LX>
        <SO_TT>73</SO_TT>
        <MA_DK>79038-20230801133514167</MA_DK>
        <HO_TEN_DEM>NGUYỄN VŨ</HO_TEN_DEM>
        <TEN>TRƯỜNG</TEN>
        <HO_VA_TEN>NGUYỄN VŨ TRƯỜNG</HO_VA_TEN>
        <NGAY_SINH>20010115</NGAY_SINH>
        <NOI_CT>Ấp Bà Bèo</NOI_CT>
        <NOI_CT_MA_DVHC>28447</NOI_CT_MA_DVHC>
        <NOI_CT_MA_DVQL>817</NOI_CT_MA_DVQL>
        <SO_CMT>082201009192</SO_CMT>
        <HO_VA_TEN_IN />
        <HO_SO>
          <SO_HO_SO>024</SO_HO_SO>
          <SO_GPLX_DA_CO>820195004894</SO_GPLX_DA_CO>
          <HANG_GPLX_DA_CO>A1</HANG_GPLX_DA_CO>
          <NAM_HOC_LAIXE></NAM_HOC_LAIXE>
          <SO_NAM_LAIXE>0</SO_NAM_LAIXE>
          <SO_KM_ANTOAN>0</SO_KM_ANTOAN>
          <GIAY_CNSK>1</GIAY_CNSK>
          <SO_GIAY_CNTN>053844</SO_GIAY_CNTN>
          <SO_CCN />
          <BC2_GHICHU></BC2_GHICHU>
          <NGAY_RA_QDTN>2024-01-28</NGAY_RA_QDTN>
        </HO_SO>
      </NGUOI_LX>
      <NGUOI_LX>
        <SO_TT>74</SO_TT>
        <MA_DK>79038-20231227135742470</MA_DK>
        <HO_TEN_DEM>DƯƠNG VĂN</HO_TEN_DEM>
        <TEN>TUẤN</TEN>
        <HO_VA_TEN>DƯƠNG VĂN TUẤN</HO_VA_TEN>
        <NGAY_SINH>19860115</NGAY_SINH>
        <NOI_CT>276/3/45/11 Mã Lò</NOI_CT>
        <NOI_CT_MA_DVHC>27448</NOI_CT_MA_DVHC>
        <NOI_CT_MA_DVQL>777</NOI_CT_MA_DVQL>
        <SO_CMT>072086003968</SO_CMT>
        <HO_VA_TEN_IN />
        <HO_SO>
          <SO_HO_SO>003</SO_HO_SO>
          <SO_GPLX_DA_CO>790094226496</SO_GPLX_DA_CO>
          <HANG_GPLX_DA_CO>B2</HANG_GPLX_DA_CO>
          <NAM_HOC_LAIXE></NAM_HOC_LAIXE>
          <SO_NAM_LAIXE>14</SO_NAM_LAIXE>
          <SO_KM_ANTOAN>50000</SO_KM_ANTOAN>
          <GIAY_CNSK>1</GIAY_CNSK>
          <SO_GIAY_CNTN>000028</SO_GIAY_CNTN>
          <SO_CCN />
          <BC2_GHICHU></BC2_GHICHU>
          <NGAY_RA_QDTN>2024-02-15</NGAY_RA_QDTN>
        </HO_SO>
      </NGUOI_LX>
      <NGUOI_LX>
        <SO_TT>75</SO_TT>
        <MA_DK>79038-20220706151824400</MA_DK>
        <HO_TEN_DEM>LÊ THANH</HO_TEN_DEM>
        <TEN>TUẤN</TEN>
        <HO_VA_TEN>LÊ THANH TUẤN</HO_VA_TEN>
        <NGAY_SINH>19910903</NGAY_SINH>
        <NOI_CT>Số Nhà 24 Ấp K8</NOI_CT>
        <NOI_CT_MA_DVHC>30013</NOI_CT_MA_DVHC>
        <NOI_CT_MA_DVQL>871</NOI_CT_MA_DVQL>
        <SO_CMT>087091001974</SO_CMT>
        <HO_VA_TEN_IN />
        <HO_SO>
          <SO_HO_SO>056</SO_HO_SO>
          <SO_GPLX_DA_CO></SO_GPLX_DA_CO>
          <HANG_GPLX_DA_CO></HANG_GPLX_DA_CO>
          <NAM_HOC_LAIXE></NAM_HOC_LAIXE>
          <SO_NAM_LAIXE>0</SO_NAM_LAIXE>
          <SO_KM_ANTOAN>0</SO_KM_ANTOAN>
          <GIAY_CNSK>1</GIAY_CNSK>
          <SO_GIAY_CNTN>049107</SO_GIAY_CNTN>
          <SO_CCN />
          <BC2_GHICHU></BC2_GHICHU>
          <NGAY_RA_QDTN>2023-03-25</NGAY_RA_QDTN>
        </HO_SO>
      </NGUOI_LX>
      <NGUOI_LX>
        <SO_TT>76</SO_TT>
        <MA_DK>79038-20220718154946</MA_DK>
        <HO_TEN_DEM>NGUYỄN VĂN</HO_TEN_DEM>
        <TEN>TUẤN</TEN>
        <HO_VA_TEN>NGUYỄN VĂN TUẤN</HO_VA_TEN>
        <NGAY_SINH>19940821</NGAY_SINH>
        <NOI_CT>C206 Lý Văn Phức</NOI_CT>
        <NOI_CT_MA_DVHC>26734</NOI_CT_MA_DVHC>
        <NOI_CT_MA_DVQL>760</NOI_CT_MA_DVQL>
        <SO_CMT>079094011988</SO_CMT>
        <HO_VA_TEN_IN />
        <HO_SO>
          <SO_HO_SO>044</SO_HO_SO>
          <SO_GPLX_DA_CO>790141962229</SO_GPLX_DA_CO>
          <HANG_GPLX_DA_CO>A1</HANG_GPLX_DA_CO>
          <NAM_HOC_LAIXE></NAM_HOC_LAIXE>
          <SO_NAM_LAIXE>0</SO_NAM_LAIXE>
          <SO_KM_ANTOAN>0</SO_KM_ANTOAN>
          <GIAY_CNSK>1</GIAY_CNSK>
          <SO_GIAY_CNTN>048483</SO_GIAY_CNTN>
          <SO_CCN />
          <BC2_GHICHU></BC2_GHICHU>
          <NGAY_RA_QDTN>2023-02-04</NGAY_RA_QDTN>
        </HO_SO>
      </NGUOI_LX>
      <NGUOI_LX>
        <SO_TT>77</SO_TT>
        <MA_DK>79038-20230801133319540</MA_DK>
        <HO_TEN_DEM>QUÁCH HOÀNG</HO_TEN_DEM>
        <TEN>TUẤN</TEN>
        <HO_VA_TEN>QUÁCH HOÀNG TUẤN</HO_VA_TEN>
        <NGAY_SINH>20011220</NGAY_SINH>
        <NOI_CT>Vĩnh Lộc</NOI_CT>
        <NOI_CT_MA_DVHC>31870</NOI_CT_MA_DVHC>
        <NOI_CT_MA_DVQL>957</NOI_CT_MA_DVQL>
        <SO_CMT>095201010821</SO_CMT>
        <HO_VA_TEN_IN />
        <HO_SO>
          <SO_HO_SO>023</SO_HO_SO>
          <SO_GPLX_DA_CO>790209086881</SO_GPLX_DA_CO>
          <HANG_GPLX_DA_CO>A1</HANG_GPLX_DA_CO>
          <NAM_HOC_LAIXE></NAM_HOC_LAIXE>
          <SO_NAM_LAIXE>0</SO_NAM_LAIXE>
          <SO_KM_ANTOAN>0</SO_KM_ANTOAN>
          <GIAY_CNSK>1</GIAY_CNSK>
          <SO_GIAY_CNTN>053848</SO_GIAY_CNTN>
          <SO_CCN />
          <BC2_GHICHU></BC2_GHICHU>
          <NGAY_RA_QDTN>2024-01-28</NGAY_RA_QDTN>
        </HO_SO>
      </NGUOI_LX>
      <NGUOI_LX>
        <SO_TT>78</SO_TT>
        <MA_DK>79038-20220726103046527</MA_DK>
        <HO_TEN_DEM>TRẦN VĂN</HO_TEN_DEM>
        <TEN>TUẤN</TEN>
        <HO_VA_TEN>TRẦN VĂN TUẤN</HO_VA_TEN>
        <NGAY_SINH>19920121</NGAY_SINH>
        <NOI_CT>Ấp 5</NOI_CT>
        <NOI_CT_MA_DVHC>27907</NOI_CT_MA_DVHC>
        <NOI_CT_MA_DVQL>801</NOI_CT_MA_DVQL>
        <SO_CMT>080092001116</SO_CMT>
        <HO_VA_TEN_IN />
        <HO_SO>
          <SO_HO_SO>043</SO_HO_SO>
          <SO_GPLX_DA_CO></SO_GPLX_DA_CO>
          <HANG_GPLX_DA_CO></HANG_GPLX_DA_CO>
          <NAM_HOC_LAIXE></NAM_HOC_LAIXE>
          <SO_NAM_LAIXE>0</SO_NAM_LAIXE>
          <SO_KM_ANTOAN>0</SO_KM_ANTOAN>
          <GIAY_CNSK>1</GIAY_CNSK>
          <SO_GIAY_CNTN>048524</SO_GIAY_CNTN>
          <SO_CCN />
          <BC2_GHICHU></BC2_GHICHU>
          <NGAY_RA_QDTN>2023-02-04</NGAY_RA_QDTN>
        </HO_SO>
      </NGUOI_LX>
      <NGUOI_LX>
        <SO_TT>79</SO_TT>
        <MA_DK>79038-20230805101446020</MA_DK>
        <HO_TEN_DEM>NGUYỄN ĐÌNH</HO_TEN_DEM>
        <TEN>TUYỀN</TEN>
        <HO_VA_TEN>NGUYỄN ĐÌNH TUYỀN</HO_VA_TEN>
        <NGAY_SINH>20011112</NGAY_SINH>
        <NOI_CT>151/53/30 LK 4-5</NOI_CT>
        <NOI_CT_MA_DVHC>27442</NOI_CT_MA_DVHC>
        <NOI_CT_MA_DVQL>777</NOI_CT_MA_DVQL>
        <SO_CMT>027201000186</SO_CMT>
        <HO_VA_TEN_IN />
        <HO_SO>
          <SO_HO_SO>019</SO_HO_SO>
          <SO_GPLX_DA_CO>790190304700</SO_GPLX_DA_CO>
          <HANG_GPLX_DA_CO>A1</HANG_GPLX_DA_CO>
          <NAM_HOC_LAIXE></NAM_HOC_LAIXE>
          <SO_NAM_LAIXE>0</SO_NAM_LAIXE>
          <SO_KM_ANTOAN>0</SO_KM_ANTOAN>
          <GIAY_CNSK>1</GIAY_CNSK>
          <SO_GIAY_CNTN>053849</SO_GIAY_CNTN>
          <SO_CCN />
          <BC2_GHICHU></BC2_GHICHU>
          <NGAY_RA_QDTN>2024-01-28</NGAY_RA_QDTN>
        </HO_SO>
      </NGUOI_LX>
      <NGUOI_LX>
        <SO_TT>80</SO_TT>
        <MA_DK>79038-20230603145736353</MA_DK>
        <HO_TEN_DEM>LÊ HỔ</HO_TEN_DEM>
        <TEN>TUYỂN</TEN>
        <HO_VA_TEN>LÊ HỔ TUYỂN</HO_VA_TEN>
        <NGAY_SINH>19890627</NGAY_SINH>
        <NOI_CT>Ấp Cây Bàng</NOI_CT>
        <NOI_CT_MA_DVHC>31054</NOI_CT_MA_DVHC>
        <NOI_CT_MA_DVQL>913</NOI_CT_MA_DVQL>
        <SO_CMT>091089001357</SO_CMT>
        <HO_VA_TEN_IN />
        <HO_SO>
          <SO_HO_SO>008</SO_HO_SO>
          <SO_GPLX_DA_CO></SO_GPLX_DA_CO>
          <HANG_GPLX_DA_CO></HANG_GPLX_DA_CO>
          <NAM_HOC_LAIXE></NAM_HOC_LAIXE>
          <SO_NAM_LAIXE>0</SO_NAM_LAIXE>
          <SO_KM_ANTOAN>0</SO_KM_ANTOAN>
          <GIAY_CNSK>1</GIAY_CNSK>
          <SO_GIAY_CNTN>052885</SO_GIAY_CNTN>
          <SO_CCN />
          <BC2_GHICHU></BC2_GHICHU>
          <NGAY_RA_QDTN>2023-12-06</NGAY_RA_QDTN>
        </HO_SO>
      </NGUOI_LX>
      <NGUOI_LX>
        <SO_TT>81</SO_TT>
        <MA_DK>79038-20230830093448340</MA_DK>
        <HO_TEN_DEM>BÙI ĐỖ TRIỆU</HO_TEN_DEM>
        <TEN>VĨ</TEN>
        <HO_VA_TEN>BÙI ĐỖ TRIỆU VĨ</HO_VA_TEN>
        <NGAY_SINH>20000426</NGAY_SINH>
        <NOI_CT>Thôn 14</NOI_CT>
        <NOI_CT_MA_DVHC>24544</NOI_CT_MA_DVHC>
        <NOI_CT_MA_DVQL>657</NOI_CT_MA_DVQL>
        <SO_CMT>066200001900</SO_CMT>
        <HO_VA_TEN_IN />
        <HO_SO>
          <SO_HO_SO>001</SO_HO_SO>
          <SO_GPLX_DA_CO>660188011393</SO_GPLX_DA_CO>
          <HANG_GPLX_DA_CO>A1</HANG_GPLX_DA_CO>
          <NAM_HOC_LAIXE></NAM_HOC_LAIXE>
          <SO_NAM_LAIXE>0</SO_NAM_LAIXE>
          <SO_KM_ANTOAN>0</SO_KM_ANTOAN>
          <GIAY_CNSK>1</GIAY_CNSK>
          <SO_GIAY_CNTN>054014</SO_GIAY_CNTN>
          <SO_CCN />
          <BC2_GHICHU></BC2_GHICHU>
          <NGAY_RA_QDTN>2024-02-26</NGAY_RA_QDTN>
        </HO_SO>
      </NGUOI_LX>
      <NGUOI_LX>
        <SO_TT>82</SO_TT>
        <MA_DK>79038-20220725145203230</MA_DK>
        <HO_TEN_DEM>NGUYỄN VĂN</HO_TEN_DEM>
        <TEN>XÍ</TEN>
        <HO_VA_TEN>NGUYỄN VĂN XÍ</HO_VA_TEN>
        <NGAY_SINH>19920219</NGAY_SINH>
        <NOI_CT>Phước Tân 2</NOI_CT>
        <NOI_CT_MA_DVHC>25558</NOI_CT_MA_DVHC>
        <NOI_CT_MA_DVQL>707</NOI_CT_MA_DVQL>
        <SO_CMT>072092012599</SO_CMT>
        <HO_VA_TEN_IN />
        <HO_SO>
          <SO_HO_SO>008</SO_HO_SO>
          <SO_GPLX_DA_CO>790150112338</SO_GPLX_DA_CO>
          <HANG_GPLX_DA_CO>A1</HANG_GPLX_DA_CO>
          <NAM_HOC_LAIXE></NAM_HOC_LAIXE>
          <SO_NAM_LAIXE>0</SO_NAM_LAIXE>
          <SO_KM_ANTOAN>0</SO_KM_ANTOAN>
          <GIAY_CNSK>1</GIAY_CNSK>
          <SO_GIAY_CNTN>049214</SO_GIAY_CNTN>
          <SO_CCN />
          <BC2_GHICHU></BC2_GHICHU>
          <NGAY_RA_QDTN>2023-04-29</NGAY_RA_QDTN>
        </HO_SO>
      </NGUOI_LX>
    </NGUOI_LXS>
  </DATA>
  <Signature xmlns="http://www.w3.org/2000/09/xmldsig#">
    <SignedInfo>
      <CanonicalizationMethod Algorithm="http://www.w3.org/TR/2001/REC-xml-c14n-20010315" />
      <SignatureMethod Algorithm="http://www.w3.org/2000/09/xmldsig#rsa-sha1" />
      <Reference URI="">
        <Transforms>
          <Transform Algorithm="http://www.w3.org/2000/09/xmldsig#enveloped-signature" />
        </Transforms>
        <DigestMethod Algorithm="http://www.w3.org/2000/09/xmldsig#sha1" />
        <DigestValue>CkJB8yuvmcHqgiERL3KTGkoOm1Y=</DigestValue>
      </Reference>
    </SignedInfo>
    <SignatureValue>R+yllBZx52pUZ9nWEdBL2JTq3l3PbuW7So5omZUybO8Yy58qrnFA/tdAwen8QTu49fCV4GuDFj2bKsfxz5aq3gPNfafgj3P/DFhxZng81sjHyzD71gmP5bJf5npVde/IIz1f0fUDCSdDuzkSz21EZkLgBM0EqXeBmjlir+9j7j0=</SignatureValue>
  </Signature>
</BAO_CAO2>