﻿<?xml version="1.0" encoding="utf-8"?>
<BAO_CAO2>
  <HEADER>
    <MA_GIAO_DICH>3c4d3244-73bc-48d7-8ba9-eb3e207709bb</MA_GIAO_DICH>
    <MA_DV_GUI>79038</MA_DV_GUI>
    <TEN_DV_GUI>Trung Tâm Giáo Dục Nghề Nghiệp Lái Xe Tiến Đạt</TEN_DV_GUI>
    <NGAY_GUI>2024-05-06 08:38:16</NGAY_GUI>
    <NGUOI_GUI>ADMIN</NGUOI_GUI>
    <TONG_SO_BAN_GHI>88</TONG_SO_BAN_GHI>
  </HEADER>
  <DATA>
    <BCII>
      <MA_BCII>3442A/TÐ-ÐT</MA_BCII>
      <MA_BCI>290/VR</MA_BCI>
      <MA_CSDT>79038</MA_CSDT>
      <SO_CV_BCII>3442A/TÐ-ÐT</SO_CV_BCII>
      <NGAY_CV_BCII>2024-04-27</NGAY_CV_BCII>
      <SO_THI_SINH>88</SO_THI_SINH>
    </BCII>
    <NGUOI_LXS>
      <NGUOI_LX>
        <SO_TT>1</SO_TT>
        <MA_DK>79038-20230811135420210</MA_DK>
        <HO_TEN_DEM>VÕ MINH</HO_TEN_DEM>
        <TEN>AN</TEN>
        <HO_VA_TEN>VÕ MINH AN</HO_VA_TEN>
        <NGAY_SINH>19850910</NGAY_SINH>
        <NOI_CT>73/2E Xuân Thới Đông 2</NOI_CT>
        <NOI_CT_MA_DVHC>27583</NOI_CT_MA_DVHC>
        <NOI_CT_MA_DVQL>784</NOI_CT_MA_DVQL>
        <SO_CMT>079085021481</SO_CMT>
        <HO_VA_TEN_IN />
        <HO_SO>
          <SO_HO_SO>015</SO_HO_SO>
          <SO_GPLX_DA_CO></SO_GPLX_DA_CO>
          <HANG_GPLX_DA_CO></HANG_GPLX_DA_CO>
          <NAM_HOC_LAIXE></NAM_HOC_LAIXE>
          <SO_NAM_LAIXE>0</SO_NAM_LAIXE>
          <SO_KM_ANTOAN>0</SO_KM_ANTOAN>
          <GIAY_CNSK>1</GIAY_CNSK>
          <SO_GIAY_CNTN>052792</SO_GIAY_CNTN>
          <SO_CCN />
          <BC2_GHICHU></BC2_GHICHU>
          <NGAY_RA_QDTN>2023-12-06</NGAY_RA_QDTN>
        </HO_SO>
      </NGUOI_LX>
      <NGUOI_LX>
        <SO_TT>2</SO_TT>
        <MA_DK>79038-20230906105822397</MA_DK>
        <HO_TEN_DEM>HUỲNH TRÍ</HO_TEN_DEM>
        <TEN>ANH</TEN>
        <HO_VA_TEN>HUỲNH TRÍ ANH</HO_VA_TEN>
        <NGAY_SINH>20050314</NGAY_SINH>
        <NOI_CT>Thọ Chánh</NOI_CT>
        <NOI_CT_MA_DVHC>26437</NOI_CT_MA_DVHC>
        <NOI_CT_MA_DVQL>741</NOI_CT_MA_DVQL>
        <SO_CMT>075205021880</SO_CMT>
        <HO_VA_TEN_IN />
        <HO_SO>
          <SO_HO_SO>020</SO_HO_SO>
          <SO_GPLX_DA_CO></SO_GPLX_DA_CO>
          <HANG_GPLX_DA_CO></HANG_GPLX_DA_CO>
          <NAM_HOC_LAIXE></NAM_HOC_LAIXE>
          <SO_NAM_LAIXE>0</SO_NAM_LAIXE>
          <SO_KM_ANTOAN>0</SO_KM_ANTOAN>
          <GIAY_CNSK>1</GIAY_CNSK>
          <SO_GIAY_CNTN>053217</SO_GIAY_CNTN>
          <SO_CCN />
          <BC2_GHICHU></BC2_GHICHU>
          <NGAY_RA_QDTN>2023-12-31</NGAY_RA_QDTN>
        </HO_SO>
      </NGUOI_LX>
      <NGUOI_LX>
        <SO_TT>3</SO_TT>
        <MA_DK>79038-20230811111946597</MA_DK>
        <HO_TEN_DEM>TRƯƠNG THỊ HOÀNG</HO_TEN_DEM>
        <TEN>ANH</TEN>
        <HO_VA_TEN>TRƯƠNG THỊ HOÀNG ANH</HO_VA_TEN>
        <NGAY_SINH>19740608</NGAY_SINH>
        <NOI_CT>234/20 Lê Đức Thọ</NOI_CT>
        <NOI_CT_MA_DVHC>26876</NOI_CT_MA_DVHC>
        <NOI_CT_MA_DVQL>764</NOI_CT_MA_DVQL>
        <SO_CMT>079174012833</SO_CMT>
        <HO_VA_TEN_IN />
        <HO_SO>
          <SO_HO_SO>004</SO_HO_SO>
          <SO_GPLX_DA_CO>741108009402</SO_GPLX_DA_CO>
          <HANG_GPLX_DA_CO>A1</HANG_GPLX_DA_CO>
          <NAM_HOC_LAIXE></NAM_HOC_LAIXE>
          <SO_NAM_LAIXE>0</SO_NAM_LAIXE>
          <SO_KM_ANTOAN>0</SO_KM_ANTOAN>
          <GIAY_CNSK>1</GIAY_CNSK>
          <SO_GIAY_CNTN>053771</SO_GIAY_CNTN>
          <SO_CCN />
          <BC2_GHICHU></BC2_GHICHU>
          <NGAY_RA_QDTN>2024-01-28</NGAY_RA_QDTN>
        </HO_SO>
      </NGUOI_LX>
      <NGUOI_LX>
        <SO_TT>4</SO_TT>
        <MA_DK>79038-20230918101442753</MA_DK>
        <HO_TEN_DEM>VŨ NGỌC HOÀNG</HO_TEN_DEM>
        <TEN>ANH</TEN>
        <HO_VA_TEN>VŨ NGỌC HOÀNG ANH</HO_VA_TEN>
        <NGAY_SINH>19951103</NGAY_SINH>
        <NOI_CT>Tổ 1, Ấp An Hoà</NOI_CT>
        <NOI_CT_MA_DVHC>25393</NOI_CT_MA_DVHC>
        <NOI_CT_MA_DVQL>695</NOI_CT_MA_DVQL>
        <SO_CMT>070095008362</SO_CMT>
        <HO_VA_TEN_IN />
        <HO_SO>
          <SO_HO_SO>023</SO_HO_SO>
          <SO_GPLX_DA_CO>680141000228</SO_GPLX_DA_CO>
          <HANG_GPLX_DA_CO>A1</HANG_GPLX_DA_CO>
          <NAM_HOC_LAIXE></NAM_HOC_LAIXE>
          <SO_NAM_LAIXE>0</SO_NAM_LAIXE>
          <SO_KM_ANTOAN>0</SO_KM_ANTOAN>
          <GIAY_CNSK>1</GIAY_CNSK>
          <SO_GIAY_CNTN>053572</SO_GIAY_CNTN>
          <SO_CCN />
          <BC2_GHICHU></BC2_GHICHU>
          <NGAY_RA_QDTN>2024-01-14</NGAY_RA_QDTN>
        </HO_SO>
      </NGUOI_LX>
      <NGUOI_LX>
        <SO_TT>5</SO_TT>
        <MA_DK>79038-20220309141421950</MA_DK>
        <HO_TEN_DEM>TÔ THỊ NGỌC</HO_TEN_DEM>
        <TEN>ÁNH</TEN>
        <HO_VA_TEN>TÔ THỊ NGỌC ÁNH</HO_VA_TEN>
        <NGAY_SINH>19710101</NGAY_SINH>
        <NOI_CT>52/3 Đường Số 16A</NOI_CT>
        <NOI_CT_MA_DVHC>27439</NOI_CT_MA_DVHC>
        <NOI_CT_MA_DVQL>777</NOI_CT_MA_DVQL>
        <SO_CMT>048171000080</SO_CMT>
        <HO_VA_TEN_IN />
        <HO_SO>
          <SO_HO_SO>027</SO_HO_SO>
          <SO_GPLX_DA_CO></SO_GPLX_DA_CO>
          <HANG_GPLX_DA_CO></HANG_GPLX_DA_CO>
          <NAM_HOC_LAIXE></NAM_HOC_LAIXE>
          <SO_NAM_LAIXE>0</SO_NAM_LAIXE>
          <SO_KM_ANTOAN>0</SO_KM_ANTOAN>
          <GIAY_CNSK>1</GIAY_CNSK>
          <SO_GIAY_CNTN>044643</SO_GIAY_CNTN>
          <SO_CCN />
          <BC2_GHICHU></BC2_GHICHU>
          <NGAY_RA_QDTN>2022-07-04</NGAY_RA_QDTN>
        </HO_SO>
      </NGUOI_LX>
      <NGUOI_LX>
        <SO_TT>6</SO_TT>
        <MA_DK>79038-20220906103711367</MA_DK>
        <HO_TEN_DEM>TRẦN THỊ</HO_TEN_DEM>
        <TEN>CA</TEN>
        <HO_VA_TEN>TRẦN THỊ CA</HO_VA_TEN>
        <NGAY_SINH>19800705</NGAY_SINH>
        <NOI_CT>Kp Gia Tân</NOI_CT>
        <NOI_CT_MA_DVHC>25720</NOI_CT_MA_DVHC>
        <NOI_CT_MA_DVQL>712</NOI_CT_MA_DVQL>
        <SO_CMT>072180002504</SO_CMT>
        <HO_VA_TEN_IN />
        <HO_SO>
          <SO_HO_SO>097</SO_HO_SO>
          <SO_GPLX_DA_CO></SO_GPLX_DA_CO>
          <HANG_GPLX_DA_CO></HANG_GPLX_DA_CO>
          <NAM_HOC_LAIXE></NAM_HOC_LAIXE>
          <SO_NAM_LAIXE>0</SO_NAM_LAIXE>
          <SO_KM_ANTOAN>0</SO_KM_ANTOAN>
          <GIAY_CNSK>1</GIAY_CNSK>
          <SO_GIAY_CNTN>050565</SO_GIAY_CNTN>
          <SO_CCN />
          <BC2_GHICHU></BC2_GHICHU>
          <NGAY_RA_QDTN>2023-08-02</NGAY_RA_QDTN>
        </HO_SO>
      </NGUOI_LX>
      <NGUOI_LX>
        <SO_TT>7</SO_TT>
        <MA_DK>79038-20231201143416460</MA_DK>
        <HO_TEN_DEM>LẠI VĂN</HO_TEN_DEM>
        <TEN>CẦM</TEN>
        <HO_VA_TEN>LẠI VĂN CẦM</HO_VA_TEN>
        <NGAY_SINH>19820130</NGAY_SINH>
        <NOI_CT>A2/16 Tổ 11, Ấp 1</NOI_CT>
        <NOI_CT_MA_DVHC>27604</NOI_CT_MA_DVHC>
        <NOI_CT_MA_DVQL>785</NOI_CT_MA_DVQL>
        <SO_CMT>079082037552</SO_CMT>
        <HO_VA_TEN_IN />
        <HO_SO>
          <SO_HO_SO>014</SO_HO_SO>
          <SO_GPLX_DA_CO></SO_GPLX_DA_CO>
          <HANG_GPLX_DA_CO></HANG_GPLX_DA_CO>
          <NAM_HOC_LAIXE></NAM_HOC_LAIXE>
          <SO_NAM_LAIXE>0</SO_NAM_LAIXE>
          <SO_KM_ANTOAN>0</SO_KM_ANTOAN>
          <GIAY_CNSK>1</GIAY_CNSK>
          <SO_GIAY_CNTN>054660</SO_GIAY_CNTN>
          <SO_CCN />
          <BC2_GHICHU></BC2_GHICHU>
          <NGAY_RA_QDTN>2024-03-25</NGAY_RA_QDTN>
        </HO_SO>
      </NGUOI_LX>
      <NGUOI_LX>
        <SO_TT>8</SO_TT>
        <MA_DK>79038-20230721134645850</MA_DK>
        <HO_TEN_DEM>NGUYỄN THỊ NGỌC</HO_TEN_DEM>
        <TEN>CHÂU</TEN>
        <HO_VA_TEN>NGUYỄN THỊ NGỌC CHÂU</HO_VA_TEN>
        <NGAY_SINH>19960314</NGAY_SINH>
        <NOI_CT>640/13 Phan Văn Trị</NOI_CT>
        <NOI_CT_MA_DVHC>26884</NOI_CT_MA_DVHC>
        <NOI_CT_MA_DVQL>764</NOI_CT_MA_DVQL>
        <SO_CMT>079196009242</SO_CMT>
        <HO_VA_TEN_IN />
        <HO_SO>
          <SO_HO_SO>005</SO_HO_SO>
          <SO_GPLX_DA_CO>791165017896</SO_GPLX_DA_CO>
          <HANG_GPLX_DA_CO>A1</HANG_GPLX_DA_CO>
          <NAM_HOC_LAIXE></NAM_HOC_LAIXE>
          <SO_NAM_LAIXE>0</SO_NAM_LAIXE>
          <SO_KM_ANTOAN>0</SO_KM_ANTOAN>
          <GIAY_CNSK>1</GIAY_CNSK>
          <SO_GIAY_CNTN>053769</SO_GIAY_CNTN>
          <SO_CCN />
          <BC2_GHICHU></BC2_GHICHU>
          <NGAY_RA_QDTN>2024-01-28</NGAY_RA_QDTN>
        </HO_SO>
      </NGUOI_LX>
      <NGUOI_LX>
        <SO_TT>9</SO_TT>
        <MA_DK>79038-20220505163607100</MA_DK>
        <HO_TEN_DEM>PHẠM VŨ</HO_TEN_DEM>
        <TEN>CƯỜNG</TEN>
        <HO_VA_TEN>PHẠM VŨ CƯỜNG</HO_VA_TEN>
        <NGAY_SINH>19990215</NGAY_SINH>
        <NOI_CT>135 Nguyễn Văn Quá</NOI_CT>
        <NOI_CT_MA_DVHC>26787</NOI_CT_MA_DVHC>
        <NOI_CT_MA_DVQL>761</NOI_CT_MA_DVQL>
        <SO_CMT>025867731</SO_CMT>
        <HO_VA_TEN_IN />
        <HO_SO>
          <SO_HO_SO>017</SO_HO_SO>
          <SO_GPLX_DA_CO></SO_GPLX_DA_CO>
          <HANG_GPLX_DA_CO></HANG_GPLX_DA_CO>
          <NAM_HOC_LAIXE></NAM_HOC_LAIXE>
          <SO_NAM_LAIXE>0</SO_NAM_LAIXE>
          <SO_KM_ANTOAN>0</SO_KM_ANTOAN>
          <GIAY_CNSK>1</GIAY_CNSK>
          <SO_GIAY_CNTN>045509</SO_GIAY_CNTN>
          <SO_CCN />
          <BC2_GHICHU></BC2_GHICHU>
          <NGAY_RA_QDTN>2022-08-14</NGAY_RA_QDTN>
        </HO_SO>
      </NGUOI_LX>
      <NGUOI_LX>
        <SO_TT>10</SO_TT>
        <MA_DK>79038-20231114155553340</MA_DK>
        <HO_TEN_DEM>LÊ XUÂN</HO_TEN_DEM>
        <TEN>ĐẠI</TEN>
        <HO_VA_TEN>LÊ XUÂN ĐẠI</HO_VA_TEN>
        <NGAY_SINH>19920816</NGAY_SINH>
        <NOI_CT>Thôn 2</NOI_CT>
        <NOI_CT_MA_DVHC>15862</NOI_CT_MA_DVHC>
        <NOI_CT_MA_DVQL>398</NOI_CT_MA_DVQL>
        <SO_CMT>038092036081</SO_CMT>
        <HO_VA_TEN_IN />
        <HO_SO>
          <SO_HO_SO>015</SO_HO_SO>
          <SO_GPLX_DA_CO></SO_GPLX_DA_CO>
          <HANG_GPLX_DA_CO></HANG_GPLX_DA_CO>
          <NAM_HOC_LAIXE></NAM_HOC_LAIXE>
          <SO_NAM_LAIXE>0</SO_NAM_LAIXE>
          <SO_KM_ANTOAN>0</SO_KM_ANTOAN>
          <GIAY_CNSK>1</GIAY_CNSK>
          <SO_GIAY_CNTN>054342</SO_GIAY_CNTN>
          <SO_CCN />
          <BC2_GHICHU></BC2_GHICHU>
          <NGAY_RA_QDTN>2024-03-09</NGAY_RA_QDTN>
        </HO_SO>
      </NGUOI_LX>
      <NGUOI_LX>
        <SO_TT>11</SO_TT>
        <MA_DK>79038-20230721134455417</MA_DK>
        <HO_TEN_DEM>LƯU QUANG</HO_TEN_DEM>
        <TEN>ĐẠT</TEN>
        <HO_VA_TEN>LƯU QUANG ĐẠT</HO_VA_TEN>
        <NGAY_SINH>19900808</NGAY_SINH>
        <NOI_CT>237/84/13 Phạm Văn Chiêu</NOI_CT>
        <NOI_CT_MA_DVHC>26882</NOI_CT_MA_DVHC>
        <NOI_CT_MA_DVQL>764</NOI_CT_MA_DVQL>
        <SO_CMT>052090014511</SO_CMT>
        <HO_VA_TEN_IN />
        <HO_SO>
          <SO_HO_SO>004</SO_HO_SO>
          <SO_GPLX_DA_CO></SO_GPLX_DA_CO>
          <HANG_GPLX_DA_CO></HANG_GPLX_DA_CO>
          <NAM_HOC_LAIXE></NAM_HOC_LAIXE>
          <SO_NAM_LAIXE>0</SO_NAM_LAIXE>
          <SO_KM_ANTOAN>0</SO_KM_ANTOAN>
          <GIAY_CNSK>1</GIAY_CNSK>
          <SO_GIAY_CNTN>053770</SO_GIAY_CNTN>
          <SO_CCN />
          <BC2_GHICHU></BC2_GHICHU>
          <NGAY_RA_QDTN>2024-01-28</NGAY_RA_QDTN>
        </HO_SO>
      </NGUOI_LX>
      <NGUOI_LX>
        <SO_TT>12</SO_TT>
        <MA_DK>79038-20230926110437060</MA_DK>
        <HO_TEN_DEM>HỒ VĂN</HO_TEN_DEM>
        <TEN>ĐIỀU</TEN>
        <HO_VA_TEN>HỒ VĂN ĐIỀU</HO_VA_TEN>
        <NGAY_SINH>19790712</NGAY_SINH>
        <NOI_CT>Tổ 4, Khu Phố 3</NOI_CT>
        <NOI_CT_MA_DVHC>26558</NOI_CT_MA_DVHC>
        <NOI_CT_MA_DVQL>748</NOI_CT_MA_DVQL>
        <SO_CMT>077079000179</SO_CMT>
        <HO_VA_TEN_IN />
        <HO_SO>
          <SO_HO_SO>026</SO_HO_SO>
          <SO_GPLX_DA_CO>770105002143</SO_GPLX_DA_CO>
          <HANG_GPLX_DA_CO>A1</HANG_GPLX_DA_CO>
          <NAM_HOC_LAIXE></NAM_HOC_LAIXE>
          <SO_NAM_LAIXE>0</SO_NAM_LAIXE>
          <SO_KM_ANTOAN>0</SO_KM_ANTOAN>
          <GIAY_CNSK>1</GIAY_CNSK>
          <SO_GIAY_CNTN>053603</SO_GIAY_CNTN>
          <SO_CCN />
          <BC2_GHICHU></BC2_GHICHU>
          <NGAY_RA_QDTN>2024-01-14</NGAY_RA_QDTN>
        </HO_SO>
      </NGUOI_LX>
      <NGUOI_LX>
        <SO_TT>13</SO_TT>
        <MA_DK>79038-20231002093930073</MA_DK>
        <HO_TEN_DEM>NGUYỄN VĂN</HO_TEN_DEM>
        <TEN>ĐOÀN</TEN>
        <HO_VA_TEN>NGUYỄN VĂN ĐOÀN</HO_VA_TEN>
        <NGAY_SINH>19890110</NGAY_SINH>
        <NOI_CT></NOI_CT>
        <NOI_CT_MA_DVHC>04672</NOI_CT_MA_DVHC>
        <NOI_CT_MA_DVQL>140</NOI_CT_MA_DVQL>
        <SO_CMT>060869490</SO_CMT>
        <HO_VA_TEN_IN />
        <HO_SO>
          <SO_HO_SO>038</SO_HO_SO>
          <SO_GPLX_DA_CO></SO_GPLX_DA_CO>
          <HANG_GPLX_DA_CO></HANG_GPLX_DA_CO>
          <NAM_HOC_LAIXE></NAM_HOC_LAIXE>
          <SO_NAM_LAIXE>0</SO_NAM_LAIXE>
          <SO_KM_ANTOAN>0</SO_KM_ANTOAN>
          <GIAY_CNSK>1</GIAY_CNSK>
          <SO_GIAY_CNTN>053785</SO_GIAY_CNTN>
          <SO_CCN />
          <BC2_GHICHU></BC2_GHICHU>
          <NGAY_RA_QDTN>2024-01-28</NGAY_RA_QDTN>
        </HO_SO>
      </NGUOI_LX>
      <NGUOI_LX>
        <SO_TT>14</SO_TT>
        <MA_DK>79038-20231013153834293</MA_DK>
        <HO_TEN_DEM>VÕ QUANG</HO_TEN_DEM>
        <TEN>ĐÔNG</TEN>
        <HO_VA_TEN>VÕ QUANG ĐÔNG</HO_VA_TEN>
        <NGAY_SINH>19910217</NGAY_SINH>
        <NOI_CT>Tổ 7, Ấp Bình An</NOI_CT>
        <NOI_CT_MA_DVHC>28684</NOI_CT_MA_DVHC>
        <NOI_CT_MA_DVQL>823</NOI_CT_MA_DVQL>
        <SO_CMT>082091003322</SO_CMT>
        <HO_VA_TEN_IN />
        <HO_SO>
          <SO_HO_SO>012</SO_HO_SO>
          <SO_GPLX_DA_CO></SO_GPLX_DA_CO>
          <HANG_GPLX_DA_CO></HANG_GPLX_DA_CO>
          <NAM_HOC_LAIXE></NAM_HOC_LAIXE>
          <SO_NAM_LAIXE>0</SO_NAM_LAIXE>
          <SO_KM_ANTOAN>0</SO_KM_ANTOAN>
          <GIAY_CNSK>1</GIAY_CNSK>
          <SO_GIAY_CNTN>053886</SO_GIAY_CNTN>
          <SO_CCN />
          <BC2_GHICHU></BC2_GHICHU>
          <NGAY_RA_QDTN>2024-02-15</NGAY_RA_QDTN>
        </HO_SO>
      </NGUOI_LX>
      <NGUOI_LX>
        <SO_TT>15</SO_TT>
        <MA_DK>79038-20231104101501087</MA_DK>
        <HO_TEN_DEM>NGUYỄN ĐÌNH</HO_TEN_DEM>
        <TEN>DƯƠNG</TEN>
        <HO_VA_TEN>NGUYỄN ĐÌNH DƯƠNG</HO_VA_TEN>
        <NGAY_SINH>20030315</NGAY_SINH>
        <NOI_CT>Thôn 3</NOI_CT>
        <NOI_CT_MA_DVHC>24496</NOI_CT_MA_DVHC>
        <NOI_CT_MA_DVQL>654</NOI_CT_MA_DVQL>
        <SO_CMT>066203003829</SO_CMT>
        <HO_VA_TEN_IN />
        <HO_SO>
          <SO_HO_SO>003</SO_HO_SO>
          <SO_GPLX_DA_CO>660226001612</SO_GPLX_DA_CO>
          <HANG_GPLX_DA_CO>A1</HANG_GPLX_DA_CO>
          <NAM_HOC_LAIXE></NAM_HOC_LAIXE>
          <SO_NAM_LAIXE>0</SO_NAM_LAIXE>
          <SO_KM_ANTOAN>0</SO_KM_ANTOAN>
          <GIAY_CNSK>1</GIAY_CNSK>
          <SO_GIAY_CNTN>054615</SO_GIAY_CNTN>
          <SO_CCN />
          <BC2_GHICHU></BC2_GHICHU>
          <NGAY_RA_QDTN>2024-03-25</NGAY_RA_QDTN>
        </HO_SO>
      </NGUOI_LX>
      <NGUOI_LX>
        <SO_TT>16</SO_TT>
        <MA_DK>79038-20230315111916083</MA_DK>
        <HO_TEN_DEM>NGUYỄN KHÁNH</HO_TEN_DEM>
        <TEN>DUY</TEN>
        <HO_VA_TEN>NGUYỄN KHÁNH DUY</HO_VA_TEN>
        <NGAY_SINH>20030527</NGAY_SINH>
        <NOI_CT>103 Đường Số 9</NOI_CT>
        <NOI_CT_MA_DVHC>27436</NOI_CT_MA_DVHC>
        <NOI_CT_MA_DVQL>777</NOI_CT_MA_DVQL>
        <SO_CMT>086203000280</SO_CMT>
        <HO_VA_TEN_IN />
        <HO_SO>
          <SO_HO_SO>015</SO_HO_SO>
          <SO_GPLX_DA_CO>790210063606</SO_GPLX_DA_CO>
          <HANG_GPLX_DA_CO>A1</HANG_GPLX_DA_CO>
          <NAM_HOC_LAIXE></NAM_HOC_LAIXE>
          <SO_NAM_LAIXE>0</SO_NAM_LAIXE>
          <SO_KM_ANTOAN>0</SO_KM_ANTOAN>
          <GIAY_CNSK>1</GIAY_CNSK>
          <SO_GIAY_CNTN>050634</SO_GIAY_CNTN>
          <SO_CCN />
          <BC2_GHICHU></BC2_GHICHU>
          <NGAY_RA_QDTN>2023-08-02</NGAY_RA_QDTN>
        </HO_SO>
      </NGUOI_LX>
      <NGUOI_LX>
        <SO_TT>17</SO_TT>
        <MA_DK>79038-20220906141509047</MA_DK>
        <HO_TEN_DEM>PHẠM THU</HO_TEN_DEM>
        <TEN>HÀ</TEN>
        <HO_VA_TEN>PHẠM THU HÀ</HO_VA_TEN>
        <NGAY_SINH>19721021</NGAY_SINH>
        <NOI_CT>Kp Lộc Du</NOI_CT>
        <NOI_CT_MA_DVHC>25708</NOI_CT_MA_DVHC>
        <NOI_CT_MA_DVQL>712</NOI_CT_MA_DVQL>
        <SO_CMT>072172004274</SO_CMT>
        <HO_VA_TEN_IN />
        <HO_SO>
          <SO_HO_SO>115</SO_HO_SO>
          <SO_GPLX_DA_CO>721041002087</SO_GPLX_DA_CO>
          <HANG_GPLX_DA_CO>A1</HANG_GPLX_DA_CO>
          <NAM_HOC_LAIXE></NAM_HOC_LAIXE>
          <SO_NAM_LAIXE>0</SO_NAM_LAIXE>
          <SO_KM_ANTOAN>0</SO_KM_ANTOAN>
          <GIAY_CNSK>1</GIAY_CNSK>
          <SO_GIAY_CNTN>048371</SO_GIAY_CNTN>
          <SO_CCN />
          <BC2_GHICHU></BC2_GHICHU>
          <NGAY_RA_QDTN>2023-02-04</NGAY_RA_QDTN>
        </HO_SO>
      </NGUOI_LX>
      <NGUOI_LX>
        <SO_TT>18</SO_TT>
        <MA_DK>79038-20221003155544227</MA_DK>
        <HO_TEN_DEM>LẠI NGỌC</HO_TEN_DEM>
        <TEN>HẢI</TEN>
        <HO_VA_TEN>LẠI NGỌC HẢI</HO_VA_TEN>
        <NGAY_SINH>20030609</NGAY_SINH>
        <NOI_CT>1028/2/6 Tân Kỳ Tân Quý</NOI_CT>
        <NOI_CT_MA_DVHC>27436</NOI_CT_MA_DVHC>
        <NOI_CT_MA_DVQL>777</NOI_CT_MA_DVQL>
        <SO_CMT>079203004769</SO_CMT>
        <HO_VA_TEN_IN />
        <HO_SO>
          <SO_HO_SO>039</SO_HO_SO>
          <SO_GPLX_DA_CO></SO_GPLX_DA_CO>
          <HANG_GPLX_DA_CO></HANG_GPLX_DA_CO>
          <NAM_HOC_LAIXE></NAM_HOC_LAIXE>
          <SO_NAM_LAIXE>0</SO_NAM_LAIXE>
          <SO_KM_ANTOAN>0</SO_KM_ANTOAN>
          <GIAY_CNSK>1</GIAY_CNSK>
          <SO_GIAY_CNTN>048381</SO_GIAY_CNTN>
          <SO_CCN />
          <BC2_GHICHU></BC2_GHICHU>
          <NGAY_RA_QDTN>2023-02-04</NGAY_RA_QDTN>
        </HO_SO>
      </NGUOI_LX>
      <NGUOI_LX>
        <SO_TT>19</SO_TT>
        <MA_DK>79038-20230104082004707</MA_DK>
        <HO_TEN_DEM>TRẦN THANH</HO_TEN_DEM>
        <TEN>HẢI</TEN>
        <HO_VA_TEN>TRẦN THANH HẢI</HO_VA_TEN>
        <NGAY_SINH>19920819</NGAY_SINH>
        <NOI_CT>Khu Phố Lộc Tân</NOI_CT>
        <NOI_CT_MA_DVHC>25717</NOI_CT_MA_DVHC>
        <NOI_CT_MA_DVQL>712</NOI_CT_MA_DVQL>
        <SO_CMT>072092002139</SO_CMT>
        <HO_VA_TEN_IN />
        <HO_SO>
          <SO_HO_SO>065</SO_HO_SO>
          <SO_GPLX_DA_CO>720124008941</SO_GPLX_DA_CO>
          <HANG_GPLX_DA_CO>A1</HANG_GPLX_DA_CO>
          <NAM_HOC_LAIXE></NAM_HOC_LAIXE>
          <SO_NAM_LAIXE>0</SO_NAM_LAIXE>
          <SO_KM_ANTOAN>0</SO_KM_ANTOAN>
          <GIAY_CNSK>1</GIAY_CNSK>
          <SO_GIAY_CNTN>049172</SO_GIAY_CNTN>
          <SO_CCN />
          <BC2_GHICHU></BC2_GHICHU>
          <NGAY_RA_QDTN>2023-04-29</NGAY_RA_QDTN>
        </HO_SO>
      </NGUOI_LX>
      <NGUOI_LX>
        <SO_TT>20</SO_TT>
        <MA_DK>79038-20231104102352220</MA_DK>
        <HO_TEN_DEM>NGUYỄN THỊ DIỆP</HO_TEN_DEM>
        <TEN>HẬU</TEN>
        <HO_VA_TEN>NGUYỄN THỊ DIỆP HẬU</HO_VA_TEN>
        <NGAY_SINH>19990910</NGAY_SINH>
        <NOI_CT>Thôn Phong Tấn</NOI_CT>
        <NOI_CT_MA_DVHC>21976</NOI_CT_MA_DVHC>
        <NOI_CT_MA_DVQL>550</NOI_CT_MA_DVQL>
        <SO_CMT>052199004364</SO_CMT>
        <HO_VA_TEN_IN />
        <HO_SO>
          <SO_HO_SO>008</SO_HO_SO>
          <SO_GPLX_DA_CO></SO_GPLX_DA_CO>
          <HANG_GPLX_DA_CO></HANG_GPLX_DA_CO>
          <NAM_HOC_LAIXE></NAM_HOC_LAIXE>
          <SO_NAM_LAIXE>0</SO_NAM_LAIXE>
          <SO_KM_ANTOAN>0</SO_KM_ANTOAN>
          <GIAY_CNSK>1</GIAY_CNSK>
          <SO_GIAY_CNTN>054616</SO_GIAY_CNTN>
          <SO_CCN />
          <BC2_GHICHU></BC2_GHICHU>
          <NGAY_RA_QDTN>2024-03-25</NGAY_RA_QDTN>
        </HO_SO>
      </NGUOI_LX>
      <NGUOI_LX>
        <SO_TT>21</SO_TT>
        <MA_DK>79038-20231114094123290</MA_DK>
        <HO_TEN_DEM>NGUYỄN THỊ THANH</HO_TEN_DEM>
        <TEN>HIỀN</TEN>
        <HO_VA_TEN>NGUYỄN THỊ THANH HIỀN</HO_VA_TEN>
        <NGAY_SINH>20040910</NGAY_SINH>
        <NOI_CT>100/41 Ấp 5</NOI_CT>
        <NOI_CT_MA_DVHC>27568</NOI_CT_MA_DVHC>
        <NOI_CT_MA_DVQL>784</NOI_CT_MA_DVQL>
        <SO_CMT>079304007296</SO_CMT>
        <HO_VA_TEN_IN />
        <HO_SO>
          <SO_HO_SO>032</SO_HO_SO>
          <SO_GPLX_DA_CO>791227112372</SO_GPLX_DA_CO>
          <HANG_GPLX_DA_CO>A1</HANG_GPLX_DA_CO>
          <NAM_HOC_LAIXE></NAM_HOC_LAIXE>
          <SO_NAM_LAIXE>0</SO_NAM_LAIXE>
          <SO_KM_ANTOAN>0</SO_KM_ANTOAN>
          <GIAY_CNSK>1</GIAY_CNSK>
          <SO_GIAY_CNTN>054331</SO_GIAY_CNTN>
          <SO_CCN />
          <BC2_GHICHU></BC2_GHICHU>
          <NGAY_RA_QDTN>2024-03-09</NGAY_RA_QDTN>
        </HO_SO>
      </NGUOI_LX>
      <NGUOI_LX>
        <SO_TT>22</SO_TT>
        <MA_DK>79038-20231129150038640</MA_DK>
        <HO_TEN_DEM>BÙI NGUYÊN HOÀN</HO_TEN_DEM>
        <TEN>HIẾU</TEN>
        <HO_VA_TEN>BÙI NGUYÊN HOÀN HIẾU</HO_VA_TEN>
        <NGAY_SINH>19781012</NGAY_SINH>
        <NOI_CT>365/36/61 Hậu Giang</NOI_CT>
        <NOI_CT_MA_DVHC>27364</NOI_CT_MA_DVHC>
        <NOI_CT_MA_DVQL>775</NOI_CT_MA_DVQL>
        <SO_CMT>079078003399</SO_CMT>
        <HO_VA_TEN_IN />
        <HO_SO>
          <SO_HO_SO>025</SO_HO_SO>
          <SO_GPLX_DA_CO></SO_GPLX_DA_CO>
          <HANG_GPLX_DA_CO></HANG_GPLX_DA_CO>
          <NAM_HOC_LAIXE></NAM_HOC_LAIXE>
          <SO_NAM_LAIXE>0</SO_NAM_LAIXE>
          <SO_KM_ANTOAN>0</SO_KM_ANTOAN>
          <GIAY_CNSK>1</GIAY_CNSK>
          <SO_GIAY_CNTN>054644</SO_GIAY_CNTN>
          <SO_CCN />
          <BC2_GHICHU></BC2_GHICHU>
          <NGAY_RA_QDTN>2024-03-25</NGAY_RA_QDTN>
        </HO_SO>
      </NGUOI_LX>
      <NGUOI_LX>
        <SO_TT>23</SO_TT>
        <MA_DK>79038-20230822085740583</MA_DK>
        <HO_TEN_DEM>MAI THỊ NGÂN</HO_TEN_DEM>
        <TEN>HOÀ</TEN>
        <HO_VA_TEN>MAI THỊ NGÂN HOÀ</HO_VA_TEN>
        <NGAY_SINH>19761122</NGAY_SINH>
        <NOI_CT>330/5 Phạm Văn Chí</NOI_CT>
        <NOI_CT_MA_DVHC>27373</NOI_CT_MA_DVHC>
        <NOI_CT_MA_DVQL>775</NOI_CT_MA_DVQL>
        <SO_CMT>075176009708</SO_CMT>
        <HO_VA_TEN_IN />
        <HO_SO>
          <SO_HO_SO>042</SO_HO_SO>
          <SO_GPLX_DA_CO></SO_GPLX_DA_CO>
          <HANG_GPLX_DA_CO></HANG_GPLX_DA_CO>
          <NAM_HOC_LAIXE></NAM_HOC_LAIXE>
          <SO_NAM_LAIXE>0</SO_NAM_LAIXE>
          <SO_KM_ANTOAN>0</SO_KM_ANTOAN>
          <GIAY_CNSK>1</GIAY_CNSK>
          <SO_GIAY_CNTN>052803</SO_GIAY_CNTN>
          <SO_CCN />
          <BC2_GHICHU></BC2_GHICHU>
          <NGAY_RA_QDTN>2023-12-06</NGAY_RA_QDTN>
        </HO_SO>
      </NGUOI_LX>
      <NGUOI_LX>
        <SO_TT>24</SO_TT>
        <MA_DK>79038-20230906134150430</MA_DK>
        <HO_TEN_DEM>NGUYỄN VĂN</HO_TEN_DEM>
        <TEN>HOÀ</TEN>
        <HO_VA_TEN>NGUYỄN VĂN HOÀ</HO_VA_TEN>
        <NGAY_SINH>19751028</NGAY_SINH>
        <NOI_CT>Ấp Định Thọ</NOI_CT>
        <NOI_CT_MA_DVHC>25798</NOI_CT_MA_DVHC>
        <NOI_CT_MA_DVQL>720</NOI_CT_MA_DVQL>
        <SO_CMT>074075005785</SO_CMT>
        <HO_VA_TEN_IN />
        <HO_SO>
          <SO_HO_SO>015</SO_HO_SO>
          <SO_GPLX_DA_CO></SO_GPLX_DA_CO>
          <HANG_GPLX_DA_CO></HANG_GPLX_DA_CO>
          <NAM_HOC_LAIXE></NAM_HOC_LAIXE>
          <SO_NAM_LAIXE>0</SO_NAM_LAIXE>
          <SO_KM_ANTOAN>0</SO_KM_ANTOAN>
          <GIAY_CNSK>1</GIAY_CNSK>
          <SO_GIAY_CNTN>053236</SO_GIAY_CNTN>
          <SO_CCN />
          <BC2_GHICHU></BC2_GHICHU>
          <NGAY_RA_QDTN>2023-12-31</NGAY_RA_QDTN>
        </HO_SO>
      </NGUOI_LX>
      <NGUOI_LX>
        <SO_TT>25</SO_TT>
        <MA_DK>79038-20200326-110247</MA_DK>
        <HO_TEN_DEM>NGUYỄN PHÙNG</HO_TEN_DEM>
        <TEN>HỒNG</TEN>
        <HO_VA_TEN>NGUYỄN PHÙNG HỒNG</HO_VA_TEN>
        <NGAY_SINH>19870626</NGAY_SINH>
        <NOI_CT></NOI_CT>
        <NOI_CT_MA_DVHC>17779</NOI_CT_MA_DVHC>
        <NOI_CT_MA_DVQL>428</NOI_CT_MA_DVQL>
        <SO_CMT>186705867</SO_CMT>
        <HO_VA_TEN_IN />
        <HO_SO>
          <SO_HO_SO>061</SO_HO_SO>
          <SO_GPLX_DA_CO>400066008972</SO_GPLX_DA_CO>
          <HANG_GPLX_DA_CO>A1</HANG_GPLX_DA_CO>
          <NAM_HOC_LAIXE>2020</NAM_HOC_LAIXE>
          <SO_NAM_LAIXE>0</SO_NAM_LAIXE>
          <SO_KM_ANTOAN>0</SO_KM_ANTOAN>
          <GIAY_CNSK>1</GIAY_CNSK>
          <SO_GIAY_CNTN>036639</SO_GIAY_CNTN>
          <SO_CCN />
          <BC2_GHICHU />
          <NGAY_RA_QDTN>2020-10-25</NGAY_RA_QDTN>
        </HO_SO>
      </NGUOI_LX>
      <NGUOI_LX>
        <SO_TT>26</SO_TT>
        <MA_DK>79038-20230811102218347</MA_DK>
        <HO_TEN_DEM>VÕ VIỆT</HO_TEN_DEM>
        <TEN>HỒNG</TEN>
        <HO_VA_TEN>VÕ VIỆT HỒNG</HO_VA_TEN>
        <NGAY_SINH>19990805</NGAY_SINH>
        <NOI_CT>Ấp Lộc Hoà</NOI_CT>
        <NOI_CT_MA_DVHC>27940</NOI_CT_MA_DVHC>
        <NOI_CT_MA_DVQL>802</NOI_CT_MA_DVQL>
        <SO_CMT>080099008419</SO_CMT>
        <HO_VA_TEN_IN />
        <HO_SO>
          <SO_HO_SO>002</SO_HO_SO>
          <SO_GPLX_DA_CO></SO_GPLX_DA_CO>
          <HANG_GPLX_DA_CO></HANG_GPLX_DA_CO>
          <NAM_HOC_LAIXE></NAM_HOC_LAIXE>
          <SO_NAM_LAIXE>0</SO_NAM_LAIXE>
          <SO_KM_ANTOAN>0</SO_KM_ANTOAN>
          <GIAY_CNSK>1</GIAY_CNSK>
          <SO_GIAY_CNTN>053208</SO_GIAY_CNTN>
          <SO_CCN />
          <BC2_GHICHU></BC2_GHICHU>
          <NGAY_RA_QDTN>2023-12-31</NGAY_RA_QDTN>
        </HO_SO>
      </NGUOI_LX>
      <NGUOI_LX>
        <SO_TT>27</SO_TT>
        <MA_DK>79038-20230114102308247</MA_DK>
        <HO_TEN_DEM>NGUYỄN ĐOÀN HUY</HO_TEN_DEM>
        <TEN>HÙNG</TEN>
        <HO_VA_TEN>NGUYỄN ĐOÀN HUY HÙNG</HO_VA_TEN>
        <NGAY_SINH>19940425</NGAY_SINH>
        <NOI_CT>7/2D Đường</NOI_CT>
        <NOI_CT_MA_DVHC>27559</NOI_CT_MA_DVHC>
        <NOI_CT_MA_DVQL>784</NOI_CT_MA_DVQL>
        <SO_CMT>079094014745</SO_CMT>
        <HO_VA_TEN_IN />
        <HO_SO>
          <SO_HO_SO>012</SO_HO_SO>
          <SO_GPLX_DA_CO></SO_GPLX_DA_CO>
          <HANG_GPLX_DA_CO></HANG_GPLX_DA_CO>
          <NAM_HOC_LAIXE></NAM_HOC_LAIXE>
          <SO_NAM_LAIXE>0</SO_NAM_LAIXE>
          <SO_KM_ANTOAN>0</SO_KM_ANTOAN>
          <GIAY_CNSK>1</GIAY_CNSK>
          <SO_GIAY_CNTN>053764</SO_GIAY_CNTN>
          <SO_CCN />
          <BC2_GHICHU></BC2_GHICHU>
          <NGAY_RA_QDTN>2024-01-28</NGAY_RA_QDTN>
        </HO_SO>
      </NGUOI_LX>
      <NGUOI_LX>
        <SO_TT>28</SO_TT>
        <MA_DK>79038-20230818144529613</MA_DK>
        <HO_TEN_DEM>TRẦN THỊ</HO_TEN_DEM>
        <TEN>HƯỞNG</TEN>
        <HO_VA_TEN>TRẦN THỊ HƯỞNG</HO_VA_TEN>
        <NGAY_SINH>19840821</NGAY_SINH>
        <NOI_CT>Tổ 1, Trung Hưng</NOI_CT>
        <NOI_CT_MA_DVHC>27505</NOI_CT_MA_DVHC>
        <NOI_CT_MA_DVQL>783</NOI_CT_MA_DVQL>
        <SO_CMT>072184012099</SO_CMT>
        <HO_VA_TEN_IN />
        <HO_SO>
          <SO_HO_SO>023</SO_HO_SO>
          <SO_GPLX_DA_CO></SO_GPLX_DA_CO>
          <HANG_GPLX_DA_CO></HANG_GPLX_DA_CO>
          <NAM_HOC_LAIXE></NAM_HOC_LAIXE>
          <SO_NAM_LAIXE>0</SO_NAM_LAIXE>
          <SO_KM_ANTOAN>0</SO_KM_ANTOAN>
          <GIAY_CNSK>1</GIAY_CNSK>
          <SO_GIAY_CNTN>052768</SO_GIAY_CNTN>
          <SO_CCN />
          <BC2_GHICHU></BC2_GHICHU>
          <NGAY_RA_QDTN>2023-12-06</NGAY_RA_QDTN>
        </HO_SO>
      </NGUOI_LX>
      <NGUOI_LX>
        <SO_TT>29</SO_TT>
        <MA_DK>79038-20230811133615343</MA_DK>
        <HO_TEN_DEM>KHƯU GIA</HO_TEN_DEM>
        <TEN>HUY</TEN>
        <HO_VA_TEN>KHƯU GIA HUY</HO_VA_TEN>
        <NGAY_SINH>20040428</NGAY_SINH>
        <NOI_CT>2/15, Kp Nội Ô A</NOI_CT>
        <NOI_CT_MA_DVHC>25654</NOI_CT_MA_DVHC>
        <NOI_CT_MA_DVQL>710</NOI_CT_MA_DVQL>
        <SO_CMT>072204000197</SO_CMT>
        <HO_VA_TEN_IN />
        <HO_SO>
          <SO_HO_SO>012</SO_HO_SO>
          <SO_GPLX_DA_CO>790220165611</SO_GPLX_DA_CO>
          <HANG_GPLX_DA_CO>A1</HANG_GPLX_DA_CO>
          <NAM_HOC_LAIXE></NAM_HOC_LAIXE>
          <SO_NAM_LAIXE>0</SO_NAM_LAIXE>
          <SO_KM_ANTOAN>0</SO_KM_ANTOAN>
          <GIAY_CNSK>1</GIAY_CNSK>
          <SO_GIAY_CNTN>052804</SO_GIAY_CNTN>
          <SO_CCN />
          <BC2_GHICHU></BC2_GHICHU>
          <NGAY_RA_QDTN>2023-12-06</NGAY_RA_QDTN>
        </HO_SO>
      </NGUOI_LX>
      <NGUOI_LX>
        <SO_TT>30</SO_TT>
        <MA_DK>79038-20220825110857727</MA_DK>
        <HO_TEN_DEM>LÊ THỊ</HO_TEN_DEM>
        <TEN>HUYỀN</TEN>
        <HO_VA_TEN>LÊ THỊ HUYỀN</HO_VA_TEN>
        <NGAY_SINH>19800802</NGAY_SINH>
        <NOI_CT>190B, Mỹ An B</NOI_CT>
        <NOI_CT_MA_DVHC>28792</NOI_CT_MA_DVHC>
        <NOI_CT_MA_DVQL>829</NOI_CT_MA_DVQL>
        <SO_CMT>083180008912</SO_CMT>
        <HO_VA_TEN_IN />
        <HO_SO>
          <SO_HO_SO>023</SO_HO_SO>
          <SO_GPLX_DA_CO>831027000210</SO_GPLX_DA_CO>
          <HANG_GPLX_DA_CO>A1</HANG_GPLX_DA_CO>
          <NAM_HOC_LAIXE></NAM_HOC_LAIXE>
          <SO_NAM_LAIXE>0</SO_NAM_LAIXE>
          <SO_KM_ANTOAN>0</SO_KM_ANTOAN>
          <GIAY_CNSK>1</GIAY_CNSK>
          <SO_GIAY_CNTN>051816</SO_GIAY_CNTN>
          <SO_CCN />
          <BC2_GHICHU></BC2_GHICHU>
          <NGAY_RA_QDTN>2023-10-29</NGAY_RA_QDTN>
        </HO_SO>
      </NGUOI_LX>
      <NGUOI_LX>
        <SO_TT>31</SO_TT>
        <MA_DK>79038-20230926111817133</MA_DK>
        <HO_TEN_DEM>PHẠM HUỲNH ĐĂNG</HO_TEN_DEM>
        <TEN>KHẢI</TEN>
        <HO_VA_TEN>PHẠM HUỲNH ĐĂNG KHẢI</HO_VA_TEN>
        <NGAY_SINH>19860213</NGAY_SINH>
        <NOI_CT>KP Long Bình</NOI_CT>
        <NOI_CT_MA_DVHC>26659</NOI_CT_MA_DVHC>
        <NOI_CT_MA_DVQL>752</NOI_CT_MA_DVQL>
        <SO_CMT>077086001921</SO_CMT>
        <HO_VA_TEN_IN />
        <HO_SO>
          <SO_HO_SO>032</SO_HO_SO>
          <SO_GPLX_DA_CO>770047008777</SO_GPLX_DA_CO>
          <HANG_GPLX_DA_CO>A1</HANG_GPLX_DA_CO>
          <NAM_HOC_LAIXE></NAM_HOC_LAIXE>
          <SO_NAM_LAIXE>0</SO_NAM_LAIXE>
          <SO_KM_ANTOAN>0</SO_KM_ANTOAN>
          <GIAY_CNSK>1</GIAY_CNSK>
          <SO_GIAY_CNTN>053614</SO_GIAY_CNTN>
          <SO_CCN />
          <BC2_GHICHU></BC2_GHICHU>
          <NGAY_RA_QDTN>2024-01-14</NGAY_RA_QDTN>
        </HO_SO>
      </NGUOI_LX>
      <NGUOI_LX>
        <SO_TT>32</SO_TT>
        <MA_DK>79038-20221221090912183</MA_DK>
        <HO_TEN_DEM>BÙI QUANG</HO_TEN_DEM>
        <TEN>KHANH</TEN>
        <HO_VA_TEN>BÙI QUANG KHANH</HO_VA_TEN>
        <NGAY_SINH>19941207</NGAY_SINH>
        <NOI_CT>Thôn 3</NOI_CT>
        <NOI_CT_MA_DVHC>25423</NOI_CT_MA_DVHC>
        <NOI_CT_MA_DVQL>696</NOI_CT_MA_DVQL>
        <SO_CMT>070094001247</SO_CMT>
        <HO_VA_TEN_IN />
        <HO_SO>
          <SO_HO_SO>037</SO_HO_SO>
          <SO_GPLX_DA_CO>700126003689</SO_GPLX_DA_CO>
          <HANG_GPLX_DA_CO>A1</HANG_GPLX_DA_CO>
          <NAM_HOC_LAIXE></NAM_HOC_LAIXE>
          <SO_NAM_LAIXE>0</SO_NAM_LAIXE>
          <SO_KM_ANTOAN>0</SO_KM_ANTOAN>
          <GIAY_CNSK>1</GIAY_CNSK>
          <SO_GIAY_CNTN>053194</SO_GIAY_CNTN>
          <SO_CCN />
          <BC2_GHICHU></BC2_GHICHU>
          <NGAY_RA_QDTN>2023-12-31</NGAY_RA_QDTN>
        </HO_SO>
      </NGUOI_LX>
      <NGUOI_LX>
        <SO_TT>33</SO_TT>
        <MA_DK>79038-20220627152818653</MA_DK>
        <HO_TEN_DEM>VÕ TUẤN</HO_TEN_DEM>
        <TEN>KHANH</TEN>
        <HO_VA_TEN>VÕ TUẤN KHANH</HO_VA_TEN>
        <NGAY_SINH>20040504</NGAY_SINH>
        <NOI_CT>18/29/7 Hoàng Ngọc Phách</NOI_CT>
        <NOI_CT_MA_DVHC>27025</NOI_CT_MA_DVHC>
        <NOI_CT_MA_DVQL>767</NOI_CT_MA_DVQL>
        <SO_CMT>079204002129</SO_CMT>
        <HO_VA_TEN_IN />
        <HO_SO>
          <SO_HO_SO>011</SO_HO_SO>
          <SO_GPLX_DA_CO></SO_GPLX_DA_CO>
          <HANG_GPLX_DA_CO></HANG_GPLX_DA_CO>
          <NAM_HOC_LAIXE></NAM_HOC_LAIXE>
          <SO_NAM_LAIXE>0</SO_NAM_LAIXE>
          <SO_KM_ANTOAN>0</SO_KM_ANTOAN>
          <GIAY_CNSK>1</GIAY_CNSK>
          <SO_GIAY_CNTN>052464</SO_GIAY_CNTN>
          <SO_CCN />
          <BC2_GHICHU></BC2_GHICHU>
          <NGAY_RA_QDTN>2023-11-23</NGAY_RA_QDTN>
        </HO_SO>
      </NGUOI_LX>
      <NGUOI_LX>
        <SO_TT>34</SO_TT>
        <MA_DK>79038-20220823102833143</MA_DK>
        <HO_TEN_DEM>NGUYỄN VĂN</HO_TEN_DEM>
        <TEN>KHÁNH</TEN>
        <HO_VA_TEN>NGUYỄN VĂN KHÁNH</HO_VA_TEN>
        <NGAY_SINH>19840910</NGAY_SINH>
        <NOI_CT>Đình An</NOI_CT>
        <NOI_CT_MA_DVHC>20599</NOI_CT_MA_DVHC>
        <NOI_CT_MA_DVQL>508</NOI_CT_MA_DVQL>
        <SO_CMT>205127714</SO_CMT>
        <HO_VA_TEN_IN />
        <HO_SO>
          <SO_HO_SO>033</SO_HO_SO>
          <SO_GPLX_DA_CO>790218073333</SO_GPLX_DA_CO>
          <HANG_GPLX_DA_CO>A1</HANG_GPLX_DA_CO>
          <NAM_HOC_LAIXE></NAM_HOC_LAIXE>
          <SO_NAM_LAIXE>0</SO_NAM_LAIXE>
          <SO_KM_ANTOAN>0</SO_KM_ANTOAN>
          <GIAY_CNSK>1</GIAY_CNSK>
          <SO_GIAY_CNTN>048355</SO_GIAY_CNTN>
          <SO_CCN />
          <BC2_GHICHU></BC2_GHICHU>
          <NGAY_RA_QDTN>2023-02-04</NGAY_RA_QDTN>
        </HO_SO>
      </NGUOI_LX>
      <NGUOI_LX>
        <SO_TT>35</SO_TT>
        <MA_DK>79038-20230721134836563</MA_DK>
        <HO_TEN_DEM>HUỲNH XUÂN</HO_TEN_DEM>
        <TEN>KHOA</TEN>
        <HO_VA_TEN>HUỲNH XUÂN KHOA</HO_VA_TEN>
        <NGAY_SINH>19880120</NGAY_SINH>
        <NOI_CT>Ấp Bình Định</NOI_CT>
        <NOI_CT_MA_DVHC>32026</NOI_CT_MA_DVHC>
        <NOI_CT_MA_DVQL>964</NOI_CT_MA_DVQL>
        <SO_CMT>096088016221</SO_CMT>
        <HO_VA_TEN_IN />
        <HO_SO>
          <SO_HO_SO>006</SO_HO_SO>
          <SO_GPLX_DA_CO>960132009220</SO_GPLX_DA_CO>
          <HANG_GPLX_DA_CO>A1</HANG_GPLX_DA_CO>
          <NAM_HOC_LAIXE></NAM_HOC_LAIXE>
          <SO_NAM_LAIXE>0</SO_NAM_LAIXE>
          <SO_KM_ANTOAN>0</SO_KM_ANTOAN>
          <GIAY_CNSK>1</GIAY_CNSK>
          <SO_GIAY_CNTN>054600</SO_GIAY_CNTN>
          <SO_CCN />
          <BC2_GHICHU></BC2_GHICHU>
          <NGAY_RA_QDTN>2024-03-25</NGAY_RA_QDTN>
        </HO_SO>
      </NGUOI_LX>
      <NGUOI_LX>
        <SO_TT>36</SO_TT>
        <MA_DK>79038-20231016154152113</MA_DK>
        <HO_TEN_DEM>NGUYỄN ĐĂNG</HO_TEN_DEM>
        <TEN>KHOA</TEN>
        <HO_VA_TEN>NGUYỄN ĐĂNG KHOA</HO_VA_TEN>
        <NGAY_SINH>20050721</NGAY_SINH>
        <NOI_CT>459/89/15 Kp4</NOI_CT>
        <NOI_CT_MA_DVHC>26770</NOI_CT_MA_DVHC>
        <NOI_CT_MA_DVQL>761</NOI_CT_MA_DVQL>
        <SO_CMT>001205028044</SO_CMT>
        <HO_VA_TEN_IN />
        <HO_SO>
          <SO_HO_SO>011</SO_HO_SO>
          <SO_GPLX_DA_CO></SO_GPLX_DA_CO>
          <HANG_GPLX_DA_CO></HANG_GPLX_DA_CO>
          <NAM_HOC_LAIXE></NAM_HOC_LAIXE>
          <SO_NAM_LAIXE>0</SO_NAM_LAIXE>
          <SO_KM_ANTOAN>0</SO_KM_ANTOAN>
          <GIAY_CNSK>1</GIAY_CNSK>
          <SO_GIAY_CNTN>053910</SO_GIAY_CNTN>
          <SO_CCN />
          <BC2_GHICHU></BC2_GHICHU>
          <NGAY_RA_QDTN>2024-02-15</NGAY_RA_QDTN>
        </HO_SO>
      </NGUOI_LX>
      <NGUOI_LX>
        <SO_TT>37</SO_TT>
        <MA_DK>79038-20231121140655740</MA_DK>
        <HO_TEN_DEM>KHỔNG NGỌC</HO_TEN_DEM>
        <TEN>LÃM</TEN>
        <HO_VA_TEN>KHỔNG NGỌC LÃM</HO_VA_TEN>
        <NGAY_SINH>20050505</NGAY_SINH>
        <NOI_CT>Thôn Mới</NOI_CT>
        <NOI_CT_MA_DVHC>08860</NOI_CT_MA_DVHC>
        <NOI_CT_MA_DVQL>245</NOI_CT_MA_DVQL>
        <SO_CMT>026205004403</SO_CMT>
        <HO_VA_TEN_IN />
        <HO_SO>
          <SO_HO_SO>007</SO_HO_SO>
          <SO_GPLX_DA_CO></SO_GPLX_DA_CO>
          <HANG_GPLX_DA_CO></HANG_GPLX_DA_CO>
          <NAM_HOC_LAIXE></NAM_HOC_LAIXE>
          <SO_NAM_LAIXE>0</SO_NAM_LAIXE>
          <SO_KM_ANTOAN>0</SO_KM_ANTOAN>
          <GIAY_CNSK>1</GIAY_CNSK>
          <SO_GIAY_CNTN>054633</SO_GIAY_CNTN>
          <SO_CCN />
          <BC2_GHICHU></BC2_GHICHU>
          <NGAY_RA_QDTN>2024-03-25</NGAY_RA_QDTN>
        </HO_SO>
      </NGUOI_LX>
      <NGUOI_LX>
        <SO_TT>38</SO_TT>
        <MA_DK>79038-20221216104700747</MA_DK>
        <HO_TEN_DEM>NGUYỄN THANH</HO_TEN_DEM>
        <TEN>LIÊM</TEN>
        <HO_VA_TEN>NGUYỄN THANH LIÊM</HO_VA_TEN>
        <NGAY_SINH>19650526</NGAY_SINH>
        <NOI_CT>Thuận Đông</NOI_CT>
        <NOI_CT_MA_DVHC>25699</NOI_CT_MA_DVHC>
        <NOI_CT_MA_DVQL>711</NOI_CT_MA_DVQL>
        <SO_CMT>072065002620</SO_CMT>
        <HO_VA_TEN_IN />
        <HO_SO>
          <SO_HO_SO>013</SO_HO_SO>
          <SO_GPLX_DA_CO></SO_GPLX_DA_CO>
          <HANG_GPLX_DA_CO></HANG_GPLX_DA_CO>
          <NAM_HOC_LAIXE></NAM_HOC_LAIXE>
          <SO_NAM_LAIXE>0</SO_NAM_LAIXE>
          <SO_KM_ANTOAN>0</SO_KM_ANTOAN>
          <GIAY_CNSK>1</GIAY_CNSK>
          <SO_GIAY_CNTN>050146</SO_GIAY_CNTN>
          <SO_CCN />
          <BC2_GHICHU></BC2_GHICHU>
          <NGAY_RA_QDTN>2023-07-12</NGAY_RA_QDTN>
        </HO_SO>
      </NGUOI_LX>
      <NGUOI_LX>
        <SO_TT>39</SO_TT>
        <MA_DK>79038-20221003160227770</MA_DK>
        <HO_TEN_DEM>NGUYỄN THỊ MAI</HO_TEN_DEM>
        <TEN>LIÊN</TEN>
        <HO_VA_TEN>NGUYỄN THỊ MAI LIÊN</HO_VA_TEN>
        <NGAY_SINH>19900917</NGAY_SINH>
        <NOI_CT>1/3 Lê Đức Thọ</NOI_CT>
        <NOI_CT_MA_DVHC>26869</NOI_CT_MA_DVHC>
        <NOI_CT_MA_DVQL>764</NOI_CT_MA_DVQL>
        <SO_CMT>079190021329</SO_CMT>
        <HO_VA_TEN_IN />
        <HO_SO>
          <SO_HO_SO>042</SO_HO_SO>
          <SO_GPLX_DA_CO></SO_GPLX_DA_CO>
          <HANG_GPLX_DA_CO></HANG_GPLX_DA_CO>
          <NAM_HOC_LAIXE></NAM_HOC_LAIXE>
          <SO_NAM_LAIXE>0</SO_NAM_LAIXE>
          <SO_KM_ANTOAN>0</SO_KM_ANTOAN>
          <GIAY_CNSK>1</GIAY_CNSK>
          <SO_GIAY_CNTN>050100</SO_GIAY_CNTN>
          <SO_CCN />
          <BC2_GHICHU></BC2_GHICHU>
          <NGAY_RA_QDTN>2023-07-12</NGAY_RA_QDTN>
        </HO_SO>
      </NGUOI_LX>
      <NGUOI_LX>
        <SO_TT>40</SO_TT>
        <MA_DK>79038-20220823154522297</MA_DK>
        <HO_TEN_DEM>ĐỖ THỊ</HO_TEN_DEM>
        <TEN>LOAN</TEN>
        <HO_VA_TEN>ĐỖ THỊ LOAN</HO_VA_TEN>
        <NGAY_SINH>19830510</NGAY_SINH>
        <NOI_CT>Số 21 Đường 51 Ấp Trạm Bơm</NOI_CT>
        <NOI_CT_MA_DVHC>27553</NOI_CT_MA_DVHC>
        <NOI_CT_MA_DVQL>783</NOI_CT_MA_DVQL>
        <SO_CMT>038183015562</SO_CMT>
        <HO_VA_TEN_IN />
        <HO_SO>
          <SO_HO_SO>093</SO_HO_SO>
          <SO_GPLX_DA_CO></SO_GPLX_DA_CO>
          <HANG_GPLX_DA_CO></HANG_GPLX_DA_CO>
          <NAM_HOC_LAIXE></NAM_HOC_LAIXE>
          <SO_NAM_LAIXE>0</SO_NAM_LAIXE>
          <SO_KM_ANTOAN>0</SO_KM_ANTOAN>
          <GIAY_CNSK>1</GIAY_CNSK>
          <SO_GIAY_CNTN>050080</SO_GIAY_CNTN>
          <SO_CCN />
          <BC2_GHICHU></BC2_GHICHU>
          <NGAY_RA_QDTN>2023-07-12</NGAY_RA_QDTN>
        </HO_SO>
      </NGUOI_LX>
      <NGUOI_LX>
        <SO_TT>41</SO_TT>
        <MA_DK>79038-20221221092013697</MA_DK>
        <HO_TEN_DEM>TRẦN NAM</HO_TEN_DEM>
        <TEN>LONG</TEN>
        <HO_VA_TEN>TRẦN NAM LONG</HO_VA_TEN>
        <NGAY_SINH>19790202</NGAY_SINH>
        <NOI_CT>Thôn 3</NOI_CT>
        <NOI_CT_MA_DVHC>25423</NOI_CT_MA_DVHC>
        <NOI_CT_MA_DVQL>696</NOI_CT_MA_DVQL>
        <SO_CMT>070079007791</SO_CMT>
        <HO_VA_TEN_IN />
        <HO_SO>
          <SO_HO_SO>036</SO_HO_SO>
          <SO_GPLX_DA_CO></SO_GPLX_DA_CO>
          <HANG_GPLX_DA_CO></HANG_GPLX_DA_CO>
          <NAM_HOC_LAIXE></NAM_HOC_LAIXE>
          <SO_NAM_LAIXE>0</SO_NAM_LAIXE>
          <SO_KM_ANTOAN>0</SO_KM_ANTOAN>
          <GIAY_CNSK>1</GIAY_CNSK>
          <SO_GIAY_CNTN>053193</SO_GIAY_CNTN>
          <SO_CCN />
          <BC2_GHICHU></BC2_GHICHU>
          <NGAY_RA_QDTN>2023-12-31</NGAY_RA_QDTN>
        </HO_SO>
      </NGUOI_LX>
      <NGUOI_LX>
        <SO_TT>42</SO_TT>
        <MA_DK>79038-20231114083503470</MA_DK>
        <HO_TEN_DEM>ĐỖ XUÂN</HO_TEN_DEM>
        <TEN>LƯƠNG</TEN>
        <HO_VA_TEN>ĐỖ XUÂN LƯƠNG</HO_VA_TEN>
        <NGAY_SINH>19911024</NGAY_SINH>
        <NOI_CT>KP. Tấn Thạnh 1</NOI_CT>
        <NOI_CT_MA_DVHC>21661</NOI_CT_MA_DVHC>
        <NOI_CT_MA_DVQL>543</NOI_CT_MA_DVQL>
        <SO_CMT>052091006665</SO_CMT>
        <HO_VA_TEN_IN />
        <HO_SO>
          <SO_HO_SO>003</SO_HO_SO>
          <SO_GPLX_DA_CO></SO_GPLX_DA_CO>
          <HANG_GPLX_DA_CO></HANG_GPLX_DA_CO>
          <NAM_HOC_LAIXE></NAM_HOC_LAIXE>
          <SO_NAM_LAIXE>0</SO_NAM_LAIXE>
          <SO_KM_ANTOAN>0</SO_KM_ANTOAN>
          <GIAY_CNSK>1</GIAY_CNSK>
          <SO_GIAY_CNTN>054624</SO_GIAY_CNTN>
          <SO_CCN />
          <BC2_GHICHU></BC2_GHICHU>
          <NGAY_RA_QDTN>2024-03-25</NGAY_RA_QDTN>
        </HO_SO>
      </NGUOI_LX>
      <NGUOI_LX>
        <SO_TT>43</SO_TT>
        <MA_DK>79038-20221130135908670</MA_DK>
        <HO_TEN_DEM>HỨA MINH</HO_TEN_DEM>
        <TEN>MẪN</TEN>
        <HO_VA_TEN>HỨA MINH MẪN</HO_VA_TEN>
        <NGAY_SINH>19930815</NGAY_SINH>
        <NOI_CT>Kp Bến Đình</NOI_CT>
        <NOI_CT_MA_DVHC>26719</NOI_CT_MA_DVHC>
        <NOI_CT_MA_DVQL>754</NOI_CT_MA_DVQL>
        <SO_CMT>077093003208</SO_CMT>
        <HO_VA_TEN_IN />
        <HO_SO>
          <SO_HO_SO>019</SO_HO_SO>
          <SO_GPLX_DA_CO>790194021960</SO_GPLX_DA_CO>
          <HANG_GPLX_DA_CO>A1</HANG_GPLX_DA_CO>
          <NAM_HOC_LAIXE></NAM_HOC_LAIXE>
          <SO_NAM_LAIXE>0</SO_NAM_LAIXE>
          <SO_KM_ANTOAN>0</SO_KM_ANTOAN>
          <GIAY_CNSK>1</GIAY_CNSK>
          <SO_GIAY_CNTN>049162</SO_GIAY_CNTN>
          <SO_CCN />
          <BC2_GHICHU></BC2_GHICHU>
          <NGAY_RA_QDTN>2023-04-29</NGAY_RA_QDTN>
        </HO_SO>
      </NGUOI_LX>
      <NGUOI_LX>
        <SO_TT>44</SO_TT>
        <MA_DK>79038-20230926102926377</MA_DK>
        <HO_TEN_DEM>NGÔ KIỀU</HO_TEN_DEM>
        <TEN>MI</TEN>
        <HO_VA_TEN>NGÔ KIỀU MI</HO_VA_TEN>
        <NGAY_SINH>20040325</NGAY_SINH>
        <NOI_CT>Thôn Lạc Xuân 2</NOI_CT>
        <NOI_CT_MA_DVHC>24934</NOI_CT_MA_DVHC>
        <NOI_CT_MA_DVQL>677</NOI_CT_MA_DVQL>
        <SO_CMT>068304000430</SO_CMT>
        <HO_VA_TEN_IN />
        <HO_SO>
          <SO_HO_SO>032</SO_HO_SO>
          <SO_GPLX_DA_CO></SO_GPLX_DA_CO>
          <HANG_GPLX_DA_CO></HANG_GPLX_DA_CO>
          <NAM_HOC_LAIXE></NAM_HOC_LAIXE>
          <SO_NAM_LAIXE>0</SO_NAM_LAIXE>
          <SO_KM_ANTOAN>0</SO_KM_ANTOAN>
          <GIAY_CNSK>1</GIAY_CNSK>
          <SO_GIAY_CNTN>053582</SO_GIAY_CNTN>
          <SO_CCN />
          <BC2_GHICHU></BC2_GHICHU>
          <NGAY_RA_QDTN>2024-01-14</NGAY_RA_QDTN>
        </HO_SO>
      </NGUOI_LX>
      <NGUOI_LX>
        <SO_TT>45</SO_TT>
        <MA_DK>79038-20170929-130601</MA_DK>
        <HO_TEN_DEM>TRIỆU TÚ</HO_TEN_DEM>
        <TEN>MI</TEN>
        <HO_VA_TEN>TRIỆU TÚ MI</HO_VA_TEN>
        <NGAY_SINH>19880101</NGAY_SINH>
        <NOI_CT>56/1/2 Đường Số 8B</NOI_CT>
        <NOI_CT_MA_DVHC>27439</NOI_CT_MA_DVHC>
        <NOI_CT_MA_DVQL>777</NOI_CT_MA_DVQL>
        <SO_CMT>026001832</SO_CMT>
        <HO_VA_TEN_IN />
        <HO_SO>
          <SO_HO_SO>175</SO_HO_SO>
          <SO_GPLX_DA_CO></SO_GPLX_DA_CO>
          <HANG_GPLX_DA_CO></HANG_GPLX_DA_CO>
          <NAM_HOC_LAIXE></NAM_HOC_LAIXE>
          <SO_NAM_LAIXE>0</SO_NAM_LAIXE>
          <SO_KM_ANTOAN>0</SO_KM_ANTOAN>
          <GIAY_CNSK>1</GIAY_CNSK>
          <SO_GIAY_CNTN>021432</SO_GIAY_CNTN>
          <SO_CCN />
          <BC2_GHICHU></BC2_GHICHU>
          <NGAY_RA_QDTN>2018-01-02</NGAY_RA_QDTN>
        </HO_SO>
      </NGUOI_LX>
      <NGUOI_LX>
        <SO_TT>46</SO_TT>
        <MA_DK>79038-20220825103029693</MA_DK>
        <HO_TEN_DEM>NGUYỄN VĂN</HO_TEN_DEM>
        <TEN>MIỀN</TEN>
        <HO_VA_TEN>NGUYỄN VĂN MIỀN</HO_VA_TEN>
        <NGAY_SINH>19790101</NGAY_SINH>
        <NOI_CT>Ấp Bào</NOI_CT>
        <NOI_CT_MA_DVHC>29539</NOI_CT_MA_DVHC>
        <NOI_CT_MA_DVQL>851</NOI_CT_MA_DVQL>
        <SO_CMT>084079009749</SO_CMT>
        <HO_VA_TEN_IN />
        <HO_SO>
          <SO_HO_SO>007</SO_HO_SO>
          <SO_GPLX_DA_CO>840035002512</SO_GPLX_DA_CO>
          <HANG_GPLX_DA_CO>A1</HANG_GPLX_DA_CO>
          <NAM_HOC_LAIXE></NAM_HOC_LAIXE>
          <SO_NAM_LAIXE>0</SO_NAM_LAIXE>
          <SO_KM_ANTOAN>0</SO_KM_ANTOAN>
          <GIAY_CNSK>1</GIAY_CNSK>
          <SO_GIAY_CNTN>050088</SO_GIAY_CNTN>
          <SO_CCN />
          <BC2_GHICHU></BC2_GHICHU>
          <NGAY_RA_QDTN>2023-07-12</NGAY_RA_QDTN>
        </HO_SO>
      </NGUOI_LX>
      <NGUOI_LX>
        <SO_TT>47</SO_TT>
        <MA_DK>79038-20230916143313787</MA_DK>
        <HO_TEN_DEM>ĐỖ HÀ</HO_TEN_DEM>
        <TEN>MY</TEN>
        <HO_VA_TEN>ĐỖ HÀ MY</HO_VA_TEN>
        <NGAY_SINH>20000904</NGAY_SINH>
        <NOI_CT>KP4</NOI_CT>
        <NOI_CT_MA_DVHC>22780</NOI_CT_MA_DVHC>
        <NOI_CT_MA_DVQL>582</NOI_CT_MA_DVQL>
        <SO_CMT>058300002978</SO_CMT>
        <HO_VA_TEN_IN />
        <HO_SO>
          <SO_HO_SO>002</SO_HO_SO>
          <SO_GPLX_DA_CO>791200124293</SO_GPLX_DA_CO>
          <HANG_GPLX_DA_CO>A1</HANG_GPLX_DA_CO>
          <NAM_HOC_LAIXE></NAM_HOC_LAIXE>
          <SO_NAM_LAIXE>0</SO_NAM_LAIXE>
          <SO_KM_ANTOAN>0</SO_KM_ANTOAN>
          <GIAY_CNSK>1</GIAY_CNSK>
          <SO_GIAY_CNTN>053781</SO_GIAY_CNTN>
          <SO_CCN />
          <BC2_GHICHU></BC2_GHICHU>
          <NGAY_RA_QDTN>2024-01-28</NGAY_RA_QDTN>
        </HO_SO>
      </NGUOI_LX>
      <NGUOI_LX>
        <SO_TT>48</SO_TT>
        <MA_DK>79038-20230721144112460</MA_DK>
        <HO_TEN_DEM>NGUYỄN VĂN</HO_TEN_DEM>
        <TEN>NAM</TEN>
        <HO_VA_TEN>NGUYỄN VĂN NAM</HO_VA_TEN>
        <NGAY_SINH>19810101</NGAY_SINH>
        <NOI_CT>Tổ 6, Ấp 1</NOI_CT>
        <NOI_CT_MA_DVHC>29956</NOI_CT_MA_DVHC>
        <NOI_CT_MA_DVQL>870</NOI_CT_MA_DVQL>
        <SO_CMT>089081007842</SO_CMT>
        <HO_VA_TEN_IN />
        <HO_SO>
          <SO_HO_SO>035</SO_HO_SO>
          <SO_GPLX_DA_CO>790184095870</SO_GPLX_DA_CO>
          <HANG_GPLX_DA_CO>A1</HANG_GPLX_DA_CO>
          <NAM_HOC_LAIXE></NAM_HOC_LAIXE>
          <SO_NAM_LAIXE>0</SO_NAM_LAIXE>
          <SO_KM_ANTOAN>0</SO_KM_ANTOAN>
          <GIAY_CNSK>1</GIAY_CNSK>
          <SO_GIAY_CNTN>053202</SO_GIAY_CNTN>
          <SO_CCN />
          <BC2_GHICHU></BC2_GHICHU>
          <NGAY_RA_QDTN>2023-12-31</NGAY_RA_QDTN>
        </HO_SO>
      </NGUOI_LX>
      <NGUOI_LX>
        <SO_TT>49</SO_TT>
        <MA_DK>79038-20220804163729073</MA_DK>
        <HO_TEN_DEM>TRƯƠNG HỒ HOÀI</HO_TEN_DEM>
        <TEN>NAM</TEN>
        <HO_VA_TEN>TRƯƠNG HỒ HOÀI NAM</HO_VA_TEN>
        <NGAY_SINH>20020529</NGAY_SINH>
        <NOI_CT>25 Nguyễn Minh Châu</NOI_CT>
        <NOI_CT_MA_DVHC>27031</NOI_CT_MA_DVHC>
        <NOI_CT_MA_DVQL>767</NOI_CT_MA_DVQL>
        <SO_CMT>079202019045</SO_CMT>
        <HO_VA_TEN_IN />
        <HO_SO>
          <SO_HO_SO>054</SO_HO_SO>
          <SO_GPLX_DA_CO></SO_GPLX_DA_CO>
          <HANG_GPLX_DA_CO></HANG_GPLX_DA_CO>
          <NAM_HOC_LAIXE></NAM_HOC_LAIXE>
          <SO_NAM_LAIXE>0</SO_NAM_LAIXE>
          <SO_KM_ANTOAN>0</SO_KM_ANTOAN>
          <GIAY_CNSK>1</GIAY_CNSK>
          <SO_GIAY_CNTN>052418</SO_GIAY_CNTN>
          <SO_CCN />
          <BC2_GHICHU></BC2_GHICHU>
          <NGAY_RA_QDTN>2023-11-20</NGAY_RA_QDTN>
        </HO_SO>
      </NGUOI_LX>
      <NGUOI_LX>
        <SO_TT>50</SO_TT>
        <MA_DK>79038-20230314110801670</MA_DK>
        <HO_TEN_DEM>HỒ NGỌC</HO_TEN_DEM>
        <TEN>NGUYÊN</TEN>
        <HO_VA_TEN>HỒ NGỌC NGUYÊN</HO_VA_TEN>
        <NGAY_SINH>19920803</NGAY_SINH>
        <NOI_CT>453/70/13/53 Lê Văn Khương</NOI_CT>
        <NOI_CT_MA_DVHC>26770</NOI_CT_MA_DVHC>
        <NOI_CT_MA_DVQL>761</NOI_CT_MA_DVQL>
        <SO_CMT>051092000153</SO_CMT>
        <HO_VA_TEN_IN />
        <HO_SO>
          <SO_HO_SO>045</SO_HO_SO>
          <SO_GPLX_DA_CO>790113290329</SO_GPLX_DA_CO>
          <HANG_GPLX_DA_CO>A1</HANG_GPLX_DA_CO>
          <NAM_HOC_LAIXE></NAM_HOC_LAIXE>
          <SO_NAM_LAIXE>0</SO_NAM_LAIXE>
          <SO_KM_ANTOAN>0</SO_KM_ANTOAN>
          <GIAY_CNSK>1</GIAY_CNSK>
          <SO_GIAY_CNTN>051831</SO_GIAY_CNTN>
          <SO_CCN />
          <BC2_GHICHU></BC2_GHICHU>
          <NGAY_RA_QDTN>2023-10-29</NGAY_RA_QDTN>
        </HO_SO>
      </NGUOI_LX>
      <NGUOI_LX>
        <SO_TT>51</SO_TT>
        <MA_DK>79038-20230906102931827</MA_DK>
        <HO_TEN_DEM>PHÓ NHƯ</HO_TEN_DEM>
        <TEN>NHƯ</TEN>
        <HO_VA_TEN>PHÓ NHƯ NHƯ</HO_VA_TEN>
        <NGAY_SINH>19900628</NGAY_SINH>
        <NOI_CT>Tổ 21, Khóm 2</NOI_CT>
        <NOI_CT_MA_DVHC>29869</NOI_CT_MA_DVHC>
        <NOI_CT_MA_DVQL>866</NOI_CT_MA_DVQL>
        <SO_CMT>089190014607</SO_CMT>
        <HO_VA_TEN_IN />
        <HO_SO>
          <SO_HO_SO>001</SO_HO_SO>
          <SO_GPLX_DA_CO></SO_GPLX_DA_CO>
          <HANG_GPLX_DA_CO></HANG_GPLX_DA_CO>
          <NAM_HOC_LAIXE></NAM_HOC_LAIXE>
          <SO_NAM_LAIXE>0</SO_NAM_LAIXE>
          <SO_KM_ANTOAN>0</SO_KM_ANTOAN>
          <GIAY_CNSK>1</GIAY_CNSK>
          <SO_GIAY_CNTN>053230</SO_GIAY_CNTN>
          <SO_CCN />
          <BC2_GHICHU></BC2_GHICHU>
          <NGAY_RA_QDTN>2023-12-31</NGAY_RA_QDTN>
        </HO_SO>
      </NGUOI_LX>
      <NGUOI_LX>
        <SO_TT>52</SO_TT>
        <MA_DK>79038-20230721104718157</MA_DK>
        <HO_TEN_DEM>VÕ HỒNG</HO_TEN_DEM>
        <TEN>OANH</TEN>
        <HO_VA_TEN>VÕ HỒNG OANH</HO_VA_TEN>
        <NGAY_SINH>19900218</NGAY_SINH>
        <NOI_CT>Ấp 15</NOI_CT>
        <NOI_CT_MA_DVHC>31924</NOI_CT_MA_DVHC>
        <NOI_CT_MA_DVQL>961</NOI_CT_MA_DVQL>
        <SO_CMT>095190010980</SO_CMT>
        <HO_VA_TEN_IN />
        <HO_SO>
          <SO_HO_SO>032</SO_HO_SO>
          <SO_GPLX_DA_CO>891210002070</SO_GPLX_DA_CO>
          <HANG_GPLX_DA_CO>A1</HANG_GPLX_DA_CO>
          <NAM_HOC_LAIXE></NAM_HOC_LAIXE>
          <SO_NAM_LAIXE>0</SO_NAM_LAIXE>
          <SO_KM_ANTOAN>0</SO_KM_ANTOAN>
          <GIAY_CNSK>1</GIAY_CNSK>
          <SO_GIAY_CNTN>052744</SO_GIAY_CNTN>
          <SO_CCN />
          <BC2_GHICHU></BC2_GHICHU>
          <NGAY_RA_QDTN>2023-12-06</NGAY_RA_QDTN>
        </HO_SO>
      </NGUOI_LX>
      <NGUOI_LX>
        <SO_TT>53</SO_TT>
        <MA_DK>79038-20220627154223333</MA_DK>
        <HO_TEN_DEM>HUỲNH KIM</HO_TEN_DEM>
        <TEN>PHA</TEN>
        <HO_VA_TEN>HUỲNH KIM PHA</HO_VA_TEN>
        <NGAY_SINH>19920420</NGAY_SINH>
        <NOI_CT>Ấp 2</NOI_CT>
        <NOI_CT_MA_DVHC>28000</NOI_CT_MA_DVHC>
        <NOI_CT_MA_DVQL>803</NOI_CT_MA_DVQL>
        <SO_CMT>080192014536</SO_CMT>
        <HO_VA_TEN_IN />
        <HO_SO>
          <SO_HO_SO>017</SO_HO_SO>
          <SO_GPLX_DA_CO></SO_GPLX_DA_CO>
          <HANG_GPLX_DA_CO></HANG_GPLX_DA_CO>
          <NAM_HOC_LAIXE></NAM_HOC_LAIXE>
          <SO_NAM_LAIXE>0</SO_NAM_LAIXE>
          <SO_KM_ANTOAN>0</SO_KM_ANTOAN>
          <GIAY_CNSK>1</GIAY_CNSK>
          <SO_GIAY_CNTN>051810</SO_GIAY_CNTN>
          <SO_CCN />
          <BC2_GHICHU></BC2_GHICHU>
          <NGAY_RA_QDTN>2023-10-29</NGAY_RA_QDTN>
        </HO_SO>
      </NGUOI_LX>
      <NGUOI_LX>
        <SO_TT>54</SO_TT>
        <MA_DK>79038-20231104104146570</MA_DK>
        <HO_TEN_DEM>HỒ VĂN</HO_TEN_DEM>
        <TEN>PHƯƠNG</TEN>
        <HO_VA_TEN>HỒ VĂN PHƯƠNG</HO_VA_TEN>
        <NGAY_SINH>19930712</NGAY_SINH>
        <NOI_CT>Xóm Liên Mỵ</NOI_CT>
        <NOI_CT_MA_DVHC>18649</NOI_CT_MA_DVHC>
        <NOI_CT_MA_DVQL>445</NOI_CT_MA_DVQL>
        <SO_CMT>042093004392</SO_CMT>
        <HO_VA_TEN_IN />
        <HO_SO>
          <SO_HO_SO>015</SO_HO_SO>
          <SO_GPLX_DA_CO>740167010026</SO_GPLX_DA_CO>
          <HANG_GPLX_DA_CO>A1</HANG_GPLX_DA_CO>
          <NAM_HOC_LAIXE></NAM_HOC_LAIXE>
          <SO_NAM_LAIXE>0</SO_NAM_LAIXE>
          <SO_KM_ANTOAN>0</SO_KM_ANTOAN>
          <GIAY_CNSK>1</GIAY_CNSK>
          <SO_GIAY_CNTN>053965</SO_GIAY_CNTN>
          <SO_CCN />
          <BC2_GHICHU></BC2_GHICHU>
          <NGAY_RA_QDTN>2024-02-26</NGAY_RA_QDTN>
        </HO_SO>
      </NGUOI_LX>
      <NGUOI_LX>
        <SO_TT>55</SO_TT>
        <MA_DK>79038-20230811111344427</MA_DK>
        <HO_TEN_DEM>TRÌ NGUYỄN UYÊN</HO_TEN_DEM>
        <TEN>PHƯƠNG</TEN>
        <HO_VA_TEN>TRÌ NGUYỄN UYÊN PHƯƠNG</HO_VA_TEN>
        <NGAY_SINH>20051122</NGAY_SINH>
        <NOI_CT>Ấp 4</NOI_CT>
        <NOI_CT_MA_DVHC>25513</NOI_CT_MA_DVHC>
        <NOI_CT_MA_DVQL>705</NOI_CT_MA_DVQL>
        <SO_CMT>072305000709</SO_CMT>
        <HO_VA_TEN_IN />
        <HO_SO>
          <SO_HO_SO>002</SO_HO_SO>
          <SO_GPLX_DA_CO></SO_GPLX_DA_CO>
          <HANG_GPLX_DA_CO></HANG_GPLX_DA_CO>
          <NAM_HOC_LAIXE></NAM_HOC_LAIXE>
          <SO_NAM_LAIXE>0</SO_NAM_LAIXE>
          <SO_KM_ANTOAN>0</SO_KM_ANTOAN>
          <GIAY_CNSK>1</GIAY_CNSK>
          <SO_GIAY_CNTN>052821</SO_GIAY_CNTN>
          <SO_CCN />
          <BC2_GHICHU></BC2_GHICHU>
          <NGAY_RA_QDTN>2023-12-06</NGAY_RA_QDTN>
        </HO_SO>
      </NGUOI_LX>
      <NGUOI_LX>
        <SO_TT>56</SO_TT>
        <MA_DK>79038-20230811113054370</MA_DK>
        <HO_TEN_DEM>NGUYỄN MINH</HO_TEN_DEM>
        <TEN>QUANG</TEN>
        <HO_VA_TEN>NGUYỄN MINH QUANG</HO_VA_TEN>
        <NGAY_SINH>20050717</NGAY_SINH>
        <NOI_CT>Kp Lộc Khê</NOI_CT>
        <NOI_CT_MA_DVHC>25720</NOI_CT_MA_DVHC>
        <NOI_CT_MA_DVQL>712</NOI_CT_MA_DVQL>
        <SO_CMT>072205005895</SO_CMT>
        <HO_VA_TEN_IN />
        <HO_SO>
          <SO_HO_SO>008</SO_HO_SO>
          <SO_GPLX_DA_CO></SO_GPLX_DA_CO>
          <HANG_GPLX_DA_CO></HANG_GPLX_DA_CO>
          <NAM_HOC_LAIXE></NAM_HOC_LAIXE>
          <SO_NAM_LAIXE>0</SO_NAM_LAIXE>
          <SO_KM_ANTOAN>0</SO_KM_ANTOAN>
          <GIAY_CNSK>1</GIAY_CNSK>
          <SO_GIAY_CNTN>052823</SO_GIAY_CNTN>
          <SO_CCN />
          <BC2_GHICHU></BC2_GHICHU>
          <NGAY_RA_QDTN>2023-12-06</NGAY_RA_QDTN>
        </HO_SO>
      </NGUOI_LX>
      <NGUOI_LX>
        <SO_TT>57</SO_TT>
        <MA_DK>79038-20230626151148770</MA_DK>
        <HO_TEN_DEM>HỒ VĂN</HO_TEN_DEM>
        <TEN>QUỐC</TEN>
        <HO_VA_TEN>HỒ VĂN QUỐC</HO_VA_TEN>
        <NGAY_SINH>19750630</NGAY_SINH>
        <NOI_CT>12/47 Minh Mạng</NOI_CT>
        <NOI_CT_MA_DVHC>19813</NOI_CT_MA_DVHC>
        <NOI_CT_MA_DVQL>474</NOI_CT_MA_DVQL>
        <SO_CMT>045075005491</SO_CMT>
        <HO_VA_TEN_IN />
        <HO_SO>
          <SO_HO_SO>008</SO_HO_SO>
          <SO_GPLX_DA_CO></SO_GPLX_DA_CO>
          <HANG_GPLX_DA_CO></HANG_GPLX_DA_CO>
          <NAM_HOC_LAIXE></NAM_HOC_LAIXE>
          <SO_NAM_LAIXE>0</SO_NAM_LAIXE>
          <SO_KM_ANTOAN>0</SO_KM_ANTOAN>
          <GIAY_CNSK>1</GIAY_CNSK>
          <SO_GIAY_CNTN>051889</SO_GIAY_CNTN>
          <SO_CCN />
          <BC2_GHICHU></BC2_GHICHU>
          <NGAY_RA_QDTN>2023-10-29</NGAY_RA_QDTN>
        </HO_SO>
      </NGUOI_LX>
      <NGUOI_LX>
        <SO_TT>58</SO_TT>
        <MA_DK>79038-20220823155855773</MA_DK>
        <HO_TEN_DEM>TRẦN THỊ THÚY</HO_TEN_DEM>
        <TEN>QUỲNH</TEN>
        <HO_VA_TEN>TRẦN THỊ THÚY QUỲNH</HO_VA_TEN>
        <NGAY_SINH>20020312</NGAY_SINH>
        <NOI_CT>Tổ 4, Ấp Thượng</NOI_CT>
        <NOI_CT_MA_DVHC>27556</NOI_CT_MA_DVHC>
        <NOI_CT_MA_DVQL>783</NOI_CT_MA_DVQL>
        <SO_CMT>139302000001</SO_CMT>
        <HO_VA_TEN_IN />
        <HO_SO>
          <SO_HO_SO>102</SO_HO_SO>
          <SO_GPLX_DA_CO></SO_GPLX_DA_CO>
          <HANG_GPLX_DA_CO></HANG_GPLX_DA_CO>
          <NAM_HOC_LAIXE></NAM_HOC_LAIXE>
          <SO_NAM_LAIXE>0</SO_NAM_LAIXE>
          <SO_KM_ANTOAN>0</SO_KM_ANTOAN>
          <GIAY_CNSK>1</GIAY_CNSK>
          <SO_GIAY_CNTN>051052</SO_GIAY_CNTN>
          <SO_CCN />
          <BC2_GHICHU></BC2_GHICHU>
          <NGAY_RA_QDTN>2023-08-21</NGAY_RA_QDTN>
        </HO_SO>
      </NGUOI_LX>
      <NGUOI_LX>
        <SO_TT>59</SO_TT>
        <MA_DK>79038-20231201144246010</MA_DK>
        <HO_TEN_DEM>NGUYỄN HỮU</HO_TEN_DEM>
        <TEN>SANH</TEN>
        <HO_VA_TEN>NGUYỄN HỮU SANH</HO_VA_TEN>
        <NGAY_SINH>19790220</NGAY_SINH>
        <NOI_CT>Thôn 4</NOI_CT>
        <NOI_CT_MA_DVHC>23377</NOI_CT_MA_DVHC>
        <NOI_CT_MA_DVQL>611</NOI_CT_MA_DVQL>
        <SO_CMT>042079004315</SO_CMT>
        <HO_VA_TEN_IN />
        <HO_SO>
          <SO_HO_SO>015</SO_HO_SO>
          <SO_GPLX_DA_CO></SO_GPLX_DA_CO>
          <HANG_GPLX_DA_CO></HANG_GPLX_DA_CO>
          <NAM_HOC_LAIXE></NAM_HOC_LAIXE>
          <SO_NAM_LAIXE>0</SO_NAM_LAIXE>
          <SO_KM_ANTOAN>0</SO_KM_ANTOAN>
          <GIAY_CNSK>1</GIAY_CNSK>
          <SO_GIAY_CNTN>054669</SO_GIAY_CNTN>
          <SO_CCN />
          <BC2_GHICHU></BC2_GHICHU>
          <NGAY_RA_QDTN>2024-03-25</NGAY_RA_QDTN>
        </HO_SO>
      </NGUOI_LX>
      <NGUOI_LX>
        <SO_TT>60</SO_TT>
        <MA_DK>79038-20221217085124467</MA_DK>
        <HO_TEN_DEM>TRẦN THANH</HO_TEN_DEM>
        <TEN>SƠN</TEN>
        <HO_VA_TEN>TRẦN THANH SƠN</HO_VA_TEN>
        <NGAY_SINH>19851116</NGAY_SINH>
        <NOI_CT>18B Nguyễn Huy Tự</NOI_CT>
        <NOI_CT_MA_DVHC>26737</NOI_CT_MA_DVHC>
        <NOI_CT_MA_DVQL>760</NOI_CT_MA_DVQL>
        <SO_CMT>079085005944</SO_CMT>
        <HO_VA_TEN_IN />
        <HO_SO>
          <SO_HO_SO>021</SO_HO_SO>
          <SO_GPLX_DA_CO></SO_GPLX_DA_CO>
          <HANG_GPLX_DA_CO></HANG_GPLX_DA_CO>
          <NAM_HOC_LAIXE></NAM_HOC_LAIXE>
          <SO_NAM_LAIXE>0</SO_NAM_LAIXE>
          <SO_KM_ANTOAN>0</SO_KM_ANTOAN>
          <GIAY_CNSK>1</GIAY_CNSK>
          <SO_GIAY_CNTN>052423</SO_GIAY_CNTN>
          <SO_CCN />
          <BC2_GHICHU></BC2_GHICHU>
          <NGAY_RA_QDTN>2023-11-20</NGAY_RA_QDTN>
        </HO_SO>
      </NGUOI_LX>
      <NGUOI_LX>
        <SO_TT>61</SO_TT>
        <MA_DK>79038-20220906103246633</MA_DK>
        <HO_TEN_DEM>LA QUỐC</HO_TEN_DEM>
        <TEN>SỸ</TEN>
        <HO_VA_TEN>LA QUỐC SỸ</HO_VA_TEN>
        <NGAY_SINH>19920611</NGAY_SINH>
        <NOI_CT>146A/1 Khu Phố 1</NOI_CT>
        <NOI_CT_MA_DVHC>27937</NOI_CT_MA_DVHC>
        <NOI_CT_MA_DVQL>802</NOI_CT_MA_DVQL>
        <SO_CMT>080092017482</SO_CMT>
        <HO_VA_TEN_IN />
        <HO_SO>
          <SO_HO_SO>095</SO_HO_SO>
          <SO_GPLX_DA_CO></SO_GPLX_DA_CO>
          <HANG_GPLX_DA_CO></HANG_GPLX_DA_CO>
          <NAM_HOC_LAIXE></NAM_HOC_LAIXE>
          <SO_NAM_LAIXE>0</SO_NAM_LAIXE>
          <SO_KM_ANTOAN>0</SO_KM_ANTOAN>
          <GIAY_CNSK>1</GIAY_CNSK>
          <SO_GIAY_CNTN>048377</SO_GIAY_CNTN>
          <SO_CCN />
          <BC2_GHICHU></BC2_GHICHU>
          <NGAY_RA_QDTN>2023-02-04</NGAY_RA_QDTN>
        </HO_SO>
      </NGUOI_LX>
      <NGUOI_LX>
        <SO_TT>62</SO_TT>
        <MA_DK>79038-20230918141054250</MA_DK>
        <HO_TEN_DEM>NGUYỄN NGỌC</HO_TEN_DEM>
        <TEN>TÀI</TEN>
        <HO_VA_TEN>NGUYỄN NGỌC TÀI</HO_VA_TEN>
        <NGAY_SINH>19971112</NGAY_SINH>
        <NOI_CT>154/29/23 Phạm Văn Hai</NOI_CT>
        <NOI_CT_MA_DVHC>26980</NOI_CT_MA_DVHC>
        <NOI_CT_MA_DVQL>766</NOI_CT_MA_DVQL>
        <SO_CMT>079097030077</SO_CMT>
        <HO_VA_TEN_IN />
        <HO_SO>
          <SO_HO_SO>025</SO_HO_SO>
          <SO_GPLX_DA_CO>790163082505</SO_GPLX_DA_CO>
          <HANG_GPLX_DA_CO>A1</HANG_GPLX_DA_CO>
          <NAM_HOC_LAIXE></NAM_HOC_LAIXE>
          <SO_NAM_LAIXE>0</SO_NAM_LAIXE>
          <SO_KM_ANTOAN>0</SO_KM_ANTOAN>
          <GIAY_CNSK>1</GIAY_CNSK>
          <SO_GIAY_CNTN>054605</SO_GIAY_CNTN>
          <SO_CCN />
          <BC2_GHICHU></BC2_GHICHU>
          <NGAY_RA_QDTN>2024-03-25</NGAY_RA_QDTN>
        </HO_SO>
      </NGUOI_LX>
      <NGUOI_LX>
        <SO_TT>63</SO_TT>
        <MA_DK>79038-20231016150824273</MA_DK>
        <HO_TEN_DEM>NGUYỄN TRỌNG</HO_TEN_DEM>
        <TEN>TÀI</TEN>
        <HO_VA_TEN>NGUYỄN TRỌNG TÀI</HO_VA_TEN>
        <NGAY_SINH>19910510</NGAY_SINH>
        <NOI_CT>Thôn Thuận Sơn</NOI_CT>
        <NOI_CT_MA_DVHC>18130</NOI_CT_MA_DVHC>
        <NOI_CT_MA_DVQL>437</NOI_CT_MA_DVQL>
        <SO_CMT>042091011984</SO_CMT>
        <HO_VA_TEN_IN />
        <HO_SO>
          <SO_HO_SO>009</SO_HO_SO>
          <SO_GPLX_DA_CO></SO_GPLX_DA_CO>
          <HANG_GPLX_DA_CO></HANG_GPLX_DA_CO>
          <NAM_HOC_LAIXE></NAM_HOC_LAIXE>
          <SO_NAM_LAIXE>0</SO_NAM_LAIXE>
          <SO_KM_ANTOAN>0</SO_KM_ANTOAN>
          <GIAY_CNSK>1</GIAY_CNSK>
          <SO_GIAY_CNTN>053918</SO_GIAY_CNTN>
          <SO_CCN />
          <BC2_GHICHU></BC2_GHICHU>
          <NGAY_RA_QDTN>2024-02-15</NGAY_RA_QDTN>
        </HO_SO>
      </NGUOI_LX>
      <NGUOI_LX>
        <SO_TT>64</SO_TT>
        <MA_DK>79038-20220627154040160</MA_DK>
        <HO_TEN_DEM>HUỲNH THỊ THANH</HO_TEN_DEM>
        <TEN>TÂM</TEN>
        <HO_VA_TEN>HUỲNH THỊ THANH TÂM</HO_VA_TEN>
        <NGAY_SINH>19851229</NGAY_SINH>
        <NOI_CT>Ấp 2</NOI_CT>
        <NOI_CT_MA_DVHC>28000</NOI_CT_MA_DVHC>
        <NOI_CT_MA_DVQL>803</NOI_CT_MA_DVQL>
        <SO_CMT>060185013337</SO_CMT>
        <HO_VA_TEN_IN />
        <HO_SO>
          <SO_HO_SO>016</SO_HO_SO>
          <SO_GPLX_DA_CO></SO_GPLX_DA_CO>
          <HANG_GPLX_DA_CO></HANG_GPLX_DA_CO>
          <NAM_HOC_LAIXE></NAM_HOC_LAIXE>
          <SO_NAM_LAIXE>0</SO_NAM_LAIXE>
          <SO_KM_ANTOAN>0</SO_KM_ANTOAN>
          <GIAY_CNSK>1</GIAY_CNSK>
          <SO_GIAY_CNTN>052416</SO_GIAY_CNTN>
          <SO_CCN />
          <BC2_GHICHU></BC2_GHICHU>
          <NGAY_RA_QDTN>2023-11-20</NGAY_RA_QDTN>
        </HO_SO>
      </NGUOI_LX>
      <NGUOI_LX>
        <SO_TT>65</SO_TT>
        <MA_DK>79038-20230218134958533</MA_DK>
        <HO_TEN_DEM>NGUYỄN DUY</HO_TEN_DEM>
        <TEN>TÂN</TEN>
        <HO_VA_TEN>NGUYỄN DUY TÂN</HO_VA_TEN>
        <NGAY_SINH>19990124</NGAY_SINH>
        <NOI_CT>Bàu Tép</NOI_CT>
        <NOI_CT_MA_DVHC>25693</NOI_CT_MA_DVHC>
        <NOI_CT_MA_DVQL>711</NOI_CT_MA_DVQL>
        <SO_CMT>072099005008</SO_CMT>
        <HO_VA_TEN_IN />
        <HO_SO>
          <SO_HO_SO>023</SO_HO_SO>
          <SO_GPLX_DA_CO></SO_GPLX_DA_CO>
          <HANG_GPLX_DA_CO></HANG_GPLX_DA_CO>
          <NAM_HOC_LAIXE></NAM_HOC_LAIXE>
          <SO_NAM_LAIXE>0</SO_NAM_LAIXE>
          <SO_KM_ANTOAN>0</SO_KM_ANTOAN>
          <GIAY_CNSK>1</GIAY_CNSK>
          <SO_GIAY_CNTN>050655</SO_GIAY_CNTN>
          <SO_CCN />
          <BC2_GHICHU></BC2_GHICHU>
          <NGAY_RA_QDTN>2023-08-02</NGAY_RA_QDTN>
        </HO_SO>
      </NGUOI_LX>
      <NGUOI_LX>
        <SO_TT>66</SO_TT>
        <MA_DK>79038-20230721135042250</MA_DK>
        <HO_TEN_DEM>NGUYỄN THÀNH</HO_TEN_DEM>
        <TEN>TẤN</TEN>
        <HO_VA_TEN>NGUYỄN THÀNH TẤN</HO_VA_TEN>
        <NGAY_SINH>20010928</NGAY_SINH>
        <NOI_CT>Tổ 8, Ấp Phú Thuận</NOI_CT>
        <NOI_CT_MA_DVHC>28486</NOI_CT_MA_DVHC>
        <NOI_CT_MA_DVQL>817</NOI_CT_MA_DVQL>
        <SO_CMT>082201010138</SO_CMT>
        <HO_VA_TEN_IN />
        <HO_SO>
          <SO_HO_SO>007</SO_HO_SO>
          <SO_GPLX_DA_CO>820222003410</SO_GPLX_DA_CO>
          <HANG_GPLX_DA_CO>A1</HANG_GPLX_DA_CO>
          <NAM_HOC_LAIXE></NAM_HOC_LAIXE>
          <SO_NAM_LAIXE>0</SO_NAM_LAIXE>
          <SO_KM_ANTOAN>0</SO_KM_ANTOAN>
          <GIAY_CNSK>1</GIAY_CNSK>
          <SO_GIAY_CNTN>053204</SO_GIAY_CNTN>
          <SO_CCN />
          <BC2_GHICHU></BC2_GHICHU>
          <NGAY_RA_QDTN>2023-12-31</NGAY_RA_QDTN>
        </HO_SO>
      </NGUOI_LX>
      <NGUOI_LX>
        <SO_TT>67</SO_TT>
        <MA_DK>79038-20231104102210370</MA_DK>
        <HO_TEN_DEM>HOÀNG VĂN</HO_TEN_DEM>
        <TEN>TĂNG</TEN>
        <HO_VA_TEN>HOÀNG VĂN TĂNG</HO_VA_TEN>
        <NGAY_SINH>19930310</NGAY_SINH>
        <NOI_CT>Thôn Quan Nam</NOI_CT>
        <NOI_CT_MA_DVHC>18412</NOI_CT_MA_DVHC>
        <NOI_CT_MA_DVQL>448</NOI_CT_MA_DVQL>
        <SO_CMT>042093018062</SO_CMT>
        <HO_VA_TEN_IN />
        <HO_SO>
          <SO_HO_SO>007</SO_HO_SO>
          <SO_GPLX_DA_CO></SO_GPLX_DA_CO>
          <HANG_GPLX_DA_CO></HANG_GPLX_DA_CO>
          <NAM_HOC_LAIXE></NAM_HOC_LAIXE>
          <SO_NAM_LAIXE>0</SO_NAM_LAIXE>
          <SO_KM_ANTOAN>0</SO_KM_ANTOAN>
          <GIAY_CNSK>1</GIAY_CNSK>
          <SO_GIAY_CNTN>054619</SO_GIAY_CNTN>
          <SO_CCN />
          <BC2_GHICHU></BC2_GHICHU>
          <NGAY_RA_QDTN>2024-03-25</NGAY_RA_QDTN>
        </HO_SO>
      </NGUOI_LX>
      <NGUOI_LX>
        <SO_TT>68</SO_TT>
        <MA_DK>79038-20231129141251803</MA_DK>
        <HO_TEN_DEM>CHÂU NGỌC</HO_TEN_DEM>
        <TEN>THẮNG</TEN>
        <HO_VA_TEN>CHÂU NGỌC THẮNG</HO_VA_TEN>
        <NGAY_SINH>20030210</NGAY_SINH>
        <NOI_CT>Tổ 3, Ấp 1</NOI_CT>
        <NOI_CT_MA_DVHC>26209</NOI_CT_MA_DVHC>
        <NOI_CT_MA_DVQL>736</NOI_CT_MA_DVQL>
        <SO_CMT>075203021298</SO_CMT>
        <HO_VA_TEN_IN />
        <HO_SO>
          <SO_HO_SO>006</SO_HO_SO>
          <SO_GPLX_DA_CO>750217013657</SO_GPLX_DA_CO>
          <HANG_GPLX_DA_CO>A1</HANG_GPLX_DA_CO>
          <NAM_HOC_LAIXE></NAM_HOC_LAIXE>
          <SO_NAM_LAIXE>0</SO_NAM_LAIXE>
          <SO_KM_ANTOAN>0</SO_KM_ANTOAN>
          <GIAY_CNSK>1</GIAY_CNSK>
          <SO_GIAY_CNTN>054653</SO_GIAY_CNTN>
          <SO_CCN />
          <BC2_GHICHU></BC2_GHICHU>
          <NGAY_RA_QDTN>2024-03-25</NGAY_RA_QDTN>
        </HO_SO>
      </NGUOI_LX>
      <NGUOI_LX>
        <SO_TT>69</SO_TT>
        <MA_DK>79038-20201210155300547</MA_DK>
        <HO_TEN_DEM>VŨ ĐỨC</HO_TEN_DEM>
        <TEN>THẮNG</TEN>
        <HO_VA_TEN>VŨ ĐỨC THẮNG</HO_VA_TEN>
        <NGAY_SINH>19950801</NGAY_SINH>
        <NOI_CT>Ấp 4</NOI_CT>
        <NOI_CT_MA_DVHC>25210</NOI_CT_MA_DVHC>
        <NOI_CT_MA_DVQL>689</NOI_CT_MA_DVQL>
        <SO_CMT>285659758</SO_CMT>
        <HO_VA_TEN_IN />
        <HO_SO>
          <SO_HO_SO>102</SO_HO_SO>
          <SO_GPLX_DA_CO>790142683707</SO_GPLX_DA_CO>
          <HANG_GPLX_DA_CO>A1</HANG_GPLX_DA_CO>
          <NAM_HOC_LAIXE>2020</NAM_HOC_LAIXE>
          <SO_NAM_LAIXE>0</SO_NAM_LAIXE>
          <SO_KM_ANTOAN>0</SO_KM_ANTOAN>
          <GIAY_CNSK>1</GIAY_CNSK>
          <SO_GIAY_CNTN>039619</SO_GIAY_CNTN>
          <SO_CCN />
          <BC2_GHICHU />
          <NGAY_RA_QDTN>2021-11-01</NGAY_RA_QDTN>
        </HO_SO>
      </NGUOI_LX>
      <NGUOI_LX>
        <SO_TT>70</SO_TT>
        <MA_DK>79038-20220906103844473</MA_DK>
        <HO_TEN_DEM>NGUYỄN THANH</HO_TEN_DEM>
        <TEN>THẢO</TEN>
        <HO_VA_TEN>NGUYỄN THANH THẢO</HO_VA_TEN>
        <NGAY_SINH>19720101</NGAY_SINH>
        <NOI_CT>Khu Phố 5</NOI_CT>
        <NOI_CT_MA_DVHC>27937</NOI_CT_MA_DVHC>
        <NOI_CT_MA_DVQL>802</NOI_CT_MA_DVQL>
        <SO_CMT>080072012250</SO_CMT>
        <HO_VA_TEN_IN />
        <HO_SO>
          <SO_HO_SO>098</SO_HO_SO>
          <SO_GPLX_DA_CO></SO_GPLX_DA_CO>
          <HANG_GPLX_DA_CO></HANG_GPLX_DA_CO>
          <NAM_HOC_LAIXE></NAM_HOC_LAIXE>
          <SO_NAM_LAIXE>0</SO_NAM_LAIXE>
          <SO_KM_ANTOAN>0</SO_KM_ANTOAN>
          <GIAY_CNSK>1</GIAY_CNSK>
          <SO_GIAY_CNTN>050093</SO_GIAY_CNTN>
          <SO_CCN />
          <BC2_GHICHU></BC2_GHICHU>
          <NGAY_RA_QDTN>2023-07-12</NGAY_RA_QDTN>
        </HO_SO>
      </NGUOI_LX>
      <NGUOI_LX>
        <SO_TT>71</SO_TT>
        <MA_DK>79038-20230926103241350</MA_DK>
        <HO_TEN_DEM>TRẦN THỊ THU</HO_TEN_DEM>
        <TEN>THẢO</TEN>
        <HO_VA_TEN>TRẦN THỊ THU THẢO</HO_VA_TEN>
        <NGAY_SINH>19951011</NGAY_SINH>
        <NOI_CT>Khu Phố 5</NOI_CT>
        <NOI_CT_MA_DVHC>26071</NOI_CT_MA_DVHC>
        <NOI_CT_MA_DVQL>732</NOI_CT_MA_DVQL>
        <SO_CMT>075195020769</SO_CMT>
        <HO_VA_TEN_IN />
        <HO_SO>
          <SO_HO_SO>033</SO_HO_SO>
          <SO_GPLX_DA_CO>791187005132</SO_GPLX_DA_CO>
          <HANG_GPLX_DA_CO>A1</HANG_GPLX_DA_CO>
          <NAM_HOC_LAIXE></NAM_HOC_LAIXE>
          <SO_NAM_LAIXE>0</SO_NAM_LAIXE>
          <SO_KM_ANTOAN>0</SO_KM_ANTOAN>
          <GIAY_CNSK>1</GIAY_CNSK>
          <SO_GIAY_CNTN>053594</SO_GIAY_CNTN>
          <SO_CCN />
          <BC2_GHICHU></BC2_GHICHU>
          <NGAY_RA_QDTN>2024-01-14</NGAY_RA_QDTN>
        </HO_SO>
      </NGUOI_LX>
      <NGUOI_LX>
        <SO_TT>72</SO_TT>
        <MA_DK>79038-20231013160425387</MA_DK>
        <HO_TEN_DEM>HÀ VĂN</HO_TEN_DEM>
        <TEN>THẠO</TEN>
        <HO_VA_TEN>HÀ VĂN THẠO</HO_VA_TEN>
        <NGAY_SINH>19910116</NGAY_SINH>
        <NOI_CT>Thôn Ngọc Hoà</NOI_CT>
        <NOI_CT_MA_DVHC>11185</NOI_CT_MA_DVHC>
        <NOI_CT_MA_DVQL>299</NOI_CT_MA_DVQL>
        <SO_CMT>030091002929</SO_CMT>
        <HO_VA_TEN_IN />
        <HO_SO>
          <SO_HO_SO>025</SO_HO_SO>
          <SO_GPLX_DA_CO>010209085832</SO_GPLX_DA_CO>
          <HANG_GPLX_DA_CO>A1</HANG_GPLX_DA_CO>
          <NAM_HOC_LAIXE></NAM_HOC_LAIXE>
          <SO_NAM_LAIXE>0</SO_NAM_LAIXE>
          <SO_KM_ANTOAN>0</SO_KM_ANTOAN>
          <GIAY_CNSK>1</GIAY_CNSK>
          <SO_GIAY_CNTN>053898</SO_GIAY_CNTN>
          <SO_CCN />
          <BC2_GHICHU></BC2_GHICHU>
          <NGAY_RA_QDTN>2024-02-15</NGAY_RA_QDTN>
        </HO_SO>
      </NGUOI_LX>
      <NGUOI_LX>
        <SO_TT>73</SO_TT>
        <MA_DK>79038-20220804142633620</MA_DK>
        <HO_TEN_DEM>NGUYỄN PHƯỚC</HO_TEN_DEM>
        <TEN>THIỆN</TEN>
        <HO_VA_TEN>NGUYỄN PHƯỚC THIỆN</HO_VA_TEN>
        <NGAY_SINH>19921222</NGAY_SINH>
        <NOI_CT>Ấp 4</NOI_CT>
        <NOI_CT_MA_DVHC>28000</NOI_CT_MA_DVHC>
        <NOI_CT_MA_DVQL>803</NOI_CT_MA_DVQL>
        <SO_CMT>080092006051</SO_CMT>
        <HO_VA_TEN_IN />
        <HO_SO>
          <SO_HO_SO>010</SO_HO_SO>
          <SO_GPLX_DA_CO></SO_GPLX_DA_CO>
          <HANG_GPLX_DA_CO></HANG_GPLX_DA_CO>
          <NAM_HOC_LAIXE></NAM_HOC_LAIXE>
          <SO_NAM_LAIXE>0</SO_NAM_LAIXE>
          <SO_KM_ANTOAN>0</SO_KM_ANTOAN>
          <GIAY_CNSK>1</GIAY_CNSK>
          <SO_GIAY_CNTN>051058</SO_GIAY_CNTN>
          <SO_CCN />
          <BC2_GHICHU></BC2_GHICHU>
          <NGAY_RA_QDTN>2023-08-21</NGAY_RA_QDTN>
        </HO_SO>
      </NGUOI_LX>
      <NGUOI_LX>
        <SO_TT>74</SO_TT>
        <MA_DK>79038-20231013161834397</MA_DK>
        <HO_TEN_DEM>NGUYỄN THỊ</HO_TEN_DEM>
        <TEN>THÍNH</TEN>
        <HO_VA_TEN>NGUYỄN THỊ THÍNH</HO_VA_TEN>
        <NGAY_SINH>19860915</NGAY_SINH>
        <NOI_CT>Ấp Vĩnh Quí</NOI_CT>
        <NOI_CT_MA_DVHC>28576</NOI_CT_MA_DVHC>
        <NOI_CT_MA_DVQL>821</NOI_CT_MA_DVQL>
        <SO_CMT>054186005561</SO_CMT>
        <HO_VA_TEN_IN />
        <HO_SO>
          <SO_HO_SO>005</SO_HO_SO>
          <SO_GPLX_DA_CO>791085234155</SO_GPLX_DA_CO>
          <HANG_GPLX_DA_CO>A1</HANG_GPLX_DA_CO>
          <NAM_HOC_LAIXE></NAM_HOC_LAIXE>
          <SO_NAM_LAIXE>0</SO_NAM_LAIXE>
          <SO_KM_ANTOAN>0</SO_KM_ANTOAN>
          <GIAY_CNSK>1</GIAY_CNSK>
          <SO_GIAY_CNTN>053963</SO_GIAY_CNTN>
          <SO_CCN />
          <BC2_GHICHU></BC2_GHICHU>
          <NGAY_RA_QDTN>2024-02-26</NGAY_RA_QDTN>
        </HO_SO>
      </NGUOI_LX>
      <NGUOI_LX>
        <SO_TT>75</SO_TT>
        <MA_DK>79038-20221217085524913</MA_DK>
        <HO_TEN_DEM>ĐỖ TRỌNG</HO_TEN_DEM>
        <TEN>THỊNH</TEN>
        <HO_VA_TEN>ĐỖ TRỌNG THỊNH</HO_VA_TEN>
        <NGAY_SINH>19760521</NGAY_SINH>
        <NOI_CT>Tổ 5A, Ấp Hậu</NOI_CT>
        <NOI_CT_MA_DVHC>27556</NOI_CT_MA_DVHC>
        <NOI_CT_MA_DVQL>783</NOI_CT_MA_DVQL>
        <SO_CMT>034076026116</SO_CMT>
        <HO_VA_TEN_IN />
        <HO_SO>
          <SO_HO_SO>023</SO_HO_SO>
          <SO_GPLX_DA_CO>790106266672</SO_GPLX_DA_CO>
          <HANG_GPLX_DA_CO>A1</HANG_GPLX_DA_CO>
          <NAM_HOC_LAIXE></NAM_HOC_LAIXE>
          <SO_NAM_LAIXE>0</SO_NAM_LAIXE>
          <SO_KM_ANTOAN>0</SO_KM_ANTOAN>
          <GIAY_CNSK>1</GIAY_CNSK>
          <SO_GIAY_CNTN>051409</SO_GIAY_CNTN>
          <SO_CCN />
          <BC2_GHICHU></BC2_GHICHU>
          <NGAY_RA_QDTN>2023-10-01</NGAY_RA_QDTN>
        </HO_SO>
      </NGUOI_LX>
      <NGUOI_LX>
        <SO_TT>76</SO_TT>
        <MA_DK>79038-20230818162444490</MA_DK>
        <HO_TEN_DEM>PHẠM PHÚC</HO_TEN_DEM>
        <TEN>THỌ</TEN>
        <HO_VA_TEN>PHẠM PHÚC THỌ</HO_VA_TEN>
        <NGAY_SINH>20050209</NGAY_SINH>
        <NOI_CT>Khu Phố 2</NOI_CT>
        <NOI_CT_MA_DVHC>28720</NOI_CT_MA_DVHC>
        <NOI_CT_MA_DVQL>824</NOI_CT_MA_DVQL>
        <SO_CMT>082205016531</SO_CMT>
        <HO_VA_TEN_IN />
        <HO_SO>
          <SO_HO_SO>036</SO_HO_SO>
          <SO_GPLX_DA_CO></SO_GPLX_DA_CO>
          <HANG_GPLX_DA_CO></HANG_GPLX_DA_CO>
          <NAM_HOC_LAIXE></NAM_HOC_LAIXE>
          <SO_NAM_LAIXE>0</SO_NAM_LAIXE>
          <SO_KM_ANTOAN>0</SO_KM_ANTOAN>
          <GIAY_CNSK>1</GIAY_CNSK>
          <SO_GIAY_CNTN>053955</SO_GIAY_CNTN>
          <SO_CCN />
          <BC2_GHICHU></BC2_GHICHU>
          <NGAY_RA_QDTN>2024-02-26</NGAY_RA_QDTN>
        </HO_SO>
      </NGUOI_LX>
      <NGUOI_LX>
        <SO_TT>77</SO_TT>
        <MA_DK>79038-20221215090723007</MA_DK>
        <HO_TEN_DEM>ĐỖ ĐÌNH</HO_TEN_DEM>
        <TEN>THÔNG</TEN>
        <HO_VA_TEN>ĐỖ ĐÌNH THÔNG</HO_VA_TEN>
        <NGAY_SINH>19970805</NGAY_SINH>
        <NOI_CT>273 Thống Nhất</NOI_CT>
        <NOI_CT_MA_DVHC>26878</NOI_CT_MA_DVHC>
        <NOI_CT_MA_DVQL>764</NOI_CT_MA_DVQL>
        <SO_CMT>079097014570</SO_CMT>
        <HO_VA_TEN_IN />
        <HO_SO>
          <SO_HO_SO>004</SO_HO_SO>
          <SO_GPLX_DA_CO>790173022285</SO_GPLX_DA_CO>
          <HANG_GPLX_DA_CO>A2</HANG_GPLX_DA_CO>
          <NAM_HOC_LAIXE></NAM_HOC_LAIXE>
          <SO_NAM_LAIXE>0</SO_NAM_LAIXE>
          <SO_KM_ANTOAN>0</SO_KM_ANTOAN>
          <GIAY_CNSK>1</GIAY_CNSK>
          <SO_GIAY_CNTN>050591</SO_GIAY_CNTN>
          <SO_CCN />
          <BC2_GHICHU></BC2_GHICHU>
          <NGAY_RA_QDTN>2023-08-02</NGAY_RA_QDTN>
        </HO_SO>
      </NGUOI_LX>
      <NGUOI_LX>
        <SO_TT>78</SO_TT>
        <MA_DK>79038-20230721105819020</MA_DK>
        <HO_TEN_DEM>LÊ THỊ</HO_TEN_DEM>
        <TEN>THU</TEN>
        <HO_VA_TEN>LÊ THỊ THU</HO_VA_TEN>
        <NGAY_SINH>19760713</NGAY_SINH>
        <NOI_CT>Long Tân</NOI_CT>
        <NOI_CT_MA_DVHC>25690</NOI_CT_MA_DVHC>
        <NOI_CT_MA_DVQL>711</NOI_CT_MA_DVQL>
        <SO_CMT>072176011318</SO_CMT>
        <HO_VA_TEN_IN />
        <HO_SO>
          <SO_HO_SO>040</SO_HO_SO>
          <SO_GPLX_DA_CO></SO_GPLX_DA_CO>
          <HANG_GPLX_DA_CO></HANG_GPLX_DA_CO>
          <NAM_HOC_LAIXE></NAM_HOC_LAIXE>
          <SO_NAM_LAIXE>0</SO_NAM_LAIXE>
          <SO_KM_ANTOAN>0</SO_KM_ANTOAN>
          <GIAY_CNSK>1</GIAY_CNSK>
          <SO_GIAY_CNTN>052361</SO_GIAY_CNTN>
          <SO_CCN />
          <BC2_GHICHU></BC2_GHICHU>
          <NGAY_RA_QDTN>2023-11-13</NGAY_RA_QDTN>
        </HO_SO>
      </NGUOI_LX>
      <NGUOI_LX>
        <SO_TT>79</SO_TT>
        <MA_DK>79038-20231107101650307</MA_DK>
        <HO_TEN_DEM>ĐẶNG HỮU</HO_TEN_DEM>
        <TEN>TÒNG</TEN>
        <HO_VA_TEN>ĐẶNG HỮU TÒNG</HO_VA_TEN>
        <NGAY_SINH>19780622</NGAY_SINH>
        <NOI_CT>Ấp Gò Mối</NOI_CT>
        <NOI_CT_MA_DVHC>25810</NOI_CT_MA_DVHC>
        <NOI_CT_MA_DVQL>720</NOI_CT_MA_DVQL>
        <SO_CMT>074078001228</SO_CMT>
        <HO_VA_TEN_IN />
        <HO_SO>
          <SO_HO_SO>011</SO_HO_SO>
          <SO_GPLX_DA_CO>740078005591</SO_GPLX_DA_CO>
          <HANG_GPLX_DA_CO>A1</HANG_GPLX_DA_CO>
          <NAM_HOC_LAIXE></NAM_HOC_LAIXE>
          <SO_NAM_LAIXE>0</SO_NAM_LAIXE>
          <SO_KM_ANTOAN>0</SO_KM_ANTOAN>
          <GIAY_CNSK>1</GIAY_CNSK>
          <SO_GIAY_CNTN>053978</SO_GIAY_CNTN>
          <SO_CCN />
          <BC2_GHICHU></BC2_GHICHU>
          <NGAY_RA_QDTN>2024-02-26</NGAY_RA_QDTN>
        </HO_SO>
      </NGUOI_LX>
      <NGUOI_LX>
        <SO_TT>80</SO_TT>
        <MA_DK>79038-20230930103547917</MA_DK>
        <HO_TEN_DEM>LÊ CÔNG</HO_TEN_DEM>
        <TEN>TRÍ</TEN>
        <HO_VA_TEN>LÊ CÔNG TRÍ</HO_VA_TEN>
        <NGAY_SINH>19910601</NGAY_SINH>
        <NOI_CT>Ấp An Hoà</NOI_CT>
        <NOI_CT_MA_DVHC>27946</NOI_CT_MA_DVHC>
        <NOI_CT_MA_DVQL>802</NOI_CT_MA_DVQL>
        <SO_CMT>080091017966</SO_CMT>
        <HO_VA_TEN_IN />
        <HO_SO>
          <SO_HO_SO>038</SO_HO_SO>
          <SO_GPLX_DA_CO></SO_GPLX_DA_CO>
          <HANG_GPLX_DA_CO></HANG_GPLX_DA_CO>
          <NAM_HOC_LAIXE></NAM_HOC_LAIXE>
          <SO_NAM_LAIXE>0</SO_NAM_LAIXE>
          <SO_KM_ANTOAN>0</SO_KM_ANTOAN>
          <GIAY_CNSK>1</GIAY_CNSK>
          <SO_GIAY_CNTN>053597</SO_GIAY_CNTN>
          <SO_CCN />
          <BC2_GHICHU></BC2_GHICHU>
          <NGAY_RA_QDTN>2024-01-14</NGAY_RA_QDTN>
        </HO_SO>
      </NGUOI_LX>
      <NGUOI_LX>
        <SO_TT>81</SO_TT>
        <MA_DK>79038-20220823144449430</MA_DK>
        <HO_TEN_DEM>LÊ THỊ TÚ</HO_TEN_DEM>
        <TEN>TRINH</TEN>
        <HO_VA_TEN>LÊ THỊ TÚ TRINH</HO_VA_TEN>
        <NGAY_SINH>20021101</NGAY_SINH>
        <NOI_CT>29/6A Ấp 4</NOI_CT>
        <NOI_CT_MA_DVHC>27589</NOI_CT_MA_DVHC>
        <NOI_CT_MA_DVQL>784</NOI_CT_MA_DVQL>
        <SO_CMT>079302029312</SO_CMT>
        <HO_VA_TEN_IN />
        <HO_SO>
          <SO_HO_SO>067</SO_HO_SO>
          <SO_GPLX_DA_CO></SO_GPLX_DA_CO>
          <HANG_GPLX_DA_CO></HANG_GPLX_DA_CO>
          <NAM_HOC_LAIXE></NAM_HOC_LAIXE>
          <SO_NAM_LAIXE>0</SO_NAM_LAIXE>
          <SO_KM_ANTOAN>0</SO_KM_ANTOAN>
          <GIAY_CNSK>1</GIAY_CNSK>
          <SO_GIAY_CNTN>048364</SO_GIAY_CNTN>
          <SO_CCN />
          <BC2_GHICHU></BC2_GHICHU>
          <NGAY_RA_QDTN>2023-02-04</NGAY_RA_QDTN>
        </HO_SO>
      </NGUOI_LX>
      <NGUOI_LX>
        <SO_TT>82</SO_TT>
        <MA_DK>79038-20231114084248377</MA_DK>
        <HO_TEN_DEM>NGUYỄN TẤN</HO_TEN_DEM>
        <TEN>TRỌNG</TEN>
        <HO_VA_TEN>NGUYỄN TẤN TRỌNG</HO_VA_TEN>
        <NGAY_SINH>20000925</NGAY_SINH>
        <NOI_CT>Suối Thông C2</NOI_CT>
        <NOI_CT_MA_DVHC>24952</NOI_CT_MA_DVHC>
        <NOI_CT_MA_DVQL>677</NOI_CT_MA_DVQL>
        <SO_CMT>068200012612</SO_CMT>
        <HO_VA_TEN_IN />
        <HO_SO>
          <SO_HO_SO>007</SO_HO_SO>
          <SO_GPLX_DA_CO></SO_GPLX_DA_CO>
          <HANG_GPLX_DA_CO></HANG_GPLX_DA_CO>
          <NAM_HOC_LAIXE></NAM_HOC_LAIXE>
          <SO_NAM_LAIXE>0</SO_NAM_LAIXE>
          <SO_KM_ANTOAN>0</SO_KM_ANTOAN>
          <GIAY_CNSK>1</GIAY_CNSK>
          <SO_GIAY_CNTN>054626</SO_GIAY_CNTN>
          <SO_CCN />
          <BC2_GHICHU></BC2_GHICHU>
          <NGAY_RA_QDTN>2024-03-25</NGAY_RA_QDTN>
        </HO_SO>
      </NGUOI_LX>
      <NGUOI_LX>
        <SO_TT>83</SO_TT>
        <MA_DK>79038-20230218135508153</MA_DK>
        <HO_TEN_DEM>NGUYỄN TRUNG</HO_TEN_DEM>
        <TEN>TRỰC</TEN>
        <HO_VA_TEN>NGUYỄN TRUNG TRỰC</HO_VA_TEN>
        <NGAY_SINH>19881230</NGAY_SINH>
        <NOI_CT>Thôn 3</NOI_CT>
        <NOI_CT_MA_DVHC>25423</NOI_CT_MA_DVHC>
        <NOI_CT_MA_DVQL>696</NOI_CT_MA_DVQL>
        <SO_CMT>070088001320</SO_CMT>
        <HO_VA_TEN_IN />
        <HO_SO>
          <SO_HO_SO>026</SO_HO_SO>
          <SO_GPLX_DA_CO></SO_GPLX_DA_CO>
          <HANG_GPLX_DA_CO></HANG_GPLX_DA_CO>
          <NAM_HOC_LAIXE></NAM_HOC_LAIXE>
          <SO_NAM_LAIXE>0</SO_NAM_LAIXE>
          <SO_KM_ANTOAN>0</SO_KM_ANTOAN>
          <GIAY_CNSK>1</GIAY_CNSK>
          <SO_GIAY_CNTN>053766</SO_GIAY_CNTN>
          <SO_CCN />
          <BC2_GHICHU></BC2_GHICHU>
          <NGAY_RA_QDTN>2024-01-28</NGAY_RA_QDTN>
        </HO_SO>
      </NGUOI_LX>
      <NGUOI_LX>
        <SO_TT>84</SO_TT>
        <MA_DK>79038-20230822090925833</MA_DK>
        <HO_TEN_DEM>LÊ SỸ</HO_TEN_DEM>
        <TEN>TRƯỜNG</TEN>
        <HO_VA_TEN>LÊ SỸ TRƯỜNG</HO_VA_TEN>
        <NGAY_SINH>19740605</NGAY_SINH>
        <NOI_CT>21 Ngách 29/21</NOI_CT>
        <NOI_CT_MA_DVHC>00112</NOI_CT_MA_DVHC>
        <NOI_CT_MA_DVQL>003</NOI_CT_MA_DVQL>
        <SO_CMT>011817535</SO_CMT>
        <HO_VA_TEN_IN />
        <HO_SO>
          <SO_HO_SO>043</SO_HO_SO>
          <SO_GPLX_DA_CO></SO_GPLX_DA_CO>
          <HANG_GPLX_DA_CO></HANG_GPLX_DA_CO>
          <NAM_HOC_LAIXE></NAM_HOC_LAIXE>
          <SO_NAM_LAIXE>0</SO_NAM_LAIXE>
          <SO_KM_ANTOAN>0</SO_KM_ANTOAN>
          <GIAY_CNSK>1</GIAY_CNSK>
          <SO_GIAY_CNTN>053772</SO_GIAY_CNTN>
          <SO_CCN />
          <BC2_GHICHU></BC2_GHICHU>
          <NGAY_RA_QDTN>2024-01-28</NGAY_RA_QDTN>
        </HO_SO>
      </NGUOI_LX>
      <NGUOI_LX>
        <SO_TT>85</SO_TT>
        <MA_DK>79038-20231013155052430</MA_DK>
        <HO_TEN_DEM>NGUYỄN NHẬT</HO_TEN_DEM>
        <TEN>TÙNG</TEN>
        <HO_VA_TEN>NGUYỄN NHẬT TÙNG</HO_VA_TEN>
        <NGAY_SINH>20050623</NGAY_SINH>
        <NOI_CT>23/18/31 Nguyễn Hữu Tiến</NOI_CT>
        <NOI_CT_MA_DVHC>27013</NOI_CT_MA_DVHC>
        <NOI_CT_MA_DVQL>767</NOI_CT_MA_DVQL>
        <SO_CMT>079205003512</SO_CMT>
        <HO_VA_TEN_IN />
        <HO_SO>
          <SO_HO_SO>018</SO_HO_SO>
          <SO_GPLX_DA_CO>790238060038</SO_GPLX_DA_CO>
          <HANG_GPLX_DA_CO>A1</HANG_GPLX_DA_CO>
          <NAM_HOC_LAIXE></NAM_HOC_LAIXE>
          <SO_NAM_LAIXE>0</SO_NAM_LAIXE>
          <SO_KM_ANTOAN>0</SO_KM_ANTOAN>
          <GIAY_CNSK>1</GIAY_CNSK>
          <SO_GIAY_CNTN>053900</SO_GIAY_CNTN>
          <SO_CCN />
          <BC2_GHICHU></BC2_GHICHU>
          <NGAY_RA_QDTN>2024-02-15</NGAY_RA_QDTN>
        </HO_SO>
      </NGUOI_LX>
      <NGUOI_LX>
        <SO_TT>86</SO_TT>
        <MA_DK>79038-20231003141348647</MA_DK>
        <HO_TEN_DEM>TRẦN LÊ ANH</HO_TEN_DEM>
        <TEN>VINH</TEN>
        <HO_VA_TEN>TRẦN LÊ ANH VINH</HO_VA_TEN>
        <NGAY_SINH>20020726</NGAY_SINH>
        <NOI_CT>Tổ 6, Thôn 6</NOI_CT>
        <NOI_CT_MA_DVHC>23092</NOI_CT_MA_DVHC>
        <NOI_CT_MA_DVQL>597</NOI_CT_MA_DVQL>
        <SO_CMT>060202010234</SO_CMT>
        <HO_VA_TEN_IN />
        <HO_SO>
          <SO_HO_SO>034</SO_HO_SO>
          <SO_GPLX_DA_CO>600225001464</SO_GPLX_DA_CO>
          <HANG_GPLX_DA_CO>A1</HANG_GPLX_DA_CO>
          <NAM_HOC_LAIXE></NAM_HOC_LAIXE>
          <SO_NAM_LAIXE>0</SO_NAM_LAIXE>
          <SO_KM_ANTOAN>0</SO_KM_ANTOAN>
          <GIAY_CNSK>1</GIAY_CNSK>
          <SO_GIAY_CNTN>053634</SO_GIAY_CNTN>
          <SO_CCN />
          <BC2_GHICHU></BC2_GHICHU>
          <NGAY_RA_QDTN>2024-01-14</NGAY_RA_QDTN>
        </HO_SO>
      </NGUOI_LX>
      <NGUOI_LX>
        <SO_TT>87</SO_TT>
        <MA_DK>79038-20231013153701447</MA_DK>
        <HO_TEN_DEM>NGUYỄN THẢO</HO_TEN_DEM>
        <TEN>VY</TEN>
        <HO_VA_TEN>NGUYỄN THẢO VY</HO_VA_TEN>
        <NGAY_SINH>19910716</NGAY_SINH>
        <NOI_CT>Kp.Chánh</NOI_CT>
        <NOI_CT_MA_DVHC>25723</NOI_CT_MA_DVHC>
        <NOI_CT_MA_DVQL>712</NOI_CT_MA_DVQL>
        <SO_CMT>072191014506</SO_CMT>
        <HO_VA_TEN_IN />
        <HO_SO>
          <SO_HO_SO>011</SO_HO_SO>
          <SO_GPLX_DA_CO>721127003074</SO_GPLX_DA_CO>
          <HANG_GPLX_DA_CO>A1</HANG_GPLX_DA_CO>
          <NAM_HOC_LAIXE></NAM_HOC_LAIXE>
          <SO_NAM_LAIXE>0</SO_NAM_LAIXE>
          <SO_KM_ANTOAN>0</SO_KM_ANTOAN>
          <GIAY_CNSK>1</GIAY_CNSK>
          <SO_GIAY_CNTN>053903</SO_GIAY_CNTN>
          <SO_CCN />
          <BC2_GHICHU></BC2_GHICHU>
          <NGAY_RA_QDTN>2024-02-15</NGAY_RA_QDTN>
        </HO_SO>
      </NGUOI_LX>
      <NGUOI_LX>
        <SO_TT>88</SO_TT>
        <MA_DK>79038-20231107101914867</MA_DK>
        <HO_TEN_DEM>NGUYỄN NGỌC</HO_TEN_DEM>
        <TEN>YÊM</TEN>
        <HO_VA_TEN>NGUYỄN NGỌC YÊM</HO_VA_TEN>
        <NGAY_SINH>19800220</NGAY_SINH>
        <NOI_CT>Ấp Gò Mối</NOI_CT>
        <NOI_CT_MA_DVHC>25810</NOI_CT_MA_DVHC>
        <NOI_CT_MA_DVQL>720</NOI_CT_MA_DVQL>
        <SO_CMT>079180014036</SO_CMT>
        <HO_VA_TEN_IN />
        <HO_SO>
          <SO_HO_SO>012</SO_HO_SO>
          <SO_GPLX_DA_CO>741037005403</SO_GPLX_DA_CO>
          <HANG_GPLX_DA_CO>A1</HANG_GPLX_DA_CO>
          <NAM_HOC_LAIXE></NAM_HOC_LAIXE>
          <SO_NAM_LAIXE>0</SO_NAM_LAIXE>
          <SO_KM_ANTOAN>0</SO_KM_ANTOAN>
          <GIAY_CNSK>1</GIAY_CNSK>
          <SO_GIAY_CNTN>053981</SO_GIAY_CNTN>
          <SO_CCN />
          <BC2_GHICHU></BC2_GHICHU>
          <NGAY_RA_QDTN>2024-02-26</NGAY_RA_QDTN>
        </HO_SO>
      </NGUOI_LX>
    </NGUOI_LXS>
  </DATA>
  <Signature xmlns="http://www.w3.org/2000/09/xmldsig#">
    <SignedInfo>
      <CanonicalizationMethod Algorithm="http://www.w3.org/TR/2001/REC-xml-c14n-20010315" />
      <SignatureMethod Algorithm="http://www.w3.org/2000/09/xmldsig#rsa-sha1" />
      <Reference URI="">
        <Transforms>
          <Transform Algorithm="http://www.w3.org/2000/09/xmldsig#enveloped-signature" />
        </Transforms>
        <DigestMethod Algorithm="http://www.w3.org/2000/09/xmldsig#sha1" />
        <DigestValue>uPrQMqUpVRkA6rUKu89lN3LMABY=</DigestValue>
      </Reference>
    </SignedInfo>
    <SignatureValue>D5+STUJIfGmV3I1+gWLVtxRune9XYSLMxMv+J1Wizg2XZjuCZVLvpl9WpjbEtiU6u9J0hd6NMbwoz7N5Mscl7dQaFra2d4v9aPtDjTkaHH0BXFihbc+m74qDG7AKdKegvprgccsWl0sqYu8VDZSQJ9NoDAcNa7ZpxUN90Hqd6EA=</SignatureValue>
  </Signature>
</BAO_CAO2>