﻿<?xml version="1.0" encoding="utf-8"?>
<BAO_CAO2>
  <HEADER>
    <MA_GIAO_DICH>57c6cb01-508c-4ffa-ab54-8bffae07bf15</MA_GIAO_DICH>
    <MA_DV_GUI>79038</MA_DV_GUI>
    <TEN_DV_GUI>Trung Tâm Giáo Dục Nghề Nghiệp Lái Xe Tiến Đạt</TEN_DV_GUI>
    <NGAY_GUI>2024-05-06 08:40:19</NGAY_GUI>
    <NGUOI_GUI>ADMIN</NGUOI_GUI>
    <TONG_SO_BAN_GHI>41</TONG_SO_BAN_GHI>
  </HEADER>
  <DATA>
    <BCII>
      <MA_BCII>3432E/TÐ-ÐT</MA_BCII>
      <MA_BCI>3326/TÐ-ÐT</MA_BCI>
      <MA_CSDT>79038</MA_CSDT>
      <SO_CV_BCII>3432E/TÐ-ÐT</SO_CV_BCII>
      <NGAY_CV_BCII>2024-04-26</NGAY_CV_BCII>
      <SO_THI_SINH>41</SO_THI_SINH>
    </BCII>
    <NGUOI_LXS>
      <NGUOI_LX>
        <SO_TT>1</SO_TT>
        <MA_DK>79038-20231211091840590</MA_DK>
        <HO_TEN_DEM>HỒ HẢI</HO_TEN_DEM>
        <TEN>ANH</TEN>
        <HO_VA_TEN>HỒ HẢI ANH</HO_VA_TEN>
        <NGAY_SINH>20041003</NGAY_SINH>
        <NOI_CT>44/2 Bạch Đằng,</NOI_CT>
        <NOI_CT_MA_DVHC>22366</NOI_CT_MA_DVHC>
        <NOI_CT_MA_DVQL>568</NOI_CT_MA_DVQL>
        <SO_CMT>056204005681</SO_CMT>
        <HO_VA_TEN_IN />
        <HO_SO>
          <SO_HO_SO>003</SO_HO_SO>
          <SO_GPLX_DA_CO>790229685901</SO_GPLX_DA_CO>
          <HANG_GPLX_DA_CO>A1</HANG_GPLX_DA_CO>
          <NAM_HOC_LAIXE></NAM_HOC_LAIXE>
          <SO_NAM_LAIXE>0</SO_NAM_LAIXE>
          <SO_KM_ANTOAN>0</SO_KM_ANTOAN>
          <GIAY_CNSK>1</GIAY_CNSK>
          <SO_GIAY_CNTN>055049</SO_GIAY_CNTN>
          <SO_CCN />
          <BC2_GHICHU></BC2_GHICHU>
          <NGAY_RA_QDTN>2024-04-22</NGAY_RA_QDTN>
        </HO_SO>
      </NGUOI_LX>
      <NGUOI_LX>
        <SO_TT>2</SO_TT>
        <MA_DK>79038-20231219112909030</MA_DK>
        <HO_TEN_DEM>NGUYỄN HUỲNH LAN</HO_TEN_DEM>
        <TEN>ANH</TEN>
        <HO_VA_TEN>NGUYỄN HUỲNH LAN ANH</HO_VA_TEN>
        <NGAY_SINH>19781009</NGAY_SINH>
        <NOI_CT>85A, Phố 6, Ấp 3,</NOI_CT>
        <NOI_CT_MA_DVHC>26215</NOI_CT_MA_DVHC>
        <NOI_CT_MA_DVQL>736</NOI_CT_MA_DVQL>
        <SO_CMT>075178009080</SO_CMT>
        <HO_VA_TEN_IN />
        <HO_SO>
          <SO_HO_SO>053</SO_HO_SO>
          <SO_GPLX_DA_CO>751004001244</SO_GPLX_DA_CO>
          <HANG_GPLX_DA_CO>A1</HANG_GPLX_DA_CO>
          <NAM_HOC_LAIXE></NAM_HOC_LAIXE>
          <SO_NAM_LAIXE>0</SO_NAM_LAIXE>
          <SO_KM_ANTOAN>0</SO_KM_ANTOAN>
          <GIAY_CNSK>1</GIAY_CNSK>
          <SO_GIAY_CNTN>055050</SO_GIAY_CNTN>
          <SO_CCN />
          <BC2_GHICHU></BC2_GHICHU>
          <NGAY_RA_QDTN>2024-04-22</NGAY_RA_QDTN>
        </HO_SO>
      </NGUOI_LX>
      <NGUOI_LX>
        <SO_TT>3</SO_TT>
        <MA_DK>79038-20231211102040203</MA_DK>
        <HO_TEN_DEM>PHẠM HOÀNG</HO_TEN_DEM>
        <TEN>ANH</TEN>
        <HO_VA_TEN>PHẠM HOÀNG ANH</HO_VA_TEN>
        <NGAY_SINH>19971015</NGAY_SINH>
        <NOI_CT>Ô 17, Ấp 4,</NOI_CT>
        <NOI_CT_MA_DVHC>28060</NOI_CT_MA_DVHC>
        <NOI_CT_MA_DVQL>804</NOI_CT_MA_DVQL>
        <SO_CMT>080097010133</SO_CMT>
        <HO_VA_TEN_IN />
        <HO_SO>
          <SO_HO_SO>036</SO_HO_SO>
          <SO_GPLX_DA_CO>820155009406</SO_GPLX_DA_CO>
          <HANG_GPLX_DA_CO>A1</HANG_GPLX_DA_CO>
          <NAM_HOC_LAIXE></NAM_HOC_LAIXE>
          <SO_NAM_LAIXE>0</SO_NAM_LAIXE>
          <SO_KM_ANTOAN>0</SO_KM_ANTOAN>
          <GIAY_CNSK>1</GIAY_CNSK>
          <SO_GIAY_CNTN>055051</SO_GIAY_CNTN>
          <SO_CCN />
          <BC2_GHICHU></BC2_GHICHU>
          <NGAY_RA_QDTN>2024-04-22</NGAY_RA_QDTN>
        </HO_SO>
      </NGUOI_LX>
      <NGUOI_LX>
        <SO_TT>4</SO_TT>
        <MA_DK>79038-20231211094516370</MA_DK>
        <HO_TEN_DEM>TRỊNH HOÀNG THẠCH</HO_TEN_DEM>
        <TEN>ANH</TEN>
        <HO_VA_TEN>TRỊNH HOÀNG THẠCH ANH</HO_VA_TEN>
        <NGAY_SINH>19991018</NGAY_SINH>
        <NOI_CT>34 Đường 15, Kp 5,</NOI_CT>
        <NOI_CT_MA_DVHC>26797</NOI_CT_MA_DVHC>
        <NOI_CT_MA_DVQL>769</NOI_CT_MA_DVQL>
        <SO_CMT>079099002969</SO_CMT>
        <HO_VA_TEN_IN />
        <HO_SO>
          <SO_HO_SO>016</SO_HO_SO>
          <SO_GPLX_DA_CO>790184004942</SO_GPLX_DA_CO>
          <HANG_GPLX_DA_CO>A1</HANG_GPLX_DA_CO>
          <NAM_HOC_LAIXE></NAM_HOC_LAIXE>
          <SO_NAM_LAIXE>0</SO_NAM_LAIXE>
          <SO_KM_ANTOAN>0</SO_KM_ANTOAN>
          <GIAY_CNSK>1</GIAY_CNSK>
          <SO_GIAY_CNTN>055052</SO_GIAY_CNTN>
          <SO_CCN />
          <BC2_GHICHU></BC2_GHICHU>
          <NGAY_RA_QDTN>2024-04-22</NGAY_RA_QDTN>
        </HO_SO>
      </NGUOI_LX>
      <NGUOI_LX>
        <SO_TT>5</SO_TT>
        <MA_DK>79038-20231211101523527</MA_DK>
        <HO_TEN_DEM>ĐẶNG PHƯỚC</HO_TEN_DEM>
        <TEN>BÌNH</TEN>
        <HO_VA_TEN>ĐẶNG PHƯỚC BÌNH</HO_VA_TEN>
        <NGAY_SINH>19921013</NGAY_SINH>
        <NOI_CT>Ấp Trong,</NOI_CT>
        <NOI_CT_MA_DVHC>28174</NOI_CT_MA_DVHC>
        <NOI_CT_MA_DVQL>807</NOI_CT_MA_DVQL>
        <SO_CMT>080092017917</SO_CMT>
        <HO_VA_TEN_IN />
        <HO_SO>
          <SO_HO_SO>032</SO_HO_SO>
          <SO_GPLX_DA_CO>790107273468</SO_GPLX_DA_CO>
          <HANG_GPLX_DA_CO>A1</HANG_GPLX_DA_CO>
          <NAM_HOC_LAIXE></NAM_HOC_LAIXE>
          <SO_NAM_LAIXE>0</SO_NAM_LAIXE>
          <SO_KM_ANTOAN>0</SO_KM_ANTOAN>
          <GIAY_CNSK>1</GIAY_CNSK>
          <SO_GIAY_CNTN>055053</SO_GIAY_CNTN>
          <SO_CCN />
          <BC2_GHICHU></BC2_GHICHU>
          <NGAY_RA_QDTN>2024-04-22</NGAY_RA_QDTN>
        </HO_SO>
      </NGUOI_LX>
      <NGUOI_LX>
        <SO_TT>6</SO_TT>
        <MA_DK>79038-20231219113519063</MA_DK>
        <HO_TEN_DEM>LỀNH SAU</HO_TEN_DEM>
        <TEN>CHỖ</TEN>
        <HO_VA_TEN>LỀNH SAU CHỖ</HO_VA_TEN>
        <NGAY_SINH>19960717</NGAY_SINH>
        <NOI_CT>Tổ 6, Ấp Hòa Bình,</NOI_CT>
        <NOI_CT_MA_DVHC>26239</NOI_CT_MA_DVHC>
        <NOI_CT_MA_DVQL>736</NOI_CT_MA_DVQL>
        <SO_CMT>075096017563</SO_CMT>
        <HO_VA_TEN_IN />
        <HO_SO>
          <SO_HO_SO>062</SO_HO_SO>
          <SO_GPLX_DA_CO>790167049146</SO_GPLX_DA_CO>
          <HANG_GPLX_DA_CO>A1</HANG_GPLX_DA_CO>
          <NAM_HOC_LAIXE></NAM_HOC_LAIXE>
          <SO_NAM_LAIXE>0</SO_NAM_LAIXE>
          <SO_KM_ANTOAN>0</SO_KM_ANTOAN>
          <GIAY_CNSK>1</GIAY_CNSK>
          <SO_GIAY_CNTN>055054</SO_GIAY_CNTN>
          <SO_CCN />
          <BC2_GHICHU></BC2_GHICHU>
          <NGAY_RA_QDTN>2024-04-22</NGAY_RA_QDTN>
        </HO_SO>
      </NGUOI_LX>
      <NGUOI_LX>
        <SO_TT>7</SO_TT>
        <MA_DK>79038-20231219113916747</MA_DK>
        <HO_TEN_DEM>VÀY MINH</HO_TEN_DEM>
        <TEN>CƯỜNG</TEN>
        <HO_VA_TEN>VÀY MINH CƯỜNG</HO_VA_TEN>
        <NGAY_SINH>19930313</NGAY_SINH>
        <NOI_CT>Ấp Chợ,</NOI_CT>
        <NOI_CT_MA_DVHC>26242</NOI_CT_MA_DVHC>
        <NOI_CT_MA_DVQL>736</NOI_CT_MA_DVQL>
        <SO_CMT>075093018399</SO_CMT>
        <HO_VA_TEN_IN />
        <HO_SO>
          <SO_HO_SO>065</SO_HO_SO>
          <SO_GPLX_DA_CO>750125018227</SO_GPLX_DA_CO>
          <HANG_GPLX_DA_CO>A1</HANG_GPLX_DA_CO>
          <NAM_HOC_LAIXE></NAM_HOC_LAIXE>
          <SO_NAM_LAIXE>0</SO_NAM_LAIXE>
          <SO_KM_ANTOAN>0</SO_KM_ANTOAN>
          <GIAY_CNSK>1</GIAY_CNSK>
          <SO_GIAY_CNTN>055055</SO_GIAY_CNTN>
          <SO_CCN />
          <BC2_GHICHU></BC2_GHICHU>
          <NGAY_RA_QDTN>2024-04-22</NGAY_RA_QDTN>
        </HO_SO>
      </NGUOI_LX>
      <NGUOI_LX>
        <SO_TT>8</SO_TT>
        <MA_DK>79038-20231219111626830</MA_DK>
        <HO_TEN_DEM>PHẠM MINH</HO_TEN_DEM>
        <TEN>ĐỨC</TEN>
        <HO_VA_TEN>PHẠM MINH ĐỨC</HO_VA_TEN>
        <NGAY_SINH>20000420</NGAY_SINH>
        <NOI_CT>Ấp Thái Hòa,</NOI_CT>
        <NOI_CT_MA_DVHC>26242</NOI_CT_MA_DVHC>
        <NOI_CT_MA_DVQL>736</NOI_CT_MA_DVQL>
        <SO_CMT>075200002930</SO_CMT>
        <HO_VA_TEN_IN />
        <HO_SO>
          <SO_HO_SO>039</SO_HO_SO>
          <SO_GPLX_DA_CO>790181087579</SO_GPLX_DA_CO>
          <HANG_GPLX_DA_CO>A1</HANG_GPLX_DA_CO>
          <NAM_HOC_LAIXE></NAM_HOC_LAIXE>
          <SO_NAM_LAIXE>0</SO_NAM_LAIXE>
          <SO_KM_ANTOAN>0</SO_KM_ANTOAN>
          <GIAY_CNSK>1</GIAY_CNSK>
          <SO_GIAY_CNTN>055056</SO_GIAY_CNTN>
          <SO_CCN />
          <BC2_GHICHU></BC2_GHICHU>
          <NGAY_RA_QDTN>2024-04-22</NGAY_RA_QDTN>
        </HO_SO>
      </NGUOI_LX>
      <NGUOI_LX>
        <SO_TT>9</SO_TT>
        <MA_DK>79038-20231211094821227</MA_DK>
        <HO_TEN_DEM>TRẦN THỊ THU</HO_TEN_DEM>
        <TEN>HÀ</TEN>
        <HO_VA_TEN>TRẦN THỊ THU HÀ</HO_VA_TEN>
        <NGAY_SINH>19821109</NGAY_SINH>
        <NOI_CT>194A2 Kp 4,</NOI_CT>
        <NOI_CT_MA_DVHC>28759</NOI_CT_MA_DVHC>
        <NOI_CT_MA_DVQL>829</NOI_CT_MA_DVQL>
        <SO_CMT>083182017582</SO_CMT>
        <HO_VA_TEN_IN />
        <HO_SO>
          <SO_HO_SO>018</SO_HO_SO>
          <SO_GPLX_DA_CO></SO_GPLX_DA_CO>
          <HANG_GPLX_DA_CO></HANG_GPLX_DA_CO>
          <NAM_HOC_LAIXE></NAM_HOC_LAIXE>
          <SO_NAM_LAIXE>0</SO_NAM_LAIXE>
          <SO_KM_ANTOAN>0</SO_KM_ANTOAN>
          <GIAY_CNSK>1</GIAY_CNSK>
          <SO_GIAY_CNTN>055058</SO_GIAY_CNTN>
          <SO_CCN />
          <BC2_GHICHU></BC2_GHICHU>
          <NGAY_RA_QDTN>2024-04-22</NGAY_RA_QDTN>
        </HO_SO>
      </NGUOI_LX>
      <NGUOI_LX>
        <SO_TT>10</SO_TT>
        <MA_DK>79038-20231219111855610</MA_DK>
        <HO_TEN_DEM>TRẦN THỊ</HO_TEN_DEM>
        <TEN>HẰNG</TEN>
        <HO_VA_TEN>TRẦN THỊ HẰNG</HO_VA_TEN>
        <NGAY_SINH>19790910</NGAY_SINH>
        <NOI_CT>Ấp 3,</NOI_CT>
        <NOI_CT_MA_DVHC>26218</NOI_CT_MA_DVHC>
        <NOI_CT_MA_DVQL>736</NOI_CT_MA_DVQL>
        <SO_CMT>040179025000</SO_CMT>
        <HO_VA_TEN_IN />
        <HO_SO>
          <SO_HO_SO>041</SO_HO_SO>
          <SO_GPLX_DA_CO></SO_GPLX_DA_CO>
          <HANG_GPLX_DA_CO></HANG_GPLX_DA_CO>
          <NAM_HOC_LAIXE></NAM_HOC_LAIXE>
          <SO_NAM_LAIXE>0</SO_NAM_LAIXE>
          <SO_KM_ANTOAN>0</SO_KM_ANTOAN>
          <GIAY_CNSK>1</GIAY_CNSK>
          <SO_GIAY_CNTN>055059</SO_GIAY_CNTN>
          <SO_CCN />
          <BC2_GHICHU></BC2_GHICHU>
          <NGAY_RA_QDTN>2024-04-22</NGAY_RA_QDTN>
        </HO_SO>
      </NGUOI_LX>
      <NGUOI_LX>
        <SO_TT>11</SO_TT>
        <MA_DK>79038-20231219111441103</MA_DK>
        <HO_TEN_DEM>NGUYỄN THỊ</HO_TEN_DEM>
        <TEN>HIỀN</TEN>
        <HO_VA_TEN>NGUYỄN THỊ HIỀN</HO_VA_TEN>
        <NGAY_SINH>19760710</NGAY_SINH>
        <NOI_CT>Kp Hiệp Quyết,</NOI_CT>
        <NOI_CT_MA_DVHC>26206</NOI_CT_MA_DVHC>
        <NOI_CT_MA_DVQL>736</NOI_CT_MA_DVQL>
        <SO_CMT>075176000824</SO_CMT>
        <HO_VA_TEN_IN />
        <HO_SO>
          <SO_HO_SO>030</SO_HO_SO>
          <SO_GPLX_DA_CO>751012004752</SO_GPLX_DA_CO>
          <HANG_GPLX_DA_CO>A1</HANG_GPLX_DA_CO>
          <NAM_HOC_LAIXE></NAM_HOC_LAIXE>
          <SO_NAM_LAIXE>0</SO_NAM_LAIXE>
          <SO_KM_ANTOAN>0</SO_KM_ANTOAN>
          <GIAY_CNSK>1</GIAY_CNSK>
          <SO_GIAY_CNTN>055060</SO_GIAY_CNTN>
          <SO_CCN />
          <BC2_GHICHU></BC2_GHICHU>
          <NGAY_RA_QDTN>2024-04-22</NGAY_RA_QDTN>
        </HO_SO>
      </NGUOI_LX>
      <NGUOI_LX>
        <SO_TT>12</SO_TT>
        <MA_DK>79038-20231211104522833</MA_DK>
        <HO_TEN_DEM>NGUYỄN TRUNG</HO_TEN_DEM>
        <TEN>HIỆP</TEN>
        <HO_VA_TEN>NGUYỄN TRUNG HIỆP</HO_VA_TEN>
        <NGAY_SINH>19950515</NGAY_SINH>
        <NOI_CT>Tổ 8, Khu Phố 9,</NOI_CT>
        <NOI_CT_MA_DVHC>31078</NOI_CT_MA_DVHC>
        <NOI_CT_MA_DVQL>911</NOI_CT_MA_DVQL>
        <SO_CMT>091095011289</SO_CMT>
        <HO_VA_TEN_IN />
        <HO_SO>
          <SO_HO_SO>052</SO_HO_SO>
          <SO_GPLX_DA_CO>740149009031</SO_GPLX_DA_CO>
          <HANG_GPLX_DA_CO>A1</HANG_GPLX_DA_CO>
          <NAM_HOC_LAIXE></NAM_HOC_LAIXE>
          <SO_NAM_LAIXE>0</SO_NAM_LAIXE>
          <SO_KM_ANTOAN>0</SO_KM_ANTOAN>
          <GIAY_CNSK>1</GIAY_CNSK>
          <SO_GIAY_CNTN>055061</SO_GIAY_CNTN>
          <SO_CCN />
          <BC2_GHICHU></BC2_GHICHU>
          <NGAY_RA_QDTN>2024-04-22</NGAY_RA_QDTN>
        </HO_SO>
      </NGUOI_LX>
      <NGUOI_LX>
        <SO_TT>13</SO_TT>
        <MA_DK>79038-20231219112748093</MA_DK>
        <HO_TEN_DEM>PHAN SĨ</HO_TEN_DEM>
        <TEN>HỒ</TEN>
        <HO_VA_TEN>PHAN SĨ HỒ</HO_VA_TEN>
        <NGAY_SINH>19700926</NGAY_SINH>
        <NOI_CT>Ấp 7,</NOI_CT>
        <NOI_CT_MA_DVHC>26230</NOI_CT_MA_DVHC>
        <NOI_CT_MA_DVQL>736</NOI_CT_MA_DVQL>
        <SO_CMT>040070001905</SO_CMT>
        <HO_VA_TEN_IN />
        <HO_SO>
          <SO_HO_SO>050</SO_HO_SO>
          <SO_GPLX_DA_CO>750019004129</SO_GPLX_DA_CO>
          <HANG_GPLX_DA_CO>A1</HANG_GPLX_DA_CO>
          <NAM_HOC_LAIXE></NAM_HOC_LAIXE>
          <SO_NAM_LAIXE>0</SO_NAM_LAIXE>
          <SO_KM_ANTOAN>0</SO_KM_ANTOAN>
          <GIAY_CNSK>1</GIAY_CNSK>
          <SO_GIAY_CNTN>055062</SO_GIAY_CNTN>
          <SO_CCN />
          <BC2_GHICHU></BC2_GHICHU>
          <NGAY_RA_QDTN>2024-04-22</NGAY_RA_QDTN>
        </HO_SO>
      </NGUOI_LX>
      <NGUOI_LX>
        <SO_TT>14</SO_TT>
        <MA_DK>79038-20231211094200890</MA_DK>
        <HO_TEN_DEM>LÂM HỒNG</HO_TEN_DEM>
        <TEN>HOÀNG</TEN>
        <HO_VA_TEN>LÂM HỒNG HOÀNG</HO_VA_TEN>
        <NGAY_SINH>19760924</NGAY_SINH>
        <NOI_CT>17/3 Đường 19,</NOI_CT>
        <NOI_CT_MA_DVHC>26809</NOI_CT_MA_DVHC>
        <NOI_CT_MA_DVQL>769</NOI_CT_MA_DVQL>
        <SO_CMT>079076021565</SO_CMT>
        <HO_VA_TEN_IN />
        <HO_SO>
          <SO_HO_SO>014</SO_HO_SO>
          <SO_GPLX_DA_CO>790960227008</SO_GPLX_DA_CO>
          <HANG_GPLX_DA_CO>A1</HANG_GPLX_DA_CO>
          <NAM_HOC_LAIXE></NAM_HOC_LAIXE>
          <SO_NAM_LAIXE>0</SO_NAM_LAIXE>
          <SO_KM_ANTOAN>0</SO_KM_ANTOAN>
          <GIAY_CNSK>1</GIAY_CNSK>
          <SO_GIAY_CNTN>055063</SO_GIAY_CNTN>
          <SO_CCN />
          <BC2_GHICHU></BC2_GHICHU>
          <NGAY_RA_QDTN>2024-04-22</NGAY_RA_QDTN>
        </HO_SO>
      </NGUOI_LX>
      <NGUOI_LX>
        <SO_TT>15</SO_TT>
        <MA_DK>79038-20231219113708357</MA_DK>
        <HO_TEN_DEM>NGUYỄN VĂN</HO_TEN_DEM>
        <TEN>HỘI</TEN>
        <HO_VA_TEN>NGUYỄN VĂN HỘI</HO_VA_TEN>
        <NGAY_SINH>19690520</NGAY_SINH>
        <NOI_CT>Ấp 5,</NOI_CT>
        <NOI_CT_MA_DVHC>26230</NOI_CT_MA_DVHC>
        <NOI_CT_MA_DVQL>736</NOI_CT_MA_DVQL>
        <SO_CMT>042069011747</SO_CMT>
        <HO_VA_TEN_IN />
        <HO_SO>
          <SO_HO_SO>064</SO_HO_SO>
          <SO_GPLX_DA_CO></SO_GPLX_DA_CO>
          <HANG_GPLX_DA_CO></HANG_GPLX_DA_CO>
          <NAM_HOC_LAIXE></NAM_HOC_LAIXE>
          <SO_NAM_LAIXE>0</SO_NAM_LAIXE>
          <SO_KM_ANTOAN>0</SO_KM_ANTOAN>
          <GIAY_CNSK>1</GIAY_CNSK>
          <SO_GIAY_CNTN>055064</SO_GIAY_CNTN>
          <SO_CCN />
          <BC2_GHICHU></BC2_GHICHU>
          <NGAY_RA_QDTN>2024-04-22</NGAY_RA_QDTN>
        </HO_SO>
      </NGUOI_LX>
      <NGUOI_LX>
        <SO_TT>16</SO_TT>
        <MA_DK>79038-20231211102523870</MA_DK>
        <HO_TEN_DEM>LÊ CHÍ</HO_TEN_DEM>
        <TEN>HÙNG</TEN>
        <HO_VA_TEN>LÊ CHÍ HÙNG</HO_VA_TEN>
        <NGAY_SINH>19880519</NGAY_SINH>
        <NOI_CT>Ấp 1,</NOI_CT>
        <NOI_CT_MA_DVHC>27982</NOI_CT_MA_DVHC>
        <NOI_CT_MA_DVQL>802</NOI_CT_MA_DVQL>
        <SO_CMT>075088019533</SO_CMT>
        <HO_VA_TEN_IN />
        <HO_SO>
          <SO_HO_SO>040</SO_HO_SO>
          <SO_GPLX_DA_CO></SO_GPLX_DA_CO>
          <HANG_GPLX_DA_CO></HANG_GPLX_DA_CO>
          <NAM_HOC_LAIXE></NAM_HOC_LAIXE>
          <SO_NAM_LAIXE>0</SO_NAM_LAIXE>
          <SO_KM_ANTOAN>0</SO_KM_ANTOAN>
          <GIAY_CNSK>1</GIAY_CNSK>
          <SO_GIAY_CNTN>055065</SO_GIAY_CNTN>
          <SO_CCN />
          <BC2_GHICHU></BC2_GHICHU>
          <NGAY_RA_QDTN>2024-04-22</NGAY_RA_QDTN>
        </HO_SO>
      </NGUOI_LX>
      <NGUOI_LX>
        <SO_TT>17</SO_TT>
        <MA_DK>79038-20231211103819260</MA_DK>
        <HO_TEN_DEM>LÊ TẤN</HO_TEN_DEM>
        <TEN>HÙNG</TEN>
        <HO_VA_TEN>LÊ TẤN HÙNG</HO_VA_TEN>
        <NGAY_SINH>20010602</NGAY_SINH>
        <NOI_CT>Ấp An Hưng,</NOI_CT>
        <NOI_CT_MA_DVHC>27943</NOI_CT_MA_DVHC>
        <NOI_CT_MA_DVQL>802</NOI_CT_MA_DVQL>
        <SO_CMT>080201012221</SO_CMT>
        <HO_VA_TEN_IN />
        <HO_SO>
          <SO_HO_SO>047</SO_HO_SO>
          <SO_GPLX_DA_CO></SO_GPLX_DA_CO>
          <HANG_GPLX_DA_CO></HANG_GPLX_DA_CO>
          <NAM_HOC_LAIXE></NAM_HOC_LAIXE>
          <SO_NAM_LAIXE>0</SO_NAM_LAIXE>
          <SO_KM_ANTOAN>0</SO_KM_ANTOAN>
          <GIAY_CNSK>1</GIAY_CNSK>
          <SO_GIAY_CNTN>055066</SO_GIAY_CNTN>
          <SO_CCN />
          <BC2_GHICHU></BC2_GHICHU>
          <NGAY_RA_QDTN>2024-04-22</NGAY_RA_QDTN>
        </HO_SO>
      </NGUOI_LX>
      <NGUOI_LX>
        <SO_TT>18</SO_TT>
        <MA_DK>79038-20231211094335810</MA_DK>
        <HO_TEN_DEM>NGUYỄN QUANG</HO_TEN_DEM>
        <TEN>HƯNG</TEN>
        <HO_VA_TEN>NGUYỄN QUANG HƯNG</HO_VA_TEN>
        <NGAY_SINH>20040316</NGAY_SINH>
        <NOI_CT>262 Bis Bạch Đằng,</NOI_CT>
        <NOI_CT_MA_DVHC>26929</NOI_CT_MA_DVHC>
        <NOI_CT_MA_DVQL>765</NOI_CT_MA_DVQL>
        <SO_CMT>079204000963</SO_CMT>
        <HO_VA_TEN_IN />
        <HO_SO>
          <SO_HO_SO>015</SO_HO_SO>
          <SO_GPLX_DA_CO>790226133991</SO_GPLX_DA_CO>
          <HANG_GPLX_DA_CO>A1</HANG_GPLX_DA_CO>
          <NAM_HOC_LAIXE></NAM_HOC_LAIXE>
          <SO_NAM_LAIXE>0</SO_NAM_LAIXE>
          <SO_KM_ANTOAN>0</SO_KM_ANTOAN>
          <GIAY_CNSK>1</GIAY_CNSK>
          <SO_GIAY_CNTN>055067</SO_GIAY_CNTN>
          <SO_CCN />
          <BC2_GHICHU></BC2_GHICHU>
          <NGAY_RA_QDTN>2024-04-22</NGAY_RA_QDTN>
        </HO_SO>
      </NGUOI_LX>
      <NGUOI_LX>
        <SO_TT>19</SO_TT>
        <MA_DK>79038-20231211091711600</MA_DK>
        <HO_TEN_DEM>NGUYỄN TẤN</HO_TEN_DEM>
        <TEN>HUY</TEN>
        <HO_VA_TEN>NGUYỄN TẤN HUY</HO_VA_TEN>
        <NGAY_SINH>19820407</NGAY_SINH>
        <NOI_CT>Ấp Đức Hạnh 1,</NOI_CT>
        <NOI_CT_MA_DVHC>27958</NOI_CT_MA_DVHC>
        <NOI_CT_MA_DVQL>802</NOI_CT_MA_DVQL>
        <SO_CMT>080082013081</SO_CMT>
        <HO_VA_TEN_IN />
        <HO_SO>
          <SO_HO_SO>002</SO_HO_SO>
          <SO_GPLX_DA_CO></SO_GPLX_DA_CO>
          <HANG_GPLX_DA_CO></HANG_GPLX_DA_CO>
          <NAM_HOC_LAIXE></NAM_HOC_LAIXE>
          <SO_NAM_LAIXE>0</SO_NAM_LAIXE>
          <SO_KM_ANTOAN>0</SO_KM_ANTOAN>
          <GIAY_CNSK>1</GIAY_CNSK>
          <SO_GIAY_CNTN>055068</SO_GIAY_CNTN>
          <SO_CCN />
          <BC2_GHICHU></BC2_GHICHU>
          <NGAY_RA_QDTN>2024-04-22</NGAY_RA_QDTN>
        </HO_SO>
      </NGUOI_LX>
      <NGUOI_LX>
        <SO_TT>20</SO_TT>
        <MA_DK>79038-20231211104405140</MA_DK>
        <HO_TEN_DEM>PHẠM MINH</HO_TEN_DEM>
        <TEN>KHANG</TEN>
        <HO_VA_TEN>PHẠM MINH KHANG</HO_VA_TEN>
        <NGAY_SINH>20011229</NGAY_SINH>
        <NOI_CT>69/1 Dương Văn Dương,</NOI_CT>
        <NOI_CT_MA_DVHC>27019</NOI_CT_MA_DVHC>
        <NOI_CT_MA_DVQL>767</NOI_CT_MA_DVQL>
        <SO_CMT>079201028728</SO_CMT>
        <HO_VA_TEN_IN />
        <HO_SO>
          <SO_HO_SO>051</SO_HO_SO>
          <SO_GPLX_DA_CO>790200025276</SO_GPLX_DA_CO>
          <HANG_GPLX_DA_CO>A1</HANG_GPLX_DA_CO>
          <NAM_HOC_LAIXE></NAM_HOC_LAIXE>
          <SO_NAM_LAIXE>0</SO_NAM_LAIXE>
          <SO_KM_ANTOAN>0</SO_KM_ANTOAN>
          <GIAY_CNSK>1</GIAY_CNSK>
          <SO_GIAY_CNTN>055069</SO_GIAY_CNTN>
          <SO_CCN />
          <BC2_GHICHU></BC2_GHICHU>
          <NGAY_RA_QDTN>2024-04-22</NGAY_RA_QDTN>
        </HO_SO>
      </NGUOI_LX>
      <NGUOI_LX>
        <SO_TT>21</SO_TT>
        <MA_DK>79038-20231211093011247</MA_DK>
        <HO_TEN_DEM>NGUYỄN THỊ BÍCH</HO_TEN_DEM>
        <TEN>LIÊN</TEN>
        <HO_VA_TEN>NGUYỄN THỊ BÍCH LIÊN</HO_VA_TEN>
        <NGAY_SINH>19820601</NGAY_SINH>
        <NOI_CT>95/44 Gò Dầu,</NOI_CT>
        <NOI_CT_MA_DVHC>27019</NOI_CT_MA_DVHC>
        <NOI_CT_MA_DVQL>767</NOI_CT_MA_DVQL>
        <SO_CMT>072182012022</SO_CMT>
        <HO_VA_TEN_IN />
        <HO_SO>
          <SO_HO_SO>007</SO_HO_SO>
          <SO_GPLX_DA_CO></SO_GPLX_DA_CO>
          <HANG_GPLX_DA_CO></HANG_GPLX_DA_CO>
          <NAM_HOC_LAIXE></NAM_HOC_LAIXE>
          <SO_NAM_LAIXE>0</SO_NAM_LAIXE>
          <SO_KM_ANTOAN>0</SO_KM_ANTOAN>
          <GIAY_CNSK>1</GIAY_CNSK>
          <SO_GIAY_CNTN>055070</SO_GIAY_CNTN>
          <SO_CCN />
          <BC2_GHICHU></BC2_GHICHU>
          <NGAY_RA_QDTN>2024-04-22</NGAY_RA_QDTN>
        </HO_SO>
      </NGUOI_LX>
      <NGUOI_LX>
        <SO_TT>22</SO_TT>
        <MA_DK>79038-20231211093316510</MA_DK>
        <HO_TEN_DEM>TRẦN THỊ CẨM</HO_TEN_DEM>
        <TEN>LINH</TEN>
        <HO_VA_TEN>TRẦN THỊ CẨM LINH</HO_VA_TEN>
        <NGAY_SINH>19960920</NGAY_SINH>
        <NOI_CT>47 Võ Văn Điều, Mây Đắng,</NOI_CT>
        <NOI_CT_MA_DVHC>27526</NOI_CT_MA_DVHC>
        <NOI_CT_MA_DVQL>783</NOI_CT_MA_DVQL>
        <SO_CMT>072196002480</SO_CMT>
        <HO_VA_TEN_IN />
        <HO_SO>
          <SO_HO_SO>009</SO_HO_SO>
          <SO_GPLX_DA_CO>791155214870</SO_GPLX_DA_CO>
          <HANG_GPLX_DA_CO>A1</HANG_GPLX_DA_CO>
          <NAM_HOC_LAIXE></NAM_HOC_LAIXE>
          <SO_NAM_LAIXE>0</SO_NAM_LAIXE>
          <SO_KM_ANTOAN>0</SO_KM_ANTOAN>
          <GIAY_CNSK>1</GIAY_CNSK>
          <SO_GIAY_CNTN>055071</SO_GIAY_CNTN>
          <SO_CCN />
          <BC2_GHICHU></BC2_GHICHU>
          <NGAY_RA_QDTN>2024-04-22</NGAY_RA_QDTN>
        </HO_SO>
      </NGUOI_LX>
      <NGUOI_LX>
        <SO_TT>23</SO_TT>
        <MA_DK>79038-20231211091603167</MA_DK>
        <HO_TEN_DEM>NGUYỄN THỊ KIM</HO_TEN_DEM>
        <TEN>NGÂN</TEN>
        <HO_VA_TEN>NGUYỄN THỊ KIM NGÂN</HO_VA_TEN>
        <NGAY_SINH>20010228</NGAY_SINH>
        <NOI_CT>Ấp Tây,</NOI_CT>
        <NOI_CT_MA_DVHC>28204</NOI_CT_MA_DVHC>
        <NOI_CT_MA_DVQL>807</NOI_CT_MA_DVQL>
        <SO_CMT>080301002259</SO_CMT>
        <HO_VA_TEN_IN />
        <HO_SO>
          <SO_HO_SO>001</SO_HO_SO>
          <SO_GPLX_DA_CO>791222036354</SO_GPLX_DA_CO>
          <HANG_GPLX_DA_CO>A1</HANG_GPLX_DA_CO>
          <NAM_HOC_LAIXE></NAM_HOC_LAIXE>
          <SO_NAM_LAIXE>0</SO_NAM_LAIXE>
          <SO_KM_ANTOAN>0</SO_KM_ANTOAN>
          <GIAY_CNSK>1</GIAY_CNSK>
          <SO_GIAY_CNTN>055072</SO_GIAY_CNTN>
          <SO_CCN />
          <BC2_GHICHU></BC2_GHICHU>
          <NGAY_RA_QDTN>2024-04-22</NGAY_RA_QDTN>
        </HO_SO>
      </NGUOI_LX>
      <NGUOI_LX>
        <SO_TT>24</SO_TT>
        <MA_DK>79038-20231219113302123</MA_DK>
        <HO_TEN_DEM>LỪU THỊ BÍCH</HO_TEN_DEM>
        <TEN>NGỌC</TEN>
        <HO_VA_TEN>LỪU THỊ BÍCH NGỌC</HO_VA_TEN>
        <NGAY_SINH>19780418</NGAY_SINH>
        <NOI_CT>Ấp 3,</NOI_CT>
        <NOI_CT_MA_DVHC>26218</NOI_CT_MA_DVHC>
        <NOI_CT_MA_DVQL>736</NOI_CT_MA_DVQL>
        <SO_CMT>075178013094</SO_CMT>
        <HO_VA_TEN_IN />
        <HO_SO>
          <SO_HO_SO>054</SO_HO_SO>
          <SO_GPLX_DA_CO>751997000916</SO_GPLX_DA_CO>
          <HANG_GPLX_DA_CO>A1</HANG_GPLX_DA_CO>
          <NAM_HOC_LAIXE></NAM_HOC_LAIXE>
          <SO_NAM_LAIXE>0</SO_NAM_LAIXE>
          <SO_KM_ANTOAN>0</SO_KM_ANTOAN>
          <GIAY_CNSK>1</GIAY_CNSK>
          <SO_GIAY_CNTN>055073</SO_GIAY_CNTN>
          <SO_CCN />
          <BC2_GHICHU></BC2_GHICHU>
          <NGAY_RA_QDTN>2024-04-22</NGAY_RA_QDTN>
        </HO_SO>
      </NGUOI_LX>
      <NGUOI_LX>
        <SO_TT>25</SO_TT>
        <MA_DK>79038-20231211094024383</MA_DK>
        <HO_TEN_DEM>NGUYỄN THANH</HO_TEN_DEM>
        <TEN>PHÁT</TEN>
        <HO_VA_TEN>NGUYỄN THANH PHÁT</HO_VA_TEN>
        <NGAY_SINH>20041219</NGAY_SINH>
        <NOI_CT>Ấp Tây,</NOI_CT>
        <NOI_CT_MA_DVHC>28204</NOI_CT_MA_DVHC>
        <NOI_CT_MA_DVQL>807</NOI_CT_MA_DVQL>
        <SO_CMT>080204004982</SO_CMT>
        <HO_VA_TEN_IN />
        <HO_SO>
          <SO_HO_SO>013</SO_HO_SO>
          <SO_GPLX_DA_CO>790228715546</SO_GPLX_DA_CO>
          <HANG_GPLX_DA_CO>A1</HANG_GPLX_DA_CO>
          <NAM_HOC_LAIXE></NAM_HOC_LAIXE>
          <SO_NAM_LAIXE>0</SO_NAM_LAIXE>
          <SO_KM_ANTOAN>0</SO_KM_ANTOAN>
          <GIAY_CNSK>1</GIAY_CNSK>
          <SO_GIAY_CNTN>055074</SO_GIAY_CNTN>
          <SO_CCN />
          <BC2_GHICHU></BC2_GHICHU>
          <NGAY_RA_QDTN>2024-04-22</NGAY_RA_QDTN>
        </HO_SO>
      </NGUOI_LX>
      <NGUOI_LX>
        <SO_TT>26</SO_TT>
        <MA_DK>79038-20231211100111247</MA_DK>
        <HO_TEN_DEM>BÙI HÀ</HO_TEN_DEM>
        <TEN>SƠN</TEN>
        <HO_VA_TEN>BÙI HÀ SƠN</HO_VA_TEN>
        <NGAY_SINH>19831012</NGAY_SINH>
        <NOI_CT>296 Lưu Hữu Phước,</NOI_CT>
        <NOI_CT_MA_DVHC>27427</NOI_CT_MA_DVHC>
        <NOI_CT_MA_DVQL>776</NOI_CT_MA_DVQL>
        <SO_CMT>001083054900</SO_CMT>
        <HO_VA_TEN_IN />
        <HO_SO>
          <SO_HO_SO>024</SO_HO_SO>
          <SO_GPLX_DA_CO>790137796177</SO_GPLX_DA_CO>
          <HANG_GPLX_DA_CO>A1</HANG_GPLX_DA_CO>
          <NAM_HOC_LAIXE></NAM_HOC_LAIXE>
          <SO_NAM_LAIXE>0</SO_NAM_LAIXE>
          <SO_KM_ANTOAN>0</SO_KM_ANTOAN>
          <GIAY_CNSK>1</GIAY_CNSK>
          <SO_GIAY_CNTN>055076</SO_GIAY_CNTN>
          <SO_CCN />
          <BC2_GHICHU></BC2_GHICHU>
          <NGAY_RA_QDTN>2024-04-22</NGAY_RA_QDTN>
        </HO_SO>
      </NGUOI_LX>
      <NGUOI_LX>
        <SO_TT>27</SO_TT>
        <MA_DK>79038-20231212090018107</MA_DK>
        <HO_TEN_DEM>NGUYỄN VĂN</HO_TEN_DEM>
        <TEN>TÀI</TEN>
        <HO_VA_TEN>NGUYỄN VĂN TÀI</HO_VA_TEN>
        <NGAY_SINH>19910525</NGAY_SINH>
        <NOI_CT>Ấp Bến Nôm 2</NOI_CT>
        <NOI_CT_MA_DVHC>26236</NOI_CT_MA_DVHC>
        <NOI_CT_MA_DVQL>736</NOI_CT_MA_DVQL>
        <SO_CMT>075091021477</SO_CMT>
        <HO_VA_TEN_IN />
        <HO_SO>
          <SO_HO_SO>059</SO_HO_SO>
          <SO_GPLX_DA_CO>790153148972</SO_GPLX_DA_CO>
          <HANG_GPLX_DA_CO>A1</HANG_GPLX_DA_CO>
          <NAM_HOC_LAIXE></NAM_HOC_LAIXE>
          <SO_NAM_LAIXE>0</SO_NAM_LAIXE>
          <SO_KM_ANTOAN>0</SO_KM_ANTOAN>
          <GIAY_CNSK>1</GIAY_CNSK>
          <SO_GIAY_CNTN>055077</SO_GIAY_CNTN>
          <SO_CCN />
          <BC2_GHICHU></BC2_GHICHU>
          <NGAY_RA_QDTN>2024-04-22</NGAY_RA_QDTN>
        </HO_SO>
      </NGUOI_LX>
      <NGUOI_LX>
        <SO_TT>28</SO_TT>
        <MA_DK>79038-20231211094640820</MA_DK>
        <HO_TEN_DEM>PHẠM LƯU</HO_TEN_DEM>
        <TEN>THÁI</TEN>
        <HO_VA_TEN>PHẠM LƯU THÁI</HO_VA_TEN>
        <NGAY_SINH>20000626</NGAY_SINH>
        <NOI_CT>Ấp 2,</NOI_CT>
        <NOI_CT_MA_DVHC>25369</NOI_CT_MA_DVHC>
        <NOI_CT_MA_DVQL>695</NOI_CT_MA_DVQL>
        <SO_CMT>070200007354</SO_CMT>
        <HO_VA_TEN_IN />
        <HO_SO>
          <SO_HO_SO>017</SO_HO_SO>
          <SO_GPLX_DA_CO>790193056916</SO_GPLX_DA_CO>
          <HANG_GPLX_DA_CO>A1</HANG_GPLX_DA_CO>
          <NAM_HOC_LAIXE></NAM_HOC_LAIXE>
          <SO_NAM_LAIXE>0</SO_NAM_LAIXE>
          <SO_KM_ANTOAN>0</SO_KM_ANTOAN>
          <GIAY_CNSK>1</GIAY_CNSK>
          <SO_GIAY_CNTN>055078</SO_GIAY_CNTN>
          <SO_CCN />
          <BC2_GHICHU></BC2_GHICHU>
          <NGAY_RA_QDTN>2024-04-22</NGAY_RA_QDTN>
        </HO_SO>
      </NGUOI_LX>
      <NGUOI_LX>
        <SO_TT>29</SO_TT>
        <MA_DK>79038-20231211101751697</MA_DK>
        <HO_TEN_DEM>NGUYỄN THUẦN</HO_TEN_DEM>
        <TEN>THÀNH</TEN>
        <HO_VA_TEN>NGUYỄN THUẦN THÀNH</HO_VA_TEN>
        <NGAY_SINH>19790301</NGAY_SINH>
        <NOI_CT>99/5/5 Dương Văn Dương,</NOI_CT>
        <NOI_CT_MA_DVHC>27019</NOI_CT_MA_DVHC>
        <NOI_CT_MA_DVQL>767</NOI_CT_MA_DVQL>
        <SO_CMT>080079000182</SO_CMT>
        <HO_VA_TEN_IN />
        <HO_SO>
          <SO_HO_SO>034</SO_HO_SO>
          <SO_GPLX_DA_CO></SO_GPLX_DA_CO>
          <HANG_GPLX_DA_CO></HANG_GPLX_DA_CO>
          <NAM_HOC_LAIXE></NAM_HOC_LAIXE>
          <SO_NAM_LAIXE>0</SO_NAM_LAIXE>
          <SO_KM_ANTOAN>0</SO_KM_ANTOAN>
          <GIAY_CNSK>1</GIAY_CNSK>
          <SO_GIAY_CNTN>055079</SO_GIAY_CNTN>
          <SO_CCN />
          <BC2_GHICHU></BC2_GHICHU>
          <NGAY_RA_QDTN>2024-04-22</NGAY_RA_QDTN>
        </HO_SO>
      </NGUOI_LX>
      <NGUOI_LX>
        <SO_TT>30</SO_TT>
        <MA_DK>79038-20231211100548560</MA_DK>
        <HO_TEN_DEM>TRẦN THỊ THANH</HO_TEN_DEM>
        <TEN>THÙY</TEN>
        <HO_VA_TEN>TRẦN THỊ THANH THÙY</HO_VA_TEN>
        <NGAY_SINH>19871020</NGAY_SINH>
        <NOI_CT>Khu Phố 1,</NOI_CT>
        <NOI_CT_MA_DVHC>27898</NOI_CT_MA_DVHC>
        <NOI_CT_MA_DVQL>801</NOI_CT_MA_DVQL>
        <SO_CMT>080187008905</SO_CMT>
        <HO_VA_TEN_IN />
        <HO_SO>
          <SO_HO_SO>026</SO_HO_SO>
          <SO_GPLX_DA_CO></SO_GPLX_DA_CO>
          <HANG_GPLX_DA_CO></HANG_GPLX_DA_CO>
          <NAM_HOC_LAIXE></NAM_HOC_LAIXE>
          <SO_NAM_LAIXE>0</SO_NAM_LAIXE>
          <SO_KM_ANTOAN>0</SO_KM_ANTOAN>
          <GIAY_CNSK>1</GIAY_CNSK>
          <SO_GIAY_CNTN>055081</SO_GIAY_CNTN>
          <SO_CCN />
          <BC2_GHICHU></BC2_GHICHU>
          <NGAY_RA_QDTN>2024-04-22</NGAY_RA_QDTN>
        </HO_SO>
      </NGUOI_LX>
      <NGUOI_LX>
        <SO_TT>31</SO_TT>
        <MA_DK>79038-20231211100921130</MA_DK>
        <HO_TEN_DEM>NGUYỄN MINH</HO_TEN_DEM>
        <TEN>TIẾNG</TEN>
        <HO_VA_TEN>NGUYỄN MINH TIẾNG</HO_VA_TEN>
        <NGAY_SINH>19840223</NGAY_SINH>
        <NOI_CT>Kp Hòa Hưng,</NOI_CT>
        <NOI_CT_MA_DVHC>25735</NOI_CT_MA_DVHC>
        <NOI_CT_MA_DVQL>712</NOI_CT_MA_DVQL>
        <SO_CMT>072084002529</SO_CMT>
        <HO_VA_TEN_IN />
        <HO_SO>
          <SO_HO_SO>028</SO_HO_SO>
          <SO_GPLX_DA_CO>720040006461</SO_GPLX_DA_CO>
          <HANG_GPLX_DA_CO>A1</HANG_GPLX_DA_CO>
          <NAM_HOC_LAIXE></NAM_HOC_LAIXE>
          <SO_NAM_LAIXE>0</SO_NAM_LAIXE>
          <SO_KM_ANTOAN>0</SO_KM_ANTOAN>
          <GIAY_CNSK>1</GIAY_CNSK>
          <SO_GIAY_CNTN>055082</SO_GIAY_CNTN>
          <SO_CCN />
          <BC2_GHICHU></BC2_GHICHU>
          <NGAY_RA_QDTN>2024-04-22</NGAY_RA_QDTN>
        </HO_SO>
      </NGUOI_LX>
      <NGUOI_LX>
        <SO_TT>32</SO_TT>
        <MA_DK>79038-20231212085758437</MA_DK>
        <HO_TEN_DEM>NGUYỄN VĂN</HO_TEN_DEM>
        <TEN>TÌNH</TEN>
        <HO_VA_TEN>NGUYỄN VĂN TÌNH</HO_VA_TEN>
        <NGAY_SINH>19970411</NGAY_SINH>
        <NOI_CT>Xã Suối Dây</NOI_CT>
        <NOI_CT_MA_DVHC>25534</NOI_CT_MA_DVHC>
        <NOI_CT_MA_DVQL>706</NOI_CT_MA_DVQL>
        <SO_CMT>040097000075</SO_CMT>
        <HO_VA_TEN_IN />
        <HO_SO>
          <SO_HO_SO>058</SO_HO_SO>
          <SO_GPLX_DA_CO></SO_GPLX_DA_CO>
          <HANG_GPLX_DA_CO></HANG_GPLX_DA_CO>
          <NAM_HOC_LAIXE></NAM_HOC_LAIXE>
          <SO_NAM_LAIXE>0</SO_NAM_LAIXE>
          <SO_KM_ANTOAN>0</SO_KM_ANTOAN>
          <GIAY_CNSK>1</GIAY_CNSK>
          <SO_GIAY_CNTN>055083</SO_GIAY_CNTN>
          <SO_CCN />
          <BC2_GHICHU></BC2_GHICHU>
          <NGAY_RA_QDTN>2024-04-22</NGAY_RA_QDTN>
        </HO_SO>
      </NGUOI_LX>
      <NGUOI_LX>
        <SO_TT>33</SO_TT>
        <MA_DK>79038-20231211101910060</MA_DK>
        <HO_TEN_DEM>LƯƠNG QUỐC</HO_TEN_DEM>
        <TEN>TOẢN</TEN>
        <HO_VA_TEN>LƯƠNG QUỐC TOẢN</HO_VA_TEN>
        <NGAY_SINH>19960124</NGAY_SINH>
        <NOI_CT>Thôn Thanh Xuân,</NOI_CT>
        <NOI_CT_MA_DVHC>24499</NOI_CT_MA_DVHC>
        <NOI_CT_MA_DVQL>654</NOI_CT_MA_DVQL>
        <SO_CMT>066096010945</SO_CMT>
        <HO_VA_TEN_IN />
        <HO_SO>
          <SO_HO_SO>035</SO_HO_SO>
          <SO_GPLX_DA_CO>660142007161</SO_GPLX_DA_CO>
          <HANG_GPLX_DA_CO>A1</HANG_GPLX_DA_CO>
          <NAM_HOC_LAIXE></NAM_HOC_LAIXE>
          <SO_NAM_LAIXE>0</SO_NAM_LAIXE>
          <SO_KM_ANTOAN>0</SO_KM_ANTOAN>
          <GIAY_CNSK>1</GIAY_CNSK>
          <SO_GIAY_CNTN>055084</SO_GIAY_CNTN>
          <SO_CCN />
          <BC2_GHICHU></BC2_GHICHU>
          <NGAY_RA_QDTN>2024-04-22</NGAY_RA_QDTN>
        </HO_SO>
      </NGUOI_LX>
      <NGUOI_LX>
        <SO_TT>34</SO_TT>
        <MA_DK>79038-20231211093130970</MA_DK>
        <HO_TEN_DEM>TRẦN VĂN</HO_TEN_DEM>
        <TEN>TOẢN</TEN>
        <HO_VA_TEN>TRẦN VĂN TOẢN</HO_VA_TEN>
        <NGAY_SINH>19940516</NGAY_SINH>
        <NOI_CT>Tổ 9, Ấp Bàu Sầm,</NOI_CT>
        <NOI_CT_MA_DVHC>26107</NOI_CT_MA_DVHC>
        <NOI_CT_MA_DVQL>732</NOI_CT_MA_DVQL>
        <SO_CMT>075094016629</SO_CMT>
        <HO_VA_TEN_IN />
        <HO_SO>
          <SO_HO_SO>008</SO_HO_SO>
          <SO_GPLX_DA_CO>750220038148</SO_GPLX_DA_CO>
          <HANG_GPLX_DA_CO>A1</HANG_GPLX_DA_CO>
          <NAM_HOC_LAIXE></NAM_HOC_LAIXE>
          <SO_NAM_LAIXE>0</SO_NAM_LAIXE>
          <SO_KM_ANTOAN>0</SO_KM_ANTOAN>
          <GIAY_CNSK>1</GIAY_CNSK>
          <SO_GIAY_CNTN>055085</SO_GIAY_CNTN>
          <SO_CCN />
          <BC2_GHICHU></BC2_GHICHU>
          <NGAY_RA_QDTN>2024-04-22</NGAY_RA_QDTN>
        </HO_SO>
      </NGUOI_LX>
      <NGUOI_LX>
        <SO_TT>35</SO_TT>
        <MA_DK>79038-20231219112436327</MA_DK>
        <HO_TEN_DEM>ỪNG MỸ</HO_TEN_DEM>
        <TEN>TRINH</TEN>
        <HO_VA_TEN>ỪNG MỸ TRINH</HO_VA_TEN>
        <NGAY_SINH>19980108</NGAY_SINH>
        <NOI_CT>Ấp 1,</NOI_CT>
        <NOI_CT_MA_DVHC>26230</NOI_CT_MA_DVHC>
        <NOI_CT_MA_DVQL>736</NOI_CT_MA_DVQL>
        <SO_CMT>079198009787</SO_CMT>
        <HO_VA_TEN_IN />
        <HO_SO>
          <SO_HO_SO>046</SO_HO_SO>
          <SO_GPLX_DA_CO>791160030076</SO_GPLX_DA_CO>
          <HANG_GPLX_DA_CO>A1</HANG_GPLX_DA_CO>
          <NAM_HOC_LAIXE></NAM_HOC_LAIXE>
          <SO_NAM_LAIXE>0</SO_NAM_LAIXE>
          <SO_KM_ANTOAN>0</SO_KM_ANTOAN>
          <GIAY_CNSK>1</GIAY_CNSK>
          <SO_GIAY_CNTN>055086</SO_GIAY_CNTN>
          <SO_CCN />
          <BC2_GHICHU></BC2_GHICHU>
          <NGAY_RA_QDTN>2024-04-22</NGAY_RA_QDTN>
        </HO_SO>
      </NGUOI_LX>
      <NGUOI_LX>
        <SO_TT>36</SO_TT>
        <MA_DK>79038-20231211103539527</MA_DK>
        <HO_TEN_DEM>TRÀ THANH</HO_TEN_DEM>
        <TEN>TÚY</TEN>
        <HO_VA_TEN>TRÀ THANH TÚY</HO_VA_TEN>
        <NGAY_SINH>19881010</NGAY_SINH>
        <NOI_CT>Ấp 1,</NOI_CT>
        <NOI_CT_MA_DVHC>27904</NOI_CT_MA_DVHC>
        <NOI_CT_MA_DVQL>801</NOI_CT_MA_DVQL>
        <SO_CMT>080088016811</SO_CMT>
        <HO_VA_TEN_IN />
        <HO_SO>
          <SO_HO_SO>045</SO_HO_SO>
          <SO_GPLX_DA_CO></SO_GPLX_DA_CO>
          <HANG_GPLX_DA_CO></HANG_GPLX_DA_CO>
          <NAM_HOC_LAIXE></NAM_HOC_LAIXE>
          <SO_NAM_LAIXE>0</SO_NAM_LAIXE>
          <SO_KM_ANTOAN>0</SO_KM_ANTOAN>
          <GIAY_CNSK>1</GIAY_CNSK>
          <SO_GIAY_CNTN>055088</SO_GIAY_CNTN>
          <SO_CCN />
          <BC2_GHICHU></BC2_GHICHU>
          <NGAY_RA_QDTN>2024-04-22</NGAY_RA_QDTN>
        </HO_SO>
      </NGUOI_LX>
      <NGUOI_LX>
        <SO_TT>37</SO_TT>
        <MA_DK>79038-20231215160318390</MA_DK>
        <HO_TEN_DEM>DƯƠNG THANH</HO_TEN_DEM>
        <TEN>TUYỀN</TEN>
        <HO_VA_TEN>DƯƠNG THANH TUYỀN</HO_VA_TEN>
        <NGAY_SINH>19990111</NGAY_SINH>
        <NOI_CT>Ấp Bình Thắng</NOI_CT>
        <NOI_CT_MA_DVHC>26656</NOI_CT_MA_DVHC>
        <NOI_CT_MA_DVQL>751</NOI_CT_MA_DVQL>
        <SO_CMT>079199035649</SO_CMT>
        <HO_VA_TEN_IN />
        <HO_SO>
          <SO_HO_SO>061</SO_HO_SO>
          <SO_GPLX_DA_CO>791207024804</SO_GPLX_DA_CO>
          <HANG_GPLX_DA_CO>A1</HANG_GPLX_DA_CO>
          <NAM_HOC_LAIXE></NAM_HOC_LAIXE>
          <SO_NAM_LAIXE>0</SO_NAM_LAIXE>
          <SO_KM_ANTOAN>0</SO_KM_ANTOAN>
          <GIAY_CNSK>1</GIAY_CNSK>
          <SO_GIAY_CNTN>055089</SO_GIAY_CNTN>
          <SO_CCN />
          <BC2_GHICHU></BC2_GHICHU>
          <NGAY_RA_QDTN>2024-04-22</NGAY_RA_QDTN>
        </HO_SO>
      </NGUOI_LX>
      <NGUOI_LX>
        <SO_TT>38</SO_TT>
        <MA_DK>79038-20231211103927190</MA_DK>
        <HO_TEN_DEM>NGUYỄN PHÚC</HO_TEN_DEM>
        <TEN>VIỆT</TEN>
        <HO_VA_TEN>NGUYỄN PHÚC VIỆT</HO_VA_TEN>
        <NGAY_SINH>19900224</NGAY_SINH>
        <NOI_CT>Ấp Long Châu,</NOI_CT>
        <NOI_CT_MA_DVHC>25627</NOI_CT_MA_DVHC>
        <NOI_CT_MA_DVQL>708</NOI_CT_MA_DVQL>
        <SO_CMT>072090015199</SO_CMT>
        <HO_VA_TEN_IN />
        <HO_SO>
          <SO_HO_SO>048</SO_HO_SO>
          <SO_GPLX_DA_CO>720094010113</SO_GPLX_DA_CO>
          <HANG_GPLX_DA_CO>A3</HANG_GPLX_DA_CO>
          <NAM_HOC_LAIXE></NAM_HOC_LAIXE>
          <SO_NAM_LAIXE>0</SO_NAM_LAIXE>
          <SO_KM_ANTOAN>0</SO_KM_ANTOAN>
          <GIAY_CNSK>1</GIAY_CNSK>
          <SO_GIAY_CNTN>055090</SO_GIAY_CNTN>
          <SO_CCN />
          <BC2_GHICHU></BC2_GHICHU>
          <NGAY_RA_QDTN>2024-04-22</NGAY_RA_QDTN>
        </HO_SO>
      </NGUOI_LX>
      <NGUOI_LX>
        <SO_TT>39</SO_TT>
        <MA_DK>79038-20231211094913477</MA_DK>
        <HO_TEN_DEM>HUỲNH VĂN</HO_TEN_DEM>
        <TEN>VŨ</TEN>
        <HO_VA_TEN>HUỲNH VĂN VŨ</HO_VA_TEN>
        <NGAY_SINH>19960810</NGAY_SINH>
        <NOI_CT>Thôn Xuân Khánh,</NOI_CT>
        <NOI_CT_MA_DVHC>21682</NOI_CT_MA_DVHC>
        <NOI_CT_MA_DVQL>543</NOI_CT_MA_DVQL>
        <SO_CMT>052096015249</SO_CMT>
        <HO_VA_TEN_IN />
        <HO_SO>
          <SO_HO_SO>019</SO_HO_SO>
          <SO_GPLX_DA_CO></SO_GPLX_DA_CO>
          <HANG_GPLX_DA_CO></HANG_GPLX_DA_CO>
          <NAM_HOC_LAIXE></NAM_HOC_LAIXE>
          <SO_NAM_LAIXE>0</SO_NAM_LAIXE>
          <SO_KM_ANTOAN>0</SO_KM_ANTOAN>
          <GIAY_CNSK>1</GIAY_CNSK>
          <SO_GIAY_CNTN>055091</SO_GIAY_CNTN>
          <SO_CCN />
          <BC2_GHICHU></BC2_GHICHU>
          <NGAY_RA_QDTN>2024-04-22</NGAY_RA_QDTN>
        </HO_SO>
      </NGUOI_LX>
      <NGUOI_LX>
        <SO_TT>40</SO_TT>
        <MA_DK>79038-20231211101331080</MA_DK>
        <HO_TEN_DEM>PHẠM THU</HO_TEN_DEM>
        <TEN>XUÂN</TEN>
        <HO_VA_TEN>PHẠM THU XUÂN</HO_VA_TEN>
        <NGAY_SINH>19841113</NGAY_SINH>
        <NOI_CT>Ấp Phước Tây,</NOI_CT>
        <NOI_CT_MA_DVHC>25669</NOI_CT_MA_DVHC>
        <NOI_CT_MA_DVQL>710</NOI_CT_MA_DVQL>
        <SO_CMT>072184001561</SO_CMT>
        <HO_VA_TEN_IN />
        <HO_SO>
          <SO_HO_SO>031</SO_HO_SO>
          <SO_GPLX_DA_CO></SO_GPLX_DA_CO>
          <HANG_GPLX_DA_CO></HANG_GPLX_DA_CO>
          <NAM_HOC_LAIXE></NAM_HOC_LAIXE>
          <SO_NAM_LAIXE>0</SO_NAM_LAIXE>
          <SO_KM_ANTOAN>0</SO_KM_ANTOAN>
          <GIAY_CNSK>1</GIAY_CNSK>
          <SO_GIAY_CNTN>055092</SO_GIAY_CNTN>
          <SO_CCN />
          <BC2_GHICHU></BC2_GHICHU>
          <NGAY_RA_QDTN>2024-04-22</NGAY_RA_QDTN>
        </HO_SO>
      </NGUOI_LX>
      <NGUOI_LX>
        <SO_TT>41</SO_TT>
        <MA_DK>79038-20231219113625483</MA_DK>
        <HO_TEN_DEM>NGUYỄN VĂN</HO_TEN_DEM>
        <TEN>XUYÊN</TEN>
        <HO_VA_TEN>NGUYỄN VĂN XUYÊN</HO_VA_TEN>
        <NGAY_SINH>19750101</NGAY_SINH>
        <NOI_CT>Ấp Vĩnh An,</NOI_CT>
        <NOI_CT_MA_DVHC>26227</NOI_CT_MA_DVHC>
        <NOI_CT_MA_DVQL>736</NOI_CT_MA_DVQL>
        <SO_CMT>036075023909</SO_CMT>
        <HO_VA_TEN_IN />
        <HO_SO>
          <SO_HO_SO>063</SO_HO_SO>
          <SO_GPLX_DA_CO>750036044986</SO_GPLX_DA_CO>
          <HANG_GPLX_DA_CO>A1</HANG_GPLX_DA_CO>
          <NAM_HOC_LAIXE></NAM_HOC_LAIXE>
          <SO_NAM_LAIXE>0</SO_NAM_LAIXE>
          <SO_KM_ANTOAN>0</SO_KM_ANTOAN>
          <GIAY_CNSK>1</GIAY_CNSK>
          <SO_GIAY_CNTN>055093</SO_GIAY_CNTN>
          <SO_CCN />
          <BC2_GHICHU></BC2_GHICHU>
          <NGAY_RA_QDTN>2024-04-22</NGAY_RA_QDTN>
        </HO_SO>
      </NGUOI_LX>
    </NGUOI_LXS>
  </DATA>
  <Signature xmlns="http://www.w3.org/2000/09/xmldsig#">
    <SignedInfo>
      <CanonicalizationMethod Algorithm="http://www.w3.org/TR/2001/REC-xml-c14n-20010315" />
      <SignatureMethod Algorithm="http://www.w3.org/2000/09/xmldsig#rsa-sha1" />
      <Reference URI="">
        <Transforms>
          <Transform Algorithm="http://www.w3.org/2000/09/xmldsig#enveloped-signature" />
        </Transforms>
        <DigestMethod Algorithm="http://www.w3.org/2000/09/xmldsig#sha1" />
        <DigestValue>M6gzhrciJYKQD8D9Vzv4JX6z/Iw=</DigestValue>
      </Reference>
    </SignedInfo>
    <SignatureValue>KPNWmTAkrikb7hDLAxnffX9or3f6C3guzB8kHY4vWAlKfkgCtkArjbTSgxAtgQtX90/5vvPcE+yOP0wN8tzm7DDQbCLijdOqRG4MaJ2yRzMG0FQ22ggegbS00GFL9wsRrcCPKtZPARxMSU4hZ7h5yGYqqAhqIuVEdWYFmMhXpcM=</SignatureValue>
  </Signature>
</BAO_CAO2>