﻿<?xml version="1.0" encoding="utf-8"?>
<BAO_CAO2>
  <HEADER>
    <MA_GIAO_DICH>c895dba8-0044-4ba9-8cec-c315ed0eee6e</MA_GIAO_DICH>
    <MA_DV_GUI>79038</MA_DV_GUI>
    <TEN_DV_GUI>Trung Tâm Giáo Dục Nghề Nghiệp Lái Xe Tiến Đạt</TEN_DV_GUI>
    <NGAY_GUI>2024-05-06 08:40:36</NGAY_GUI>
    <NGUOI_GUI>ADMIN</NGUOI_GUI>
    <TONG_SO_BAN_GHI>69</TONG_SO_BAN_GHI>
  </HEADER>
  <DATA>
    <BCII>
      <MA_BCII>3432M/TÐ-ÐT</MA_BCII>
      <MA_BCI>310/VR</MA_BCI>
      <MA_CSDT>79038</MA_CSDT>
      <SO_CV_BCII>3432M/TÐ-ÐT</SO_CV_BCII>
      <NGAY_CV_BCII>2024-04-26</NGAY_CV_BCII>
      <SO_THI_SINH>69</SO_THI_SINH>
    </BCII>
    <NGUOI_LXS>
      <NGUOI_LX>
        <SO_TT>1</SO_TT>
        <MA_DK>79038-20221212084209513</MA_DK>
        <HO_TEN_DEM>NGUYỄN TRƯỜNG</HO_TEN_DEM>
        <TEN>AN</TEN>
        <HO_VA_TEN>NGUYỄN TRƯỜNG AN</HO_VA_TEN>
        <NGAY_SINH>19870803</NGAY_SINH>
        <NOI_CT>Ấp Cống Quẹo</NOI_CT>
        <NOI_CT_MA_DVHC>25804</NOI_CT_MA_DVHC>
        <NOI_CT_MA_DVQL>720</NOI_CT_MA_DVQL>
        <SO_CMT>074187009300</SO_CMT>
        <HO_VA_TEN_IN />
        <HO_SO>
          <SO_HO_SO>033</SO_HO_SO>
          <SO_GPLX_DA_CO></SO_GPLX_DA_CO>
          <HANG_GPLX_DA_CO></HANG_GPLX_DA_CO>
          <NAM_HOC_LAIXE></NAM_HOC_LAIXE>
          <SO_NAM_LAIXE>0</SO_NAM_LAIXE>
          <SO_KM_ANTOAN>0</SO_KM_ANTOAN>
          <GIAY_CNSK>1</GIAY_CNSK>
          <SO_GIAY_CNTN>054271</SO_GIAY_CNTN>
          <SO_CCN />
          <BC2_GHICHU></BC2_GHICHU>
          <NGAY_RA_QDTN>2024-02-28</NGAY_RA_QDTN>
        </HO_SO>
      </NGUOI_LX>
      <NGUOI_LX>
        <SO_TT>2</SO_TT>
        <MA_DK>79038-20220812103447063</MA_DK>
        <HO_TEN_DEM>PHẠM CHÍ</HO_TEN_DEM>
        <TEN>BẢO</TEN>
        <HO_VA_TEN>PHẠM CHÍ BẢO</HO_VA_TEN>
        <NGAY_SINH>19960321</NGAY_SINH>
        <NOI_CT>Ấp 1</NOI_CT>
        <NOI_CT_MA_DVHC>31972</NOI_CT_MA_DVHC>
        <NOI_CT_MA_DVQL>960</NOI_CT_MA_DVQL>
        <SO_CMT>095096006346</SO_CMT>
        <HO_VA_TEN_IN />
        <HO_SO>
          <SO_HO_SO>020</SO_HO_SO>
          <SO_GPLX_DA_CO></SO_GPLX_DA_CO>
          <HANG_GPLX_DA_CO></HANG_GPLX_DA_CO>
          <NAM_HOC_LAIXE></NAM_HOC_LAIXE>
          <SO_NAM_LAIXE>0</SO_NAM_LAIXE>
          <SO_KM_ANTOAN>0</SO_KM_ANTOAN>
          <GIAY_CNSK>1</GIAY_CNSK>
          <SO_GIAY_CNTN>048762</SO_GIAY_CNTN>
          <SO_CCN />
          <BC2_GHICHU></BC2_GHICHU>
          <NGAY_RA_QDTN>2023-02-18</NGAY_RA_QDTN>
        </HO_SO>
      </NGUOI_LX>
      <NGUOI_LX>
        <SO_TT>3</SO_TT>
        <MA_DK>79038-20221007145842623</MA_DK>
        <HO_TEN_DEM>TRẦN QUANG</HO_TEN_DEM>
        <TEN>BÌNH</TEN>
        <HO_VA_TEN>TRẦN QUANG BÌNH</HO_VA_TEN>
        <NGAY_SINH>19850912</NGAY_SINH>
        <NOI_CT>Thôn Chợ,</NOI_CT>
        <NOI_CT_MA_DVHC>24082</NOI_CT_MA_DVHC>
        <NOI_CT_MA_DVQL>637</NOI_CT_MA_DVQL>
        <SO_CMT>230668393</SO_CMT>
        <HO_VA_TEN_IN />
        <HO_SO>
          <SO_HO_SO>102</SO_HO_SO>
          <SO_GPLX_DA_CO>740041016252</SO_GPLX_DA_CO>
          <HANG_GPLX_DA_CO>A1</HANG_GPLX_DA_CO>
          <NAM_HOC_LAIXE></NAM_HOC_LAIXE>
          <SO_NAM_LAIXE>0</SO_NAM_LAIXE>
          <SO_KM_ANTOAN>0</SO_KM_ANTOAN>
          <GIAY_CNSK>1</GIAY_CNSK>
          <SO_GIAY_CNTN>050506</SO_GIAY_CNTN>
          <SO_CCN />
          <BC2_GHICHU></BC2_GHICHU>
          <NGAY_RA_QDTN>2023-07-11</NGAY_RA_QDTN>
        </HO_SO>
      </NGUOI_LX>
      <NGUOI_LX>
        <SO_TT>4</SO_TT>
        <MA_DK>79038-20230719154227057</MA_DK>
        <HO_TEN_DEM>PHẠM VĂN</HO_TEN_DEM>
        <TEN>BƠI</TEN>
        <HO_VA_TEN>PHẠM VĂN BƠI</HO_VA_TEN>
        <NGAY_SINH>19820820</NGAY_SINH>
        <NOI_CT>Ấp 10</NOI_CT>
        <NOI_CT_MA_DVHC>31948</NOI_CT_MA_DVHC>
        <NOI_CT_MA_DVQL>959</NOI_CT_MA_DVQL>
        <SO_CMT>095082008145</SO_CMT>
        <HO_VA_TEN_IN />
        <HO_SO>
          <SO_HO_SO>005</SO_HO_SO>
          <SO_GPLX_DA_CO></SO_GPLX_DA_CO>
          <HANG_GPLX_DA_CO></HANG_GPLX_DA_CO>
          <NAM_HOC_LAIXE></NAM_HOC_LAIXE>
          <SO_NAM_LAIXE>0</SO_NAM_LAIXE>
          <SO_KM_ANTOAN>0</SO_KM_ANTOAN>
          <GIAY_CNSK>1</GIAY_CNSK>
          <SO_GIAY_CNTN>053707</SO_GIAY_CNTN>
          <SO_CCN />
          <BC2_GHICHU></BC2_GHICHU>
          <NGAY_RA_QDTN>2024-01-17</NGAY_RA_QDTN>
        </HO_SO>
      </NGUOI_LX>
      <NGUOI_LX>
        <SO_TT>5</SO_TT>
        <MA_DK>79038-20221114143746483</MA_DK>
        <HO_TEN_DEM>VÕ VĂN</HO_TEN_DEM>
        <TEN>CẢM</TEN>
        <HO_VA_TEN>VÕ VĂN CẢM</HO_VA_TEN>
        <NGAY_SINH>19821011</NGAY_SINH>
        <NOI_CT>Ấp Tân Bình</NOI_CT>
        <NOI_CT_MA_DVHC>25786</NOI_CT_MA_DVHC>
        <NOI_CT_MA_DVQL>720</NOI_CT_MA_DVQL>
        <SO_CMT>074082011553</SO_CMT>
        <HO_VA_TEN_IN />
        <HO_SO>
          <SO_HO_SO>017</SO_HO_SO>
          <SO_GPLX_DA_CO></SO_GPLX_DA_CO>
          <HANG_GPLX_DA_CO></HANG_GPLX_DA_CO>
          <NAM_HOC_LAIXE></NAM_HOC_LAIXE>
          <SO_NAM_LAIXE>0</SO_NAM_LAIXE>
          <SO_KM_ANTOAN>0</SO_KM_ANTOAN>
          <GIAY_CNSK>1</GIAY_CNSK>
          <SO_GIAY_CNTN>050024</SO_GIAY_CNTN>
          <SO_CCN />
          <BC2_GHICHU></BC2_GHICHU>
          <NGAY_RA_QDTN>2023-06-10</NGAY_RA_QDTN>
        </HO_SO>
      </NGUOI_LX>
      <NGUOI_LX>
        <SO_TT>6</SO_TT>
        <MA_DK>79038-20230913101246343</MA_DK>
        <HO_TEN_DEM>NGUYỄN HỮU</HO_TEN_DEM>
        <TEN>CHIẾN</TEN>
        <HO_VA_TEN>NGUYỄN HỮU CHIẾN</HO_VA_TEN>
        <NGAY_SINH>20020303</NGAY_SINH>
        <NOI_CT>168 Đống Đa, Tổ 7</NOI_CT>
        <NOI_CT_MA_DVHC>23293</NOI_CT_MA_DVHC>
        <NOI_CT_MA_DVQL>608</NOI_CT_MA_DVQL>
        <SO_CMT>062202000051</SO_CMT>
        <HO_VA_TEN_IN />
        <HO_SO>
          <SO_HO_SO>007</SO_HO_SO>
          <SO_GPLX_DA_CO>620200002279</SO_GPLX_DA_CO>
          <HANG_GPLX_DA_CO>A1</HANG_GPLX_DA_CO>
          <NAM_HOC_LAIXE></NAM_HOC_LAIXE>
          <SO_NAM_LAIXE>0</SO_NAM_LAIXE>
          <SO_KM_ANTOAN>0</SO_KM_ANTOAN>
          <GIAY_CNSK>1</GIAY_CNSK>
          <SO_GIAY_CNTN>054497</SO_GIAY_CNTN>
          <SO_CCN />
          <BC2_GHICHU></BC2_GHICHU>
          <NGAY_RA_QDTN>2024-03-20</NGAY_RA_QDTN>
        </HO_SO>
      </NGUOI_LX>
      <NGUOI_LX>
        <SO_TT>7</SO_TT>
        <MA_DK>79038-20230913155152260</MA_DK>
        <HO_TEN_DEM>ĐẶNG MINH</HO_TEN_DEM>
        <TEN>CƯỜNG</TEN>
        <HO_VA_TEN>ĐẶNG MINH CƯỜNG</HO_VA_TEN>
        <NGAY_SINH>19970727</NGAY_SINH>
        <NOI_CT>Thôn Bằng Lương,</NOI_CT>
        <NOI_CT_MA_DVHC>12910</NOI_CT_MA_DVHC>
        <NOI_CT_MA_DVQL>341</NOI_CT_MA_DVQL>
        <SO_CMT>034097015436</SO_CMT>
        <HO_VA_TEN_IN />
        <HO_SO>
          <SO_HO_SO>044</SO_HO_SO>
          <SO_GPLX_DA_CO></SO_GPLX_DA_CO>
          <HANG_GPLX_DA_CO></HANG_GPLX_DA_CO>
          <NAM_HOC_LAIXE></NAM_HOC_LAIXE>
          <SO_NAM_LAIXE>0</SO_NAM_LAIXE>
          <SO_KM_ANTOAN>0</SO_KM_ANTOAN>
          <GIAY_CNSK>1</GIAY_CNSK>
          <SO_GIAY_CNTN>054540</SO_GIAY_CNTN>
          <SO_CCN />
          <BC2_GHICHU></BC2_GHICHU>
          <NGAY_RA_QDTN>2024-03-20</NGAY_RA_QDTN>
        </HO_SO>
      </NGUOI_LX>
      <NGUOI_LX>
        <SO_TT>8</SO_TT>
        <MA_DK>79038-20230719144712303</MA_DK>
        <HO_TEN_DEM>HỒ MẠNH</HO_TEN_DEM>
        <TEN>CƯỜNG</TEN>
        <HO_VA_TEN>HỒ MẠNH CƯỜNG</HO_VA_TEN>
        <NGAY_SINH>19940522</NGAY_SINH>
        <NOI_CT>Ấp Vĩnh Thành</NOI_CT>
        <NOI_CT_MA_DVHC>29842</NOI_CT_MA_DVHC>
        <NOI_CT_MA_DVQL>862</NOI_CT_MA_DVQL>
        <SO_CMT>086094006579</SO_CMT>
        <HO_VA_TEN_IN />
        <HO_SO>
          <SO_HO_SO>032</SO_HO_SO>
          <SO_GPLX_DA_CO></SO_GPLX_DA_CO>
          <HANG_GPLX_DA_CO></HANG_GPLX_DA_CO>
          <NAM_HOC_LAIXE></NAM_HOC_LAIXE>
          <SO_NAM_LAIXE>0</SO_NAM_LAIXE>
          <SO_KM_ANTOAN>0</SO_KM_ANTOAN>
          <GIAY_CNSK>1</GIAY_CNSK>
          <SO_GIAY_CNTN>053684</SO_GIAY_CNTN>
          <SO_CCN />
          <BC2_GHICHU></BC2_GHICHU>
          <NGAY_RA_QDTN>2024-01-17</NGAY_RA_QDTN>
        </HO_SO>
      </NGUOI_LX>
      <NGUOI_LX>
        <SO_TT>9</SO_TT>
        <MA_DK>79038-20221210155459747</MA_DK>
        <HO_TEN_DEM>TRẦN VĂN</HO_TEN_DEM>
        <TEN>ĐĂNG</TEN>
        <HO_VA_TEN>TRẦN VĂN ĐĂNG</HO_VA_TEN>
        <NGAY_SINH>19870110</NGAY_SINH>
        <NOI_CT>Thôn Đa Lọc</NOI_CT>
        <NOI_CT_MA_DVHC>15796</NOI_CT_MA_DVHC>
        <NOI_CT_MA_DVQL>398</NOI_CT_MA_DVQL>
        <SO_CMT>038087026230</SO_CMT>
        <HO_VA_TEN_IN />
        <HO_SO>
          <SO_HO_SO>024</SO_HO_SO>
          <SO_GPLX_DA_CO></SO_GPLX_DA_CO>
          <HANG_GPLX_DA_CO></HANG_GPLX_DA_CO>
          <NAM_HOC_LAIXE></NAM_HOC_LAIXE>
          <SO_NAM_LAIXE>0</SO_NAM_LAIXE>
          <SO_KM_ANTOAN>0</SO_KM_ANTOAN>
          <GIAY_CNSK>1</GIAY_CNSK>
          <SO_GIAY_CNTN>050973</SO_GIAY_CNTN>
          <SO_CCN />
          <BC2_GHICHU></BC2_GHICHU>
          <NGAY_RA_QDTN>2023-08-08</NGAY_RA_QDTN>
        </HO_SO>
      </NGUOI_LX>
      <NGUOI_LX>
        <SO_TT>10</SO_TT>
        <MA_DK>79038-20230811165701117</MA_DK>
        <HO_TEN_DEM>LÊ CÔNG</HO_TEN_DEM>
        <TEN>DANH</TEN>
        <HO_VA_TEN>LÊ CÔNG DANH</HO_VA_TEN>
        <NGAY_SINH>19890819</NGAY_SINH>
        <NOI_CT>Ấp Lập Thành</NOI_CT>
        <NOI_CT_MA_DVHC>27970</NOI_CT_MA_DVHC>
        <NOI_CT_MA_DVQL>802</NOI_CT_MA_DVQL>
        <SO_CMT>080089003894</SO_CMT>
        <HO_VA_TEN_IN />
        <HO_SO>
          <SO_HO_SO>013</SO_HO_SO>
          <SO_GPLX_DA_CO></SO_GPLX_DA_CO>
          <HANG_GPLX_DA_CO></HANG_GPLX_DA_CO>
          <NAM_HOC_LAIXE></NAM_HOC_LAIXE>
          <SO_NAM_LAIXE>0</SO_NAM_LAIXE>
          <SO_KM_ANTOAN>0</SO_KM_ANTOAN>
          <GIAY_CNSK>1</GIAY_CNSK>
          <SO_GIAY_CNTN>054280</SO_GIAY_CNTN>
          <SO_CCN />
          <BC2_GHICHU></BC2_GHICHU>
          <NGAY_RA_QDTN>2024-02-28</NGAY_RA_QDTN>
        </HO_SO>
      </NGUOI_LX>
      <NGUOI_LX>
        <SO_TT>11</SO_TT>
        <MA_DK>79038-20221118103021227</MA_DK>
        <HO_TEN_DEM>NGUYỄN MINH</HO_TEN_DEM>
        <TEN>DẢO</TEN>
        <HO_VA_TEN>NGUYỄN MINH DẢO</HO_VA_TEN>
        <NGAY_SINH>19920101</NGAY_SINH>
        <NOI_CT>Thuận Hòa</NOI_CT>
        <NOI_CT_MA_DVHC>25582</NOI_CT_MA_DVHC>
        <NOI_CT_MA_DVQL>707</NOI_CT_MA_DVQL>
        <SO_CMT>072092002132</SO_CMT>
        <HO_VA_TEN_IN />
        <HO_SO>
          <SO_HO_SO>066</SO_HO_SO>
          <SO_GPLX_DA_CO>720201000109</SO_GPLX_DA_CO>
          <HANG_GPLX_DA_CO>A1</HANG_GPLX_DA_CO>
          <NAM_HOC_LAIXE></NAM_HOC_LAIXE>
          <SO_NAM_LAIXE>0</SO_NAM_LAIXE>
          <SO_KM_ANTOAN>0</SO_KM_ANTOAN>
          <GIAY_CNSK>1</GIAY_CNSK>
          <SO_GIAY_CNTN>050514</SO_GIAY_CNTN>
          <SO_CCN />
          <BC2_GHICHU></BC2_GHICHU>
          <NGAY_RA_QDTN>2023-07-11</NGAY_RA_QDTN>
        </HO_SO>
      </NGUOI_LX>
      <NGUOI_LX>
        <SO_TT>12</SO_TT>
        <MA_DK>79038-20221212083905290</MA_DK>
        <HO_TEN_DEM>HUỲNH</HO_TEN_DEM>
        <TEN>ĐẠT</TEN>
        <HO_VA_TEN>HUỲNH ĐẠT</HO_VA_TEN>
        <NGAY_SINH>19971128</NGAY_SINH>
        <NOI_CT>Khu Phố 2</NOI_CT>
        <NOI_CT_MA_DVHC>25552</NOI_CT_MA_DVHC>
        <NOI_CT_MA_DVQL>707</NOI_CT_MA_DVQL>
        <SO_CMT>072097000528</SO_CMT>
        <HO_VA_TEN_IN />
        <HO_SO>
          <SO_HO_SO>032</SO_HO_SO>
          <SO_GPLX_DA_CO></SO_GPLX_DA_CO>
          <HANG_GPLX_DA_CO></HANG_GPLX_DA_CO>
          <NAM_HOC_LAIXE></NAM_HOC_LAIXE>
          <SO_NAM_LAIXE>0</SO_NAM_LAIXE>
          <SO_KM_ANTOAN>0</SO_KM_ANTOAN>
          <GIAY_CNSK>1</GIAY_CNSK>
          <SO_GIAY_CNTN>053679</SO_GIAY_CNTN>
          <SO_CCN />
          <BC2_GHICHU></BC2_GHICHU>
          <NGAY_RA_QDTN>2024-01-17</NGAY_RA_QDTN>
        </HO_SO>
      </NGUOI_LX>
      <NGUOI_LX>
        <SO_TT>13</SO_TT>
        <MA_DK>79038-20230317151807697</MA_DK>
        <HO_TEN_DEM>LÊ VĂN</HO_TEN_DEM>
        <TEN>ĐEN</TEN>
        <HO_VA_TEN>LÊ VĂN ĐEN</HO_VA_TEN>
        <NGAY_SINH>19890101</NGAY_SINH>
        <NOI_CT>Ấp Tân Vọng</NOI_CT>
        <NOI_CT_MA_DVHC>30727</NOI_CT_MA_DVHC>
        <NOI_CT_MA_DVQL>894</NOI_CT_MA_DVQL>
        <SO_CMT>089089007920</SO_CMT>
        <HO_VA_TEN_IN />
        <HO_SO>
          <SO_HO_SO>029</SO_HO_SO>
          <SO_GPLX_DA_CO>790176111838</SO_GPLX_DA_CO>
          <HANG_GPLX_DA_CO>A1</HANG_GPLX_DA_CO>
          <NAM_HOC_LAIXE></NAM_HOC_LAIXE>
          <SO_NAM_LAIXE>0</SO_NAM_LAIXE>
          <SO_KM_ANTOAN>0</SO_KM_ANTOAN>
          <GIAY_CNSK>1</GIAY_CNSK>
          <SO_GIAY_CNTN>052281</SO_GIAY_CNTN>
          <SO_CCN />
          <BC2_GHICHU></BC2_GHICHU>
          <NGAY_RA_QDTN>2023-11-12</NGAY_RA_QDTN>
        </HO_SO>
      </NGUOI_LX>
      <NGUOI_LX>
        <SO_TT>14</SO_TT>
        <MA_DK>79038-20230511102637883</MA_DK>
        <HO_TEN_DEM>NGUYỄN TẤN</HO_TEN_DEM>
        <TEN>ĐỊNH</TEN>
        <HO_VA_TEN>NGUYỄN TẤN ĐỊNH</HO_VA_TEN>
        <NGAY_SINH>20000729</NGAY_SINH>
        <NOI_CT>150 Đường 1</NOI_CT>
        <NOI_CT_MA_DVHC>26860</NOI_CT_MA_DVHC>
        <NOI_CT_MA_DVQL>769</NOI_CT_MA_DVQL>
        <SO_CMT>079200003563</SO_CMT>
        <HO_VA_TEN_IN />
        <HO_SO>
          <SO_HO_SO>017</SO_HO_SO>
          <SO_GPLX_DA_CO>790186189030</SO_GPLX_DA_CO>
          <HANG_GPLX_DA_CO>A1</HANG_GPLX_DA_CO>
          <NAM_HOC_LAIXE></NAM_HOC_LAIXE>
          <SO_NAM_LAIXE>0</SO_NAM_LAIXE>
          <SO_KM_ANTOAN>0</SO_KM_ANTOAN>
          <GIAY_CNSK>1</GIAY_CNSK>
          <SO_GIAY_CNTN>052899</SO_GIAY_CNTN>
          <SO_CCN />
          <BC2_GHICHU></BC2_GHICHU>
          <NGAY_RA_QDTN>2023-12-06</NGAY_RA_QDTN>
        </HO_SO>
      </NGUOI_LX>
      <NGUOI_LX>
        <SO_TT>15</SO_TT>
        <MA_DK>79038-20220922151935330</MA_DK>
        <HO_TEN_DEM>NGUYỄN VĂN</HO_TEN_DEM>
        <TEN>ĐOÀN</TEN>
        <HO_VA_TEN>NGUYỄN VĂN ĐOÀN</HO_VA_TEN>
        <NGAY_SINH>19900101</NGAY_SINH>
        <NOI_CT>Phước Ninh,</NOI_CT>
        <NOI_CT_MA_DVHC>31876</NOI_CT_MA_DVHC>
        <NOI_CT_MA_DVQL>957</NOI_CT_MA_DVQL>
        <SO_CMT>385477027</SO_CMT>
        <HO_VA_TEN_IN />
        <HO_SO>
          <SO_HO_SO>037</SO_HO_SO>
          <SO_GPLX_DA_CO>790094261695</SO_GPLX_DA_CO>
          <HANG_GPLX_DA_CO>A1</HANG_GPLX_DA_CO>
          <NAM_HOC_LAIXE></NAM_HOC_LAIXE>
          <SO_NAM_LAIXE>0</SO_NAM_LAIXE>
          <SO_KM_ANTOAN>0</SO_KM_ANTOAN>
          <GIAY_CNSK>1</GIAY_CNSK>
          <SO_GIAY_CNTN>049560</SO_GIAY_CNTN>
          <SO_CCN />
          <BC2_GHICHU></BC2_GHICHU>
          <NGAY_RA_QDTN>2023-05-08</NGAY_RA_QDTN>
        </HO_SO>
      </NGUOI_LX>
      <NGUOI_LX>
        <SO_TT>16</SO_TT>
        <MA_DK>79038-20221210153422393</MA_DK>
        <HO_TEN_DEM>ĐIỂU</HO_TEN_DEM>
        <TEN>DŨNG</TEN>
        <HO_VA_TEN>ĐIỂU DŨNG</HO_VA_TEN>
        <NGAY_SINH>19780101</NGAY_SINH>
        <NOI_CT>Tổng Cui Lớn</NOI_CT>
        <NOI_CT_MA_DVHC>25351</NOI_CT_MA_DVHC>
        <NOI_CT_MA_DVQL>694</NOI_CT_MA_DVQL>
        <SO_CMT>070078004983</SO_CMT>
        <HO_VA_TEN_IN />
        <HO_SO>
          <SO_HO_SO>022</SO_HO_SO>
          <SO_GPLX_DA_CO></SO_GPLX_DA_CO>
          <HANG_GPLX_DA_CO></HANG_GPLX_DA_CO>
          <NAM_HOC_LAIXE></NAM_HOC_LAIXE>
          <SO_NAM_LAIXE>0</SO_NAM_LAIXE>
          <SO_KM_ANTOAN>0</SO_KM_ANTOAN>
          <GIAY_CNSK>1</GIAY_CNSK>
          <SO_GIAY_CNTN>050979</SO_GIAY_CNTN>
          <SO_CCN />
          <BC2_GHICHU></BC2_GHICHU>
          <NGAY_RA_QDTN>2023-08-08</NGAY_RA_QDTN>
        </HO_SO>
      </NGUOI_LX>
      <NGUOI_LX>
        <SO_TT>17</SO_TT>
        <MA_DK>79038-20221210153809210</MA_DK>
        <HO_TEN_DEM>ĐIỂU</HO_TEN_DEM>
        <TEN>ĐỪNG</TEN>
        <HO_VA_TEN>ĐIỂU ĐỪNG</HO_VA_TEN>
        <NGAY_SINH>19951208</NGAY_SINH>
        <NOI_CT>Tổ 1, Ấp Phố Lỗ</NOI_CT>
        <NOI_CT_MA_DVHC>25333</NOI_CT_MA_DVHC>
        <NOI_CT_MA_DVQL>690</NOI_CT_MA_DVQL>
        <SO_CMT>070095003192</SO_CMT>
        <HO_VA_TEN_IN />
        <HO_SO>
          <SO_HO_SO>023</SO_HO_SO>
          <SO_GPLX_DA_CO></SO_GPLX_DA_CO>
          <HANG_GPLX_DA_CO></HANG_GPLX_DA_CO>
          <NAM_HOC_LAIXE></NAM_HOC_LAIXE>
          <SO_NAM_LAIXE>0</SO_NAM_LAIXE>
          <SO_KM_ANTOAN>0</SO_KM_ANTOAN>
          <GIAY_CNSK>1</GIAY_CNSK>
          <SO_GIAY_CNTN>050980</SO_GIAY_CNTN>
          <SO_CCN />
          <BC2_GHICHU></BC2_GHICHU>
          <NGAY_RA_QDTN>2023-08-08</NGAY_RA_QDTN>
        </HO_SO>
      </NGUOI_LX>
      <NGUOI_LX>
        <SO_TT>18</SO_TT>
        <MA_DK>79038-20220929100610827</MA_DK>
        <HO_TEN_DEM>ĐIỂU</HO_TEN_DEM>
        <TEN>DƯỠNG</TEN>
        <HO_VA_TEN>ĐIỂU DƯỠNG</HO_VA_TEN>
        <NGAY_SINH>19970505</NGAY_SINH>
        <NOI_CT>Tổ 3, Ấp 23 Lớn,</NOI_CT>
        <NOI_CT_MA_DVHC>25351</NOI_CT_MA_DVHC>
        <NOI_CT_MA_DVQL>694</NOI_CT_MA_DVQL>
        <SO_CMT>070097009732</SO_CMT>
        <HO_VA_TEN_IN />
        <HO_SO>
          <SO_HO_SO>118</SO_HO_SO>
          <SO_GPLX_DA_CO></SO_GPLX_DA_CO>
          <HANG_GPLX_DA_CO></HANG_GPLX_DA_CO>
          <NAM_HOC_LAIXE></NAM_HOC_LAIXE>
          <SO_NAM_LAIXE>0</SO_NAM_LAIXE>
          <SO_KM_ANTOAN>0</SO_KM_ANTOAN>
          <GIAY_CNSK>1</GIAY_CNSK>
          <SO_GIAY_CNTN>049563</SO_GIAY_CNTN>
          <SO_CCN />
          <BC2_GHICHU></BC2_GHICHU>
          <NGAY_RA_QDTN>2023-05-08</NGAY_RA_QDTN>
        </HO_SO>
      </NGUOI_LX>
      <NGUOI_LX>
        <SO_TT>19</SO_TT>
        <MA_DK>79038-20230318101004783</MA_DK>
        <HO_TEN_DEM>NGUYỄN KHÁNH</HO_TEN_DEM>
        <TEN>DUY</TEN>
        <HO_VA_TEN>NGUYỄN KHÁNH DUY</HO_VA_TEN>
        <NGAY_SINH>20010721</NGAY_SINH>
        <NOI_CT>Ấp Tân Bình 2A</NOI_CT>
        <NOI_CT_MA_DVHC>28627</NOI_CT_MA_DVHC>
        <NOI_CT_MA_DVQL>822</NOI_CT_MA_DVQL>
        <SO_CMT>082201014365</SO_CMT>
        <HO_VA_TEN_IN />
        <HO_SO>
          <SO_HO_SO>044</SO_HO_SO>
          <SO_GPLX_DA_CO>790191262564</SO_GPLX_DA_CO>
          <HANG_GPLX_DA_CO>A1</HANG_GPLX_DA_CO>
          <NAM_HOC_LAIXE></NAM_HOC_LAIXE>
          <SO_NAM_LAIXE>0</SO_NAM_LAIXE>
          <SO_KM_ANTOAN>0</SO_KM_ANTOAN>
          <GIAY_CNSK>1</GIAY_CNSK>
          <SO_GIAY_CNTN>054481</SO_GIAY_CNTN>
          <SO_CCN />
          <BC2_GHICHU></BC2_GHICHU>
          <NGAY_RA_QDTN>2024-03-20</NGAY_RA_QDTN>
        </HO_SO>
      </NGUOI_LX>
      <NGUOI_LX>
        <SO_TT>20</SO_TT>
        <MA_DK>79038-20230921090330490</MA_DK>
        <HO_TEN_DEM>LƯƠNG NGỌC</HO_TEN_DEM>
        <TEN>HAI</TEN>
        <HO_VA_TEN>LƯƠNG NGỌC HAI</HO_VA_TEN>
        <NGAY_SINH>19810926</NGAY_SINH>
        <NOI_CT>Thôn Đắk Hòa,</NOI_CT>
        <NOI_CT_MA_DVHC>24719</NOI_CT_MA_DVHC>
        <NOI_CT_MA_DVQL>665</NOI_CT_MA_DVQL>
        <SO_CMT>036081019955</SO_CMT>
        <HO_VA_TEN_IN />
        <HO_SO>
          <SO_HO_SO>048</SO_HO_SO>
          <SO_GPLX_DA_CO></SO_GPLX_DA_CO>
          <HANG_GPLX_DA_CO></HANG_GPLX_DA_CO>
          <NAM_HOC_LAIXE></NAM_HOC_LAIXE>
          <SO_NAM_LAIXE>0</SO_NAM_LAIXE>
          <SO_KM_ANTOAN>0</SO_KM_ANTOAN>
          <GIAY_CNSK>1</GIAY_CNSK>
          <SO_GIAY_CNTN>054504</SO_GIAY_CNTN>
          <SO_CCN />
          <BC2_GHICHU></BC2_GHICHU>
          <NGAY_RA_QDTN>2024-03-20</NGAY_RA_QDTN>
        </HO_SO>
      </NGUOI_LX>
      <NGUOI_LX>
        <SO_TT>21</SO_TT>
        <MA_DK>79038-20230720152930837</MA_DK>
        <HO_TEN_DEM>LÊ LONG</HO_TEN_DEM>
        <TEN>HẬU</TEN>
        <HO_VA_TEN>LÊ LONG HẬU</HO_VA_TEN>
        <NGAY_SINH>19831213</NGAY_SINH>
        <NOI_CT>119 Tân Tây</NOI_CT>
        <NOI_CT_MA_DVHC>28840</NOI_CT_MA_DVHC>
        <NOI_CT_MA_DVQL>831</NOI_CT_MA_DVQL>
        <SO_CMT>083083019510</SO_CMT>
        <HO_VA_TEN_IN />
        <HO_SO>
          <SO_HO_SO>013</SO_HO_SO>
          <SO_GPLX_DA_CO>830033018424</SO_GPLX_DA_CO>
          <HANG_GPLX_DA_CO>A1</HANG_GPLX_DA_CO>
          <NAM_HOC_LAIXE></NAM_HOC_LAIXE>
          <SO_NAM_LAIXE>0</SO_NAM_LAIXE>
          <SO_KM_ANTOAN>0</SO_KM_ANTOAN>
          <GIAY_CNSK>1</GIAY_CNSK>
          <SO_GIAY_CNTN>053715</SO_GIAY_CNTN>
          <SO_CCN />
          <BC2_GHICHU></BC2_GHICHU>
          <NGAY_RA_QDTN>2024-01-17</NGAY_RA_QDTN>
        </HO_SO>
      </NGUOI_LX>
      <NGUOI_LX>
        <SO_TT>22</SO_TT>
        <MA_DK>79038-20230621160946310</MA_DK>
        <HO_TEN_DEM>PHẠM VĂN</HO_TEN_DEM>
        <TEN>HẬU</TEN>
        <HO_VA_TEN>PHẠM VĂN HẬU</HO_VA_TEN>
        <NGAY_SINH>19840905</NGAY_SINH>
        <NOI_CT>1747 Âu Cơ</NOI_CT>
        <NOI_CT_MA_DVHC>27031</NOI_CT_MA_DVHC>
        <NOI_CT_MA_DVQL>767</NOI_CT_MA_DVQL>
        <SO_CMT>079084028262</SO_CMT>
        <HO_VA_TEN_IN />
        <HO_SO>
          <SO_HO_SO>052</SO_HO_SO>
          <SO_GPLX_DA_CO></SO_GPLX_DA_CO>
          <HANG_GPLX_DA_CO></HANG_GPLX_DA_CO>
          <NAM_HOC_LAIXE></NAM_HOC_LAIXE>
          <SO_NAM_LAIXE>0</SO_NAM_LAIXE>
          <SO_KM_ANTOAN>0</SO_KM_ANTOAN>
          <GIAY_CNSK>1</GIAY_CNSK>
          <SO_GIAY_CNTN>053097</SO_GIAY_CNTN>
          <SO_CCN />
          <BC2_GHICHU></BC2_GHICHU>
          <NGAY_RA_QDTN>2023-12-25</NGAY_RA_QDTN>
        </HO_SO>
      </NGUOI_LX>
      <NGUOI_LX>
        <SO_TT>23</SO_TT>
        <MA_DK>79038-20231002143812060</MA_DK>
        <HO_TEN_DEM>CHÂU QUỐC</HO_TEN_DEM>
        <TEN>HIẾU</TEN>
        <HO_VA_TEN>CHÂU QUỐC HIẾU</HO_VA_TEN>
        <NGAY_SINH>20021020</NGAY_SINH>
        <NOI_CT>37/9A Khu Phố 2</NOI_CT>
        <NOI_CT_MA_DVHC>28303</NOI_CT_MA_DVHC>
        <NOI_CT_MA_DVQL>816</NOI_CT_MA_DVQL>
        <SO_CMT>082202001338</SO_CMT>
        <HO_VA_TEN_IN />
        <HO_SO>
          <SO_HO_SO>057</SO_HO_SO>
          <SO_GPLX_DA_CO></SO_GPLX_DA_CO>
          <HANG_GPLX_DA_CO></HANG_GPLX_DA_CO>
          <NAM_HOC_LAIXE></NAM_HOC_LAIXE>
          <SO_NAM_LAIXE>0</SO_NAM_LAIXE>
          <SO_KM_ANTOAN>0</SO_KM_ANTOAN>
          <GIAY_CNSK>1</GIAY_CNSK>
          <SO_GIAY_CNTN>054546</SO_GIAY_CNTN>
          <SO_CCN />
          <BC2_GHICHU></BC2_GHICHU>
          <NGAY_RA_QDTN>2024-03-20</NGAY_RA_QDTN>
        </HO_SO>
      </NGUOI_LX>
      <NGUOI_LX>
        <SO_TT>24</SO_TT>
        <MA_DK>79038-20230913100510610</MA_DK>
        <HO_TEN_DEM>HUỲNH CÔNG</HO_TEN_DEM>
        <TEN>HIẾU</TEN>
        <HO_VA_TEN>HUỲNH CÔNG HIẾU</HO_VA_TEN>
        <NGAY_SINH>20020314</NGAY_SINH>
        <NOI_CT>Thạch Tuân 2</NOI_CT>
        <NOI_CT_MA_DVHC>22291</NOI_CT_MA_DVHC>
        <NOI_CT_MA_DVQL>564</NOI_CT_MA_DVQL>
        <SO_CMT>054202010160</SO_CMT>
        <HO_VA_TEN_IN />
        <HO_SO>
          <SO_HO_SO>004</SO_HO_SO>
          <SO_GPLX_DA_CO>540200003376</SO_GPLX_DA_CO>
          <HANG_GPLX_DA_CO>A1</HANG_GPLX_DA_CO>
          <NAM_HOC_LAIXE></NAM_HOC_LAIXE>
          <SO_NAM_LAIXE>0</SO_NAM_LAIXE>
          <SO_KM_ANTOAN>0</SO_KM_ANTOAN>
          <GIAY_CNSK>1</GIAY_CNSK>
          <SO_GIAY_CNTN>054507</SO_GIAY_CNTN>
          <SO_CCN />
          <BC2_GHICHU></BC2_GHICHU>
          <NGAY_RA_QDTN>2024-03-20</NGAY_RA_QDTN>
        </HO_SO>
      </NGUOI_LX>
      <NGUOI_LX>
        <SO_TT>25</SO_TT>
        <MA_DK>79038-20220715091751010</MA_DK>
        <HO_TEN_DEM>NGUYỄN ĐỨC</HO_TEN_DEM>
        <TEN>HIẾU</TEN>
        <HO_VA_TEN>NGUYỄN ĐỨC HIẾU</HO_VA_TEN>
        <NGAY_SINH>19960604</NGAY_SINH>
        <NOI_CT>Bế Bạc</NOI_CT>
        <NOI_CT_MA_DVHC>26359</NOI_CT_MA_DVHC>
        <NOI_CT_MA_DVQL>739</NOI_CT_MA_DVQL>
        <SO_CMT>272512700</SO_CMT>
        <HO_VA_TEN_IN />
        <HO_SO>
          <SO_HO_SO>052</SO_HO_SO>
          <SO_GPLX_DA_CO>790159041255</SO_GPLX_DA_CO>
          <HANG_GPLX_DA_CO>A1</HANG_GPLX_DA_CO>
          <NAM_HOC_LAIXE></NAM_HOC_LAIXE>
          <SO_NAM_LAIXE>0</SO_NAM_LAIXE>
          <SO_KM_ANTOAN>0</SO_KM_ANTOAN>
          <GIAY_CNSK>1</GIAY_CNSK>
          <SO_GIAY_CNTN>048884</SO_GIAY_CNTN>
          <SO_CCN />
          <BC2_GHICHU></BC2_GHICHU>
          <NGAY_RA_QDTN>2023-03-04</NGAY_RA_QDTN>
        </HO_SO>
      </NGUOI_LX>
      <NGUOI_LX>
        <SO_TT>26</SO_TT>
        <MA_DK>79038-20230913150148743</MA_DK>
        <HO_TEN_DEM>LƯU QUỐC</HO_TEN_DEM>
        <TEN>HUẤN</TEN>
        <HO_VA_TEN>LƯU QUỐC HUẤN</HO_VA_TEN>
        <NGAY_SINH>19700312</NGAY_SINH>
        <NOI_CT>Chất Thường,</NOI_CT>
        <NOI_CT_MA_DVHC>22879</NOI_CT_MA_DVHC>
        <NOI_CT_MA_DVQL>587</NOI_CT_MA_DVQL>
        <SO_CMT>058070003209</SO_CMT>
        <HO_VA_TEN_IN />
        <HO_SO>
          <SO_HO_SO>016</SO_HO_SO>
          <SO_GPLX_DA_CO>580036005726</SO_GPLX_DA_CO>
          <HANG_GPLX_DA_CO>A1</HANG_GPLX_DA_CO>
          <NAM_HOC_LAIXE></NAM_HOC_LAIXE>
          <SO_NAM_LAIXE>0</SO_NAM_LAIXE>
          <SO_KM_ANTOAN>0</SO_KM_ANTOAN>
          <GIAY_CNSK>1</GIAY_CNSK>
          <SO_GIAY_CNTN>054547</SO_GIAY_CNTN>
          <SO_CCN />
          <BC2_GHICHU></BC2_GHICHU>
          <NGAY_RA_QDTN>2024-03-20</NGAY_RA_QDTN>
        </HO_SO>
      </NGUOI_LX>
      <NGUOI_LX>
        <SO_TT>27</SO_TT>
        <MA_DK>79038-20230921090136490</MA_DK>
        <HO_TEN_DEM>PHẠM DUY</HO_TEN_DEM>
        <TEN>HÙNG</TEN>
        <HO_VA_TEN>PHẠM DUY HÙNG</HO_VA_TEN>
        <NGAY_SINH>19930104</NGAY_SINH>
        <NOI_CT>Thôn Đắk Hòa,</NOI_CT>
        <NOI_CT_MA_DVHC>24719</NOI_CT_MA_DVHC>
        <NOI_CT_MA_DVQL>665</NOI_CT_MA_DVQL>
        <SO_CMT>067093004782</SO_CMT>
        <HO_VA_TEN_IN />
        <HO_SO>
          <SO_HO_SO>047</SO_HO_SO>
          <SO_GPLX_DA_CO>670114004726</SO_GPLX_DA_CO>
          <HANG_GPLX_DA_CO>A1</HANG_GPLX_DA_CO>
          <NAM_HOC_LAIXE></NAM_HOC_LAIXE>
          <SO_NAM_LAIXE>0</SO_NAM_LAIXE>
          <SO_KM_ANTOAN>0</SO_KM_ANTOAN>
          <GIAY_CNSK>1</GIAY_CNSK>
          <SO_GIAY_CNTN>054508</SO_GIAY_CNTN>
          <SO_CCN />
          <BC2_GHICHU></BC2_GHICHU>
          <NGAY_RA_QDTN>2024-03-20</NGAY_RA_QDTN>
        </HO_SO>
      </NGUOI_LX>
      <NGUOI_LX>
        <SO_TT>28</SO_TT>
        <MA_DK>79038-20221201151502540</MA_DK>
        <HO_TEN_DEM>NGUYỄN QUỐC</HO_TEN_DEM>
        <TEN>HUY</TEN>
        <HO_VA_TEN>NGUYỄN QUỐC HUY</HO_VA_TEN>
        <NGAY_SINH>20011130</NGAY_SINH>
        <NOI_CT>Ấp Lào Táo Trung</NOI_CT>
        <NOI_CT_MA_DVHC>27520</NOI_CT_MA_DVHC>
        <NOI_CT_MA_DVQL>783</NOI_CT_MA_DVQL>
        <SO_CMT>079201010264</SO_CMT>
        <HO_VA_TEN_IN />
        <HO_SO>
          <SO_HO_SO>015</SO_HO_SO>
          <SO_GPLX_DA_CO>790203059830</SO_GPLX_DA_CO>
          <HANG_GPLX_DA_CO>A1</HANG_GPLX_DA_CO>
          <NAM_HOC_LAIXE></NAM_HOC_LAIXE>
          <SO_NAM_LAIXE>0</SO_NAM_LAIXE>
          <SO_KM_ANTOAN>0</SO_KM_ANTOAN>
          <GIAY_CNSK>1</GIAY_CNSK>
          <SO_GIAY_CNTN>050909</SO_GIAY_CNTN>
          <SO_CCN />
          <BC2_GHICHU></BC2_GHICHU>
          <NGAY_RA_QDTN>2023-08-08</NGAY_RA_QDTN>
        </HO_SO>
      </NGUOI_LX>
      <NGUOI_LX>
        <SO_TT>29</SO_TT>
        <MA_DK>79038-20220715102725880</MA_DK>
        <HO_TEN_DEM>TRẦN MINH</HO_TEN_DEM>
        <TEN>HUY</TEN>
        <HO_VA_TEN>TRẦN MINH HUY</HO_VA_TEN>
        <NGAY_SINH>19981025</NGAY_SINH>
        <NOI_CT>159A Nguyễn Huệ, KP1</NOI_CT>
        <NOI_CT_MA_DVHC>28300</NOI_CT_MA_DVHC>
        <NOI_CT_MA_DVQL>816</NOI_CT_MA_DVQL>
        <SO_CMT>082098008491</SO_CMT>
        <HO_VA_TEN_IN />
        <HO_SO>
          <SO_HO_SO>081</SO_HO_SO>
          <SO_GPLX_DA_CO>820161008844</SO_GPLX_DA_CO>
          <HANG_GPLX_DA_CO>A1</HANG_GPLX_DA_CO>
          <NAM_HOC_LAIXE></NAM_HOC_LAIXE>
          <SO_NAM_LAIXE>0</SO_NAM_LAIXE>
          <SO_KM_ANTOAN>0</SO_KM_ANTOAN>
          <GIAY_CNSK>1</GIAY_CNSK>
          <SO_GIAY_CNTN>049510</SO_GIAY_CNTN>
          <SO_CCN />
          <BC2_GHICHU></BC2_GHICHU>
          <NGAY_RA_QDTN>2022-05-08</NGAY_RA_QDTN>
        </HO_SO>
      </NGUOI_LX>
      <NGUOI_LX>
        <SO_TT>30</SO_TT>
        <MA_DK>79038-20230620153817680</MA_DK>
        <HO_TEN_DEM>ĐẶNG TUẤN</HO_TEN_DEM>
        <TEN>KHANH</TEN>
        <HO_VA_TEN>ĐẶNG TUẤN KHANH</HO_VA_TEN>
        <NGAY_SINH>19830209</NGAY_SINH>
        <NOI_CT>Ấp Trà Hiệp</NOI_CT>
        <NOI_CT_MA_DVHC>25513</NOI_CT_MA_DVHC>
        <NOI_CT_MA_DVQL>705</NOI_CT_MA_DVQL>
        <SO_CMT>072083012859</SO_CMT>
        <HO_VA_TEN_IN />
        <HO_SO>
          <SO_HO_SO>016</SO_HO_SO>
          <SO_GPLX_DA_CO></SO_GPLX_DA_CO>
          <HANG_GPLX_DA_CO></HANG_GPLX_DA_CO>
          <NAM_HOC_LAIXE></NAM_HOC_LAIXE>
          <SO_NAM_LAIXE>0</SO_NAM_LAIXE>
          <SO_KM_ANTOAN>0</SO_KM_ANTOAN>
          <GIAY_CNSK>1</GIAY_CNSK>
          <SO_GIAY_CNTN>053104</SO_GIAY_CNTN>
          <SO_CCN />
          <BC2_GHICHU></BC2_GHICHU>
          <NGAY_RA_QDTN>2023-12-25</NGAY_RA_QDTN>
        </HO_SO>
      </NGUOI_LX>
      <NGUOI_LX>
        <SO_TT>31</SO_TT>
        <MA_DK>79038-20230817155239073</MA_DK>
        <HO_TEN_DEM>NGUYỄN QUỐC</HO_TEN_DEM>
        <TEN>KHÁNH</TEN>
        <HO_VA_TEN>NGUYỄN QUỐC KHÁNH</HO_VA_TEN>
        <NGAY_SINH>19870813</NGAY_SINH>
        <NOI_CT>Ấp An Phú</NOI_CT>
        <NOI_CT_MA_DVHC>31540</NOI_CT_MA_DVHC>
        <NOI_CT_MA_DVQL>943</NOI_CT_MA_DVQL>
        <SO_CMT>094087009343</SO_CMT>
        <HO_VA_TEN_IN />
        <HO_SO>
          <SO_HO_SO>023</SO_HO_SO>
          <SO_GPLX_DA_CO></SO_GPLX_DA_CO>
          <HANG_GPLX_DA_CO></HANG_GPLX_DA_CO>
          <NAM_HOC_LAIXE></NAM_HOC_LAIXE>
          <SO_NAM_LAIXE>0</SO_NAM_LAIXE>
          <SO_KM_ANTOAN>0</SO_KM_ANTOAN>
          <GIAY_CNSK>1</GIAY_CNSK>
          <SO_GIAY_CNTN>054294</SO_GIAY_CNTN>
          <SO_CCN />
          <BC2_GHICHU></BC2_GHICHU>
          <NGAY_RA_QDTN>2024-02-28</NGAY_RA_QDTN>
        </HO_SO>
      </NGUOI_LX>
      <NGUOI_LX>
        <SO_TT>32</SO_TT>
        <MA_DK>79038-20230621165227637</MA_DK>
        <HO_TEN_DEM>THIÊN QUANG</HO_TEN_DEM>
        <TEN>KHÁNH</TEN>
        <HO_VA_TEN>THIÊN QUANG KHÁNH</HO_VA_TEN>
        <NGAY_SINH>19850508</NGAY_SINH>
        <NOI_CT>Hoài Trung</NOI_CT>
        <NOI_CT_MA_DVHC>22876</NOI_CT_MA_DVHC>
        <NOI_CT_MA_DVQL>587</NOI_CT_MA_DVQL>
        <SO_CMT>058085003268</SO_CMT>
        <HO_VA_TEN_IN />
        <HO_SO>
          <SO_HO_SO>059</SO_HO_SO>
          <SO_GPLX_DA_CO>790181075301</SO_GPLX_DA_CO>
          <HANG_GPLX_DA_CO>A1</HANG_GPLX_DA_CO>
          <NAM_HOC_LAIXE></NAM_HOC_LAIXE>
          <SO_NAM_LAIXE>0</SO_NAM_LAIXE>
          <SO_KM_ANTOAN>0</SO_KM_ANTOAN>
          <GIAY_CNSK>1</GIAY_CNSK>
          <SO_GIAY_CNTN>053105</SO_GIAY_CNTN>
          <SO_CCN />
          <BC2_GHICHU></BC2_GHICHU>
          <NGAY_RA_QDTN>2023-12-25</NGAY_RA_QDTN>
        </HO_SO>
      </NGUOI_LX>
      <NGUOI_LX>
        <SO_TT>33</SO_TT>
        <MA_DK>79038-20220715101959423</MA_DK>
        <HO_TEN_DEM>NGUYỄN ĐĂNG</HO_TEN_DEM>
        <TEN>KHOA</TEN>
        <HO_VA_TEN>NGUYỄN ĐĂNG KHOA</HO_VA_TEN>
        <NGAY_SINH>20000721</NGAY_SINH>
        <NOI_CT>Ấp Thuận Hòa 2</NOI_CT>
        <NOI_CT_MA_DVHC>27979</NOI_CT_MA_DVHC>
        <NOI_CT_MA_DVQL>802</NOI_CT_MA_DVQL>
        <SO_CMT>080200006751</SO_CMT>
        <HO_VA_TEN_IN />
        <HO_SO>
          <SO_HO_SO>078</SO_HO_SO>
          <SO_GPLX_DA_CO></SO_GPLX_DA_CO>
          <HANG_GPLX_DA_CO></HANG_GPLX_DA_CO>
          <NAM_HOC_LAIXE></NAM_HOC_LAIXE>
          <SO_NAM_LAIXE>0</SO_NAM_LAIXE>
          <SO_KM_ANTOAN>0</SO_KM_ANTOAN>
          <GIAY_CNSK>1</GIAY_CNSK>
          <SO_GIAY_CNTN>048885</SO_GIAY_CNTN>
          <SO_CCN />
          <BC2_GHICHU></BC2_GHICHU>
          <NGAY_RA_QDTN>2023-03-04</NGAY_RA_QDTN>
        </HO_SO>
      </NGUOI_LX>
      <NGUOI_LX>
        <SO_TT>34</SO_TT>
        <MA_DK>79038-20230621102321750</MA_DK>
        <HO_TEN_DEM>NGUYỄN VĂN</HO_TEN_DEM>
        <TEN>LÂM</TEN>
        <HO_VA_TEN>NGUYỄN VĂN LÂM</HO_VA_TEN>
        <NGAY_SINH>19541229</NGAY_SINH>
        <NOI_CT>79 Ninh Trung</NOI_CT>
        <NOI_CT_MA_DVHC>25480</NOI_CT_MA_DVHC>
        <NOI_CT_MA_DVQL>703</NOI_CT_MA_DVQL>
        <SO_CMT>072054001236</SO_CMT>
        <HO_VA_TEN_IN />
        <HO_SO>
          <SO_HO_SO>035</SO_HO_SO>
          <SO_GPLX_DA_CO>720036008006</SO_GPLX_DA_CO>
          <HANG_GPLX_DA_CO>A1</HANG_GPLX_DA_CO>
          <NAM_HOC_LAIXE></NAM_HOC_LAIXE>
          <SO_NAM_LAIXE>0</SO_NAM_LAIXE>
          <SO_KM_ANTOAN>0</SO_KM_ANTOAN>
          <GIAY_CNSK>1</GIAY_CNSK>
          <SO_GIAY_CNTN>054486</SO_GIAY_CNTN>
          <SO_CCN />
          <BC2_GHICHU></BC2_GHICHU>
          <NGAY_RA_QDTN>2024-03-20</NGAY_RA_QDTN>
        </HO_SO>
      </NGUOI_LX>
      <NGUOI_LX>
        <SO_TT>35</SO_TT>
        <MA_DK>79038-20230317103643453</MA_DK>
        <HO_TEN_DEM>NGUYỄN ĐĂNG</HO_TEN_DEM>
        <TEN>LINH</TEN>
        <HO_VA_TEN>NGUYỄN ĐĂNG LINH</HO_VA_TEN>
        <NGAY_SINH>19840228</NGAY_SINH>
        <NOI_CT>121 Phan Chu Trinh</NOI_CT>
        <NOI_CT_MA_DVHC>24958</NOI_CT_MA_DVHC>
        <NOI_CT_MA_DVQL>678</NOI_CT_MA_DVQL>
        <SO_CMT>068084009117</SO_CMT>
        <HO_VA_TEN_IN />
        <HO_SO>
          <SO_HO_SO>010</SO_HO_SO>
          <SO_GPLX_DA_CO></SO_GPLX_DA_CO>
          <HANG_GPLX_DA_CO></HANG_GPLX_DA_CO>
          <NAM_HOC_LAIXE></NAM_HOC_LAIXE>
          <SO_NAM_LAIXE>0</SO_NAM_LAIXE>
          <SO_KM_ANTOAN>0</SO_KM_ANTOAN>
          <GIAY_CNSK>1</GIAY_CNSK>
          <SO_GIAY_CNTN>052296</SO_GIAY_CNTN>
          <SO_CCN />
          <BC2_GHICHU></BC2_GHICHU>
          <NGAY_RA_QDTN>2023-11-12</NGAY_RA_QDTN>
        </HO_SO>
      </NGUOI_LX>
      <NGUOI_LX>
        <SO_TT>36</SO_TT>
        <MA_DK>79038-20221001094534657</MA_DK>
        <HO_TEN_DEM>TRẦN BẠCH</HO_TEN_DEM>
        <TEN>LONG</TEN>
        <HO_VA_TEN>TRẦN BẠCH LONG</HO_VA_TEN>
        <NGAY_SINH>19990219</NGAY_SINH>
        <NOI_CT>Tổ 6, Ấp Sở Nhì,</NOI_CT>
        <NOI_CT_MA_DVHC>25320</NOI_CT_MA_DVHC>
        <NOI_CT_MA_DVQL>690</NOI_CT_MA_DVQL>
        <SO_CMT>070099002448</SO_CMT>
        <HO_VA_TEN_IN />
        <HO_SO>
          <SO_HO_SO>053</SO_HO_SO>
          <SO_GPLX_DA_CO>700186003728</SO_GPLX_DA_CO>
          <HANG_GPLX_DA_CO>A1</HANG_GPLX_DA_CO>
          <NAM_HOC_LAIXE></NAM_HOC_LAIXE>
          <SO_NAM_LAIXE>0</SO_NAM_LAIXE>
          <SO_KM_ANTOAN>0</SO_KM_ANTOAN>
          <GIAY_CNSK>1</GIAY_CNSK>
          <SO_GIAY_CNTN>049631</SO_GIAY_CNTN>
          <SO_CCN />
          <BC2_GHICHU></BC2_GHICHU>
          <NGAY_RA_QDTN>2023-05-08</NGAY_RA_QDTN>
        </HO_SO>
      </NGUOI_LX>
      <NGUOI_LX>
        <SO_TT>37</SO_TT>
        <MA_DK>79038-20221007154457230</MA_DK>
        <HO_TEN_DEM>NGÔ QUẤT</HO_TEN_DEM>
        <TEN>LUÂN</TEN>
        <HO_VA_TEN>NGÔ QUẤT LUÂN</HO_VA_TEN>
        <NGAY_SINH>19981122</NGAY_SINH>
        <NOI_CT>Tổ 9, Khu Phố 3,</NOI_CT>
        <NOI_CT_MA_DVHC>25900</NOI_CT_MA_DVHC>
        <NOI_CT_MA_DVQL>726</NOI_CT_MA_DVQL>
        <SO_CMT>074098001229</SO_CMT>
        <HO_VA_TEN_IN />
        <HO_SO>
          <SO_HO_SO>106</SO_HO_SO>
          <SO_GPLX_DA_CO>740183003910</SO_GPLX_DA_CO>
          <HANG_GPLX_DA_CO>A1</HANG_GPLX_DA_CO>
          <NAM_HOC_LAIXE></NAM_HOC_LAIXE>
          <SO_NAM_LAIXE>0</SO_NAM_LAIXE>
          <SO_KM_ANTOAN>0</SO_KM_ANTOAN>
          <GIAY_CNSK>1</GIAY_CNSK>
          <SO_GIAY_CNTN>049974</SO_GIAY_CNTN>
          <SO_CCN />
          <BC2_GHICHU></BC2_GHICHU>
          <NGAY_RA_QDTN>2023-06-10</NGAY_RA_QDTN>
        </HO_SO>
      </NGUOI_LX>
      <NGUOI_LX>
        <SO_TT>38</SO_TT>
        <MA_DK>79038-20230913151312147</MA_DK>
        <HO_TEN_DEM>NGUYỄN THÀNH</HO_TEN_DEM>
        <TEN>LUÂN</TEN>
        <HO_VA_TEN>NGUYỄN THÀNH LUÂN</HO_VA_TEN>
        <NGAY_SINH>20020130</NGAY_SINH>
        <NOI_CT>Tổ 10 Ấp 1,</NOI_CT>
        <NOI_CT_MA_DVHC>28717</NOI_CT_MA_DVHC>
        <NOI_CT_MA_DVQL>816</NOI_CT_MA_DVQL>
        <SO_CMT>082202008185</SO_CMT>
        <HO_VA_TEN_IN />
        <HO_SO>
          <SO_HO_SO>022</SO_HO_SO>
          <SO_GPLX_DA_CO>790206056575</SO_GPLX_DA_CO>
          <HANG_GPLX_DA_CO>A1</HANG_GPLX_DA_CO>
          <NAM_HOC_LAIXE></NAM_HOC_LAIXE>
          <SO_NAM_LAIXE>0</SO_NAM_LAIXE>
          <SO_KM_ANTOAN>0</SO_KM_ANTOAN>
          <GIAY_CNSK>1</GIAY_CNSK>
          <SO_GIAY_CNTN>054552</SO_GIAY_CNTN>
          <SO_CCN />
          <BC2_GHICHU></BC2_GHICHU>
          <NGAY_RA_QDTN>2024-03-20</NGAY_RA_QDTN>
        </HO_SO>
      </NGUOI_LX>
      <NGUOI_LX>
        <SO_TT>39</SO_TT>
        <MA_DK>79038-20220928104501290</MA_DK>
        <HO_TEN_DEM>NGUYỄN VĂN</HO_TEN_DEM>
        <TEN>LUÂN</TEN>
        <HO_VA_TEN>NGUYỄN VĂN LUÂN</HO_VA_TEN>
        <NGAY_SINH>19870101</NGAY_SINH>
        <NOI_CT>Thôn Hiệp Phú,</NOI_CT>
        <NOI_CT_MA_DVHC>23246</NOI_CT_MA_DVHC>
        <NOI_CT_MA_DVQL>594</NOI_CT_MA_DVQL>
        <SO_CMT>060087002667</SO_CMT>
        <HO_VA_TEN_IN />
        <HO_SO>
          <SO_HO_SO>095</SO_HO_SO>
          <SO_GPLX_DA_CO></SO_GPLX_DA_CO>
          <HANG_GPLX_DA_CO></HANG_GPLX_DA_CO>
          <NAM_HOC_LAIXE></NAM_HOC_LAIXE>
          <SO_NAM_LAIXE>0</SO_NAM_LAIXE>
          <SO_KM_ANTOAN>0</SO_KM_ANTOAN>
          <GIAY_CNSK>1</GIAY_CNSK>
          <SO_GIAY_CNTN>049959</SO_GIAY_CNTN>
          <SO_CCN />
          <BC2_GHICHU></BC2_GHICHU>
          <NGAY_RA_QDTN>2023-06-10</NGAY_RA_QDTN>
        </HO_SO>
      </NGUOI_LX>
      <NGUOI_LX>
        <SO_TT>40</SO_TT>
        <MA_DK>79038-20220929154800290</MA_DK>
        <HO_TEN_DEM>PHẠM VĂN</HO_TEN_DEM>
        <TEN>LUÂN</TEN>
        <HO_VA_TEN>PHẠM VĂN LUÂN</HO_VA_TEN>
        <NGAY_SINH>20000810</NGAY_SINH>
        <NOI_CT>Tổ 5, Bến Tượng,</NOI_CT>
        <NOI_CT_MA_DVHC>25834</NOI_CT_MA_DVHC>
        <NOI_CT_MA_DVQL>719</NOI_CT_MA_DVQL>
        <SO_CMT>070200010336</SO_CMT>
        <HO_VA_TEN_IN />
        <HO_SO>
          <SO_HO_SO>016</SO_HO_SO>
          <SO_GPLX_DA_CO></SO_GPLX_DA_CO>
          <HANG_GPLX_DA_CO></HANG_GPLX_DA_CO>
          <NAM_HOC_LAIXE></NAM_HOC_LAIXE>
          <SO_NAM_LAIXE>0</SO_NAM_LAIXE>
          <SO_KM_ANTOAN>0</SO_KM_ANTOAN>
          <GIAY_CNSK>1</GIAY_CNSK>
          <SO_GIAY_CNTN>049633</SO_GIAY_CNTN>
          <SO_CCN />
          <BC2_GHICHU></BC2_GHICHU>
          <NGAY_RA_QDTN>2023-05-08</NGAY_RA_QDTN>
        </HO_SO>
      </NGUOI_LX>
      <NGUOI_LX>
        <SO_TT>41</SO_TT>
        <MA_DK>79038-20230523170514297</MA_DK>
        <HO_TEN_DEM>NGUYỄN PHƯỚC</HO_TEN_DEM>
        <TEN>MINH</TEN>
        <HO_VA_TEN>NGUYỄN PHƯỚC MINH</HO_VA_TEN>
        <NGAY_SINH>20000603</NGAY_SINH>
        <NOI_CT>Thống Nhất 2</NOI_CT>
        <NOI_CT_MA_DVHC>29947</NOI_CT_MA_DVHC>
        <NOI_CT_MA_DVQL>869</NOI_CT_MA_DVQL>
        <SO_CMT>087200011500</SO_CMT>
        <HO_VA_TEN_IN />
        <HO_SO>
          <SO_HO_SO>008</SO_HO_SO>
          <SO_GPLX_DA_CO>790211031260</SO_GPLX_DA_CO>
          <HANG_GPLX_DA_CO>A1</HANG_GPLX_DA_CO>
          <NAM_HOC_LAIXE></NAM_HOC_LAIXE>
          <SO_NAM_LAIXE>0</SO_NAM_LAIXE>
          <SO_KM_ANTOAN>0</SO_KM_ANTOAN>
          <GIAY_CNSK>1</GIAY_CNSK>
          <SO_GIAY_CNTN>053007</SO_GIAY_CNTN>
          <SO_CCN />
          <BC2_GHICHU></BC2_GHICHU>
          <NGAY_RA_QDTN>2023-12-25</NGAY_RA_QDTN>
        </HO_SO>
      </NGUOI_LX>
      <NGUOI_LX>
        <SO_TT>42</SO_TT>
        <MA_DK>79038-20230615112347340</MA_DK>
        <HO_TEN_DEM>LÊ TRUNG</HO_TEN_DEM>
        <TEN>NGHĨA</TEN>
        <HO_VA_TEN>LÊ TRUNG NGHĨA</HO_VA_TEN>
        <NGAY_SINH>19710101</NGAY_SINH>
        <NOI_CT>Tân Hiệp</NOI_CT>
        <NOI_CT_MA_DVHC>25543</NOI_CT_MA_DVHC>
        <NOI_CT_MA_DVQL>706</NOI_CT_MA_DVQL>
        <SO_CMT>072071003867</SO_CMT>
        <HO_VA_TEN_IN />
        <HO_SO>
          <SO_HO_SO>030</SO_HO_SO>
          <SO_GPLX_DA_CO></SO_GPLX_DA_CO>
          <HANG_GPLX_DA_CO></HANG_GPLX_DA_CO>
          <NAM_HOC_LAIXE></NAM_HOC_LAIXE>
          <SO_NAM_LAIXE>0</SO_NAM_LAIXE>
          <SO_KM_ANTOAN>0</SO_KM_ANTOAN>
          <GIAY_CNSK>1</GIAY_CNSK>
          <SO_GIAY_CNTN>053047</SO_GIAY_CNTN>
          <SO_CCN />
          <BC2_GHICHU></BC2_GHICHU>
          <NGAY_RA_QDTN>2023-12-25</NGAY_RA_QDTN>
        </HO_SO>
      </NGUOI_LX>
      <NGUOI_LX>
        <SO_TT>43</SO_TT>
        <MA_DK>79038-20220811135528690</MA_DK>
        <HO_TEN_DEM>NGUYỄN HỮU</HO_TEN_DEM>
        <TEN>NGỌC</TEN>
        <HO_VA_TEN>NGUYỄN HỮU NGỌC</HO_VA_TEN>
        <NGAY_SINH>19720404</NGAY_SINH>
        <NOI_CT>Tổ 5, Lộ Đức</NOI_CT>
        <NOI_CT_MA_DVHC>26272</NOI_CT_MA_DVHC>
        <NOI_CT_MA_DVQL>737</NOI_CT_MA_DVQL>
        <SO_CMT>272938446</SO_CMT>
        <HO_VA_TEN_IN />
        <HO_SO>
          <SO_HO_SO>057</SO_HO_SO>
          <SO_GPLX_DA_CO></SO_GPLX_DA_CO>
          <HANG_GPLX_DA_CO></HANG_GPLX_DA_CO>
          <NAM_HOC_LAIXE></NAM_HOC_LAIXE>
          <SO_NAM_LAIXE>0</SO_NAM_LAIXE>
          <SO_KM_ANTOAN>0</SO_KM_ANTOAN>
          <GIAY_CNSK>1</GIAY_CNSK>
          <SO_GIAY_CNTN>048931</SO_GIAY_CNTN>
          <SO_CCN />
          <BC2_GHICHU></BC2_GHICHU>
          <NGAY_RA_QDTN>2023-03-04</NGAY_RA_QDTN>
        </HO_SO>
      </NGUOI_LX>
      <NGUOI_LX>
        <SO_TT>44</SO_TT>
        <MA_DK>79038-20220715102452810</MA_DK>
        <HO_TEN_DEM>PHAN HOÀNG TẤN</HO_TEN_DEM>
        <TEN>NGỌC</TEN>
        <HO_VA_TEN>PHAN HOÀNG TẤN NGỌC</HO_VA_TEN>
        <NGAY_SINH>20010720</NGAY_SINH>
        <NOI_CT>51/2 Khu Phố 1</NOI_CT>
        <NOI_CT_MA_DVHC>28303</NOI_CT_MA_DVHC>
        <NOI_CT_MA_DVQL>816</NOI_CT_MA_DVQL>
        <SO_CMT>082201007278</SO_CMT>
        <HO_VA_TEN_IN />
        <HO_SO>
          <SO_HO_SO>080</SO_HO_SO>
          <SO_GPLX_DA_CO>820206000257</SO_GPLX_DA_CO>
          <HANG_GPLX_DA_CO>A1</HANG_GPLX_DA_CO>
          <NAM_HOC_LAIXE></NAM_HOC_LAIXE>
          <SO_NAM_LAIXE>0</SO_NAM_LAIXE>
          <SO_KM_ANTOAN>0</SO_KM_ANTOAN>
          <GIAY_CNSK>1</GIAY_CNSK>
          <SO_GIAY_CNTN>049511</SO_GIAY_CNTN>
          <SO_CCN />
          <BC2_GHICHU></BC2_GHICHU>
          <NGAY_RA_QDTN>2023-05-08</NGAY_RA_QDTN>
        </HO_SO>
      </NGUOI_LX>
      <NGUOI_LX>
        <SO_TT>45</SO_TT>
        <MA_DK>79038-20230913143942480</MA_DK>
        <HO_TEN_DEM>HỒ XUÂN</HO_TEN_DEM>
        <TEN>PHONG</TEN>
        <HO_VA_TEN>HỒ XUÂN PHONG</HO_VA_TEN>
        <NGAY_SINH>20010726</NGAY_SINH>
        <NOI_CT>Khối 4,</NOI_CT>
        <NOI_CT_MA_DVHC>17131</NOI_CT_MA_DVHC>
        <NOI_CT_MA_DVQL>432</NOI_CT_MA_DVQL>
        <SO_CMT>040201022331</SO_CMT>
        <HO_VA_TEN_IN />
        <HO_SO>
          <SO_HO_SO>003</SO_HO_SO>
          <SO_GPLX_DA_CO>400230006889</SO_GPLX_DA_CO>
          <HANG_GPLX_DA_CO>A1</HANG_GPLX_DA_CO>
          <NAM_HOC_LAIXE></NAM_HOC_LAIXE>
          <SO_NAM_LAIXE>0</SO_NAM_LAIXE>
          <SO_KM_ANTOAN>0</SO_KM_ANTOAN>
          <GIAY_CNSK>1</GIAY_CNSK>
          <SO_GIAY_CNTN>054557</SO_GIAY_CNTN>
          <SO_CCN />
          <BC2_GHICHU></BC2_GHICHU>
          <NGAY_RA_QDTN>2024-03-20</NGAY_RA_QDTN>
        </HO_SO>
      </NGUOI_LX>
      <NGUOI_LX>
        <SO_TT>46</SO_TT>
        <MA_DK>79038-20220922160448953</MA_DK>
        <HO_TEN_DEM>NGUYỄN VŨ</HO_TEN_DEM>
        <TEN>PHONG</TEN>
        <HO_VA_TEN>NGUYỄN VŨ PHONG</HO_VA_TEN>
        <NGAY_SINH>19980605</NGAY_SINH>
        <NOI_CT>Phước Hòa</NOI_CT>
        <NOI_CT_MA_DVHC>25738</NOI_CT_MA_DVHC>
        <NOI_CT_MA_DVQL>712</NOI_CT_MA_DVQL>
        <SO_CMT>072098003250</SO_CMT>
        <HO_VA_TEN_IN />
        <HO_SO>
          <SO_HO_SO>014</SO_HO_SO>
          <SO_GPLX_DA_CO></SO_GPLX_DA_CO>
          <HANG_GPLX_DA_CO></HANG_GPLX_DA_CO>
          <NAM_HOC_LAIXE></NAM_HOC_LAIXE>
          <SO_NAM_LAIXE>0</SO_NAM_LAIXE>
          <SO_KM_ANTOAN>0</SO_KM_ANTOAN>
          <GIAY_CNSK>1</GIAY_CNSK>
          <SO_GIAY_CNTN>051778</SO_GIAY_CNTN>
          <SO_CCN />
          <BC2_GHICHU></BC2_GHICHU>
          <NGAY_RA_QDTN>2023-10-15</NGAY_RA_QDTN>
        </HO_SO>
      </NGUOI_LX>
      <NGUOI_LX>
        <SO_TT>47</SO_TT>
        <MA_DK>79038-20230913153629687</MA_DK>
        <HO_TEN_DEM>THÁI VĂN</HO_TEN_DEM>
        <TEN>PHÚ</TEN>
        <HO_VA_TEN>THÁI VĂN PHÚ</HO_VA_TEN>
        <NGAY_SINH>19900910</NGAY_SINH>
        <NOI_CT>Tổ 6, Khánh Vân,</NOI_CT>
        <NOI_CT_MA_DVHC>25921</NOI_CT_MA_DVHC>
        <NOI_CT_MA_DVQL>723</NOI_CT_MA_DVQL>
        <SO_CMT>074090000727</SO_CMT>
        <HO_VA_TEN_IN />
        <HO_SO>
          <SO_HO_SO>036</SO_HO_SO>
          <SO_GPLX_DA_CO>740081009823</SO_GPLX_DA_CO>
          <HANG_GPLX_DA_CO>A1</HANG_GPLX_DA_CO>
          <NAM_HOC_LAIXE></NAM_HOC_LAIXE>
          <SO_NAM_LAIXE>0</SO_NAM_LAIXE>
          <SO_KM_ANTOAN>0</SO_KM_ANTOAN>
          <GIAY_CNSK>1</GIAY_CNSK>
          <SO_GIAY_CNTN>054558</SO_GIAY_CNTN>
          <SO_CCN />
          <BC2_GHICHU></BC2_GHICHU>
          <NGAY_RA_QDTN>2024-03-20</NGAY_RA_QDTN>
        </HO_SO>
      </NGUOI_LX>
      <NGUOI_LX>
        <SO_TT>48</SO_TT>
        <MA_DK>79038-20230817164007223</MA_DK>
        <HO_TEN_DEM>NGUYỄN VĂN</HO_TEN_DEM>
        <TEN>PHÚC</TEN>
        <HO_VA_TEN>NGUYỄN VĂN PHÚC</HO_VA_TEN>
        <NGAY_SINH>19960820</NGAY_SINH>
        <NOI_CT>Thanh Xá 3</NOI_CT>
        <NOI_CT_MA_DVHC>15316</NOI_CT_MA_DVHC>
        <NOI_CT_MA_DVQL>392</NOI_CT_MA_DVQL>
        <SO_CMT>038096004104</SO_CMT>
        <HO_VA_TEN_IN />
        <HO_SO>
          <SO_HO_SO>003</SO_HO_SO>
          <SO_GPLX_DA_CO>380202015670</SO_GPLX_DA_CO>
          <HANG_GPLX_DA_CO>A1</HANG_GPLX_DA_CO>
          <NAM_HOC_LAIXE></NAM_HOC_LAIXE>
          <SO_NAM_LAIXE>0</SO_NAM_LAIXE>
          <SO_KM_ANTOAN>0</SO_KM_ANTOAN>
          <GIAY_CNSK>1</GIAY_CNSK>
          <SO_GIAY_CNTN>054307</SO_GIAY_CNTN>
          <SO_CCN />
          <BC2_GHICHU></BC2_GHICHU>
          <NGAY_RA_QDTN>2024-02-28</NGAY_RA_QDTN>
        </HO_SO>
      </NGUOI_LX>
      <NGUOI_LX>
        <SO_TT>49</SO_TT>
        <MA_DK>79038-20180323-193611</MA_DK>
        <HO_TEN_DEM>NGUYỄN VĂN</HO_TEN_DEM>
        <TEN>QUÍ</TEN>
        <HO_VA_TEN>NGUYỄN VĂN QUÍ</HO_VA_TEN>
        <NGAY_SINH>19770702</NGAY_SINH>
        <NOI_CT>Ấp Tân Trung</NOI_CT>
        <NOI_CT_MA_DVHC>25519</NOI_CT_MA_DVHC>
        <NOI_CT_MA_DVQL>706</NOI_CT_MA_DVQL>
        <SO_CMT>089077000088</SO_CMT>
        <HO_VA_TEN_IN />
        <HO_SO>
          <SO_HO_SO>029</SO_HO_SO>
          <SO_GPLX_DA_CO></SO_GPLX_DA_CO>
          <HANG_GPLX_DA_CO></HANG_GPLX_DA_CO>
          <NAM_HOC_LAIXE></NAM_HOC_LAIXE>
          <SO_NAM_LAIXE>0</SO_NAM_LAIXE>
          <SO_KM_ANTOAN>0</SO_KM_ANTOAN>
          <GIAY_CNSK>1</GIAY_CNSK>
          <SO_GIAY_CNTN>025283</SO_GIAY_CNTN>
          <SO_CCN />
          <BC2_GHICHU></BC2_GHICHU>
          <NGAY_RA_QDTN>2018-08-14</NGAY_RA_QDTN>
        </HO_SO>
      </NGUOI_LX>
      <NGUOI_LX>
        <SO_TT>50</SO_TT>
        <MA_DK>79038-20230620110900863</MA_DK>
        <HO_TEN_DEM>NGÔ HỒNG</HO_TEN_DEM>
        <TEN>QUỐC</TEN>
        <HO_VA_TEN>NGÔ HỒNG QUỐC</HO_VA_TEN>
        <NGAY_SINH>19920827</NGAY_SINH>
        <NOI_CT>Ấp Thạnh Hòa</NOI_CT>
        <NOI_CT_MA_DVHC>28639</NOI_CT_MA_DVHC>
        <NOI_CT_MA_DVQL>822</NOI_CT_MA_DVQL>
        <SO_CMT>082092007709</SO_CMT>
        <HO_VA_TEN_IN />
        <HO_SO>
          <SO_HO_SO>080</SO_HO_SO>
          <SO_GPLX_DA_CO></SO_GPLX_DA_CO>
          <HANG_GPLX_DA_CO></HANG_GPLX_DA_CO>
          <NAM_HOC_LAIXE></NAM_HOC_LAIXE>
          <SO_NAM_LAIXE>0</SO_NAM_LAIXE>
          <SO_KM_ANTOAN>0</SO_KM_ANTOAN>
          <GIAY_CNSK>1</GIAY_CNSK>
          <SO_GIAY_CNTN>054483</SO_GIAY_CNTN>
          <SO_CCN />
          <BC2_GHICHU></BC2_GHICHU>
          <NGAY_RA_QDTN>2024-03-20</NGAY_RA_QDTN>
        </HO_SO>
      </NGUOI_LX>
      <NGUOI_LX>
        <SO_TT>51</SO_TT>
        <MA_DK>79038-20230913144458533</MA_DK>
        <HO_TEN_DEM>K'</HO_TEN_DEM>
        <TEN>SĂH</TEN>
        <HO_VA_TEN>K' SĂH</HO_VA_TEN>
        <NGAY_SINH>19841122</NGAY_SINH>
        <NOI_CT>Liên Đơng,</NOI_CT>
        <NOI_CT_MA_DVHC>24886</NOI_CT_MA_DVHC>
        <NOI_CT_MA_DVQL>674</NOI_CT_MA_DVQL>
        <SO_CMT>068084000684</SO_CMT>
        <HO_VA_TEN_IN />
        <HO_SO>
          <SO_HO_SO>006</SO_HO_SO>
          <SO_GPLX_DA_CO>680061685462</SO_GPLX_DA_CO>
          <HANG_GPLX_DA_CO>A1</HANG_GPLX_DA_CO>
          <NAM_HOC_LAIXE></NAM_HOC_LAIXE>
          <SO_NAM_LAIXE>0</SO_NAM_LAIXE>
          <SO_KM_ANTOAN>0</SO_KM_ANTOAN>
          <GIAY_CNSK>1</GIAY_CNSK>
          <SO_GIAY_CNTN>054561</SO_GIAY_CNTN>
          <SO_CCN />
          <BC2_GHICHU></BC2_GHICHU>
          <NGAY_RA_QDTN>2024-03-20</NGAY_RA_QDTN>
        </HO_SO>
      </NGUOI_LX>
      <NGUOI_LX>
        <SO_TT>52</SO_TT>
        <MA_DK>79038-20230725154430060</MA_DK>
        <HO_TEN_DEM>NGUYỄN TẤN</HO_TEN_DEM>
        <TEN>SANG</TEN>
        <HO_VA_TEN>NGUYỄN TẤN SANG</HO_VA_TEN>
        <NGAY_SINH>19991031</NGAY_SINH>
        <NOI_CT>31A, Đường 9</NOI_CT>
        <NOI_CT_MA_DVHC>26860</NOI_CT_MA_DVHC>
        <NOI_CT_MA_DVQL>769</NOI_CT_MA_DVQL>
        <SO_CMT>079099033542</SO_CMT>
        <HO_VA_TEN_IN />
        <HO_SO>
          <SO_HO_SO>038</SO_HO_SO>
          <SO_GPLX_DA_CO>790179366370</SO_GPLX_DA_CO>
          <HANG_GPLX_DA_CO>A1</HANG_GPLX_DA_CO>
          <NAM_HOC_LAIXE></NAM_HOC_LAIXE>
          <SO_NAM_LAIXE>0</SO_NAM_LAIXE>
          <SO_KM_ANTOAN>0</SO_KM_ANTOAN>
          <GIAY_CNSK>1</GIAY_CNSK>
          <SO_GIAY_CNTN>053727</SO_GIAY_CNTN>
          <SO_CCN />
          <BC2_GHICHU></BC2_GHICHU>
          <NGAY_RA_QDTN>2024-01-17</NGAY_RA_QDTN>
        </HO_SO>
      </NGUOI_LX>
      <NGUOI_LX>
        <SO_TT>53</SO_TT>
        <MA_DK>79038-20230615093407513</MA_DK>
        <HO_TEN_DEM>TRẦN VĂN</HO_TEN_DEM>
        <TEN>SANG</TEN>
        <HO_VA_TEN>TRẦN VĂN SANG</HO_VA_TEN>
        <NGAY_SINH>19980904</NGAY_SINH>
        <NOI_CT>Ấp Kinh Đào</NOI_CT>
        <NOI_CT_MA_DVHC>32248</NOI_CT_MA_DVHC>
        <NOI_CT_MA_DVQL>973</NOI_CT_MA_DVQL>
        <SO_CMT>096098001549</SO_CMT>
        <HO_VA_TEN_IN />
        <HO_SO>
          <SO_HO_SO>004</SO_HO_SO>
          <SO_GPLX_DA_CO>790199004432</SO_GPLX_DA_CO>
          <HANG_GPLX_DA_CO>A1</HANG_GPLX_DA_CO>
          <NAM_HOC_LAIXE></NAM_HOC_LAIXE>
          <SO_NAM_LAIXE>0</SO_NAM_LAIXE>
          <SO_KM_ANTOAN>0</SO_KM_ANTOAN>
          <GIAY_CNSK>1</GIAY_CNSK>
          <SO_GIAY_CNTN>053056</SO_GIAY_CNTN>
          <SO_CCN />
          <BC2_GHICHU></BC2_GHICHU>
          <NGAY_RA_QDTN>2023-12-25</NGAY_RA_QDTN>
        </HO_SO>
      </NGUOI_LX>
      <NGUOI_LX>
        <SO_TT>54</SO_TT>
        <MA_DK>79038-20230621151020263</MA_DK>
        <HO_TEN_DEM>TẠ VĂN</HO_TEN_DEM>
        <TEN>SONG</TEN>
        <HO_VA_TEN>TẠ VĂN SONG</HO_VA_TEN>
        <NGAY_SINH>19870421</NGAY_SINH>
        <NOI_CT>Ấp Gò Công Đông</NOI_CT>
        <NOI_CT_MA_DVHC>32230</NOI_CT_MA_DVHC>
        <NOI_CT_MA_DVQL>972</NOI_CT_MA_DVQL>
        <SO_CMT>096087012849</SO_CMT>
        <HO_VA_TEN_IN />
        <HO_SO>
          <SO_HO_SO>045</SO_HO_SO>
          <SO_GPLX_DA_CO></SO_GPLX_DA_CO>
          <HANG_GPLX_DA_CO></HANG_GPLX_DA_CO>
          <NAM_HOC_LAIXE></NAM_HOC_LAIXE>
          <SO_NAM_LAIXE>0</SO_NAM_LAIXE>
          <SO_KM_ANTOAN>0</SO_KM_ANTOAN>
          <GIAY_CNSK>1</GIAY_CNSK>
          <SO_GIAY_CNTN>053130</SO_GIAY_CNTN>
          <SO_CCN />
          <BC2_GHICHU></BC2_GHICHU>
          <NGAY_RA_QDTN>2023-12-25</NGAY_RA_QDTN>
        </HO_SO>
      </NGUOI_LX>
      <NGUOI_LX>
        <SO_TT>55</SO_TT>
        <MA_DK>79038-20220615100510870</MA_DK>
        <HO_TEN_DEM>HUỲNH TẤN</HO_TEN_DEM>
        <TEN>TÀI</TEN>
        <HO_VA_TEN>HUỲNH TẤN TÀI</HO_VA_TEN>
        <NGAY_SINH>19951114</NGAY_SINH>
        <NOI_CT>Thiềng Long 1</NOI_CT>
        <NOI_CT_MA_DVHC>29638</NOI_CT_MA_DVHC>
        <NOI_CT_MA_DVQL>858</NOI_CT_MA_DVQL>
        <SO_CMT>331796385</SO_CMT>
        <HO_VA_TEN_IN />
        <HO_SO>
          <SO_HO_SO>059</SO_HO_SO>
          <SO_GPLX_DA_CO>860137005879</SO_GPLX_DA_CO>
          <HANG_GPLX_DA_CO>A1</HANG_GPLX_DA_CO>
          <NAM_HOC_LAIXE></NAM_HOC_LAIXE>
          <SO_NAM_LAIXE>0</SO_NAM_LAIXE>
          <SO_KM_ANTOAN>0</SO_KM_ANTOAN>
          <GIAY_CNSK>1</GIAY_CNSK>
          <SO_GIAY_CNTN>047450</SO_GIAY_CNTN>
          <SO_CCN />
          <BC2_GHICHU></BC2_GHICHU>
          <NGAY_RA_QDTN>2022-12-12</NGAY_RA_QDTN>
        </HO_SO>
      </NGUOI_LX>
      <NGUOI_LX>
        <SO_TT>56</SO_TT>
        <MA_DK>79038-20221117150100930</MA_DK>
        <HO_TEN_DEM>LÊ TẤN</HO_TEN_DEM>
        <TEN>TÀI</TEN>
        <HO_VA_TEN>LÊ TẤN TÀI</HO_VA_TEN>
        <NGAY_SINH>19881015</NGAY_SINH>
        <NOI_CT>Trảng Ba Chân</NOI_CT>
        <NOI_CT_MA_DVHC>25531</NOI_CT_MA_DVHC>
        <NOI_CT_MA_DVQL>706</NOI_CT_MA_DVQL>
        <SO_CMT>072088007573</SO_CMT>
        <HO_VA_TEN_IN />
        <HO_SO>
          <SO_HO_SO>047</SO_HO_SO>
          <SO_GPLX_DA_CO></SO_GPLX_DA_CO>
          <HANG_GPLX_DA_CO></HANG_GPLX_DA_CO>
          <NAM_HOC_LAIXE></NAM_HOC_LAIXE>
          <SO_NAM_LAIXE>0</SO_NAM_LAIXE>
          <SO_KM_ANTOAN>0</SO_KM_ANTOAN>
          <GIAY_CNSK>1</GIAY_CNSK>
          <SO_GIAY_CNTN>051780</SO_GIAY_CNTN>
          <SO_CCN />
          <BC2_GHICHU></BC2_GHICHU>
          <NGAY_RA_QDTN>2023-10-15</NGAY_RA_QDTN>
        </HO_SO>
      </NGUOI_LX>
      <NGUOI_LX>
        <SO_TT>57</SO_TT>
        <MA_DK>79038-20230719153214270</MA_DK>
        <HO_TEN_DEM>BÙI KIM</HO_TEN_DEM>
        <TEN>THÀNH</TEN>
        <HO_VA_TEN>BÙI KIM THÀNH</HO_VA_TEN>
        <NGAY_SINH>19940303</NGAY_SINH>
        <NOI_CT></NOI_CT>
        <NOI_CT_MA_DVHC>18706</NOI_CT_MA_DVHC>
        <NOI_CT_MA_DVQL>446</NOI_CT_MA_DVQL>
        <SO_CMT>042094015947</SO_CMT>
        <HO_VA_TEN_IN />
        <HO_SO>
          <SO_HO_SO>001</SO_HO_SO>
          <SO_GPLX_DA_CO></SO_GPLX_DA_CO>
          <HANG_GPLX_DA_CO></HANG_GPLX_DA_CO>
          <NAM_HOC_LAIXE></NAM_HOC_LAIXE>
          <SO_NAM_LAIXE>0</SO_NAM_LAIXE>
          <SO_KM_ANTOAN>0</SO_KM_ANTOAN>
          <GIAY_CNSK>1</GIAY_CNSK>
          <SO_GIAY_CNTN>053730</SO_GIAY_CNTN>
          <SO_CCN />
          <BC2_GHICHU></BC2_GHICHU>
          <NGAY_RA_QDTN>2024-01-17</NGAY_RA_QDTN>
        </HO_SO>
      </NGUOI_LX>
      <NGUOI_LX>
        <SO_TT>58</SO_TT>
        <MA_DK>79038-20230621101153480</MA_DK>
        <HO_TEN_DEM>NGUYỄN NHẬT</HO_TEN_DEM>
        <TEN>THIÊN</TEN>
        <HO_VA_TEN>NGUYỄN NHẬT THIÊN</HO_VA_TEN>
        <NGAY_SINH>19991107</NGAY_SINH>
        <NOI_CT>Ninh Hưng 1</NOI_CT>
        <NOI_CT_MA_DVHC>25570</NOI_CT_MA_DVHC>
        <NOI_CT_MA_DVQL>707</NOI_CT_MA_DVQL>
        <SO_CMT>072099004670</SO_CMT>
        <HO_VA_TEN_IN />
        <HO_SO>
          <SO_HO_SO>034</SO_HO_SO>
          <SO_GPLX_DA_CO></SO_GPLX_DA_CO>
          <HANG_GPLX_DA_CO></HANG_GPLX_DA_CO>
          <NAM_HOC_LAIXE></NAM_HOC_LAIXE>
          <SO_NAM_LAIXE>0</SO_NAM_LAIXE>
          <SO_KM_ANTOAN>0</SO_KM_ANTOAN>
          <GIAY_CNSK>1</GIAY_CNSK>
          <SO_GIAY_CNTN>054487</SO_GIAY_CNTN>
          <SO_CCN />
          <BC2_GHICHU></BC2_GHICHU>
          <NGAY_RA_QDTN>2024-03-20</NGAY_RA_QDTN>
        </HO_SO>
      </NGUOI_LX>
      <NGUOI_LX>
        <SO_TT>59</SO_TT>
        <MA_DK>79038-20220715103335327</MA_DK>
        <HO_TEN_DEM>VÕ MINH</HO_TEN_DEM>
        <TEN>THUẬN</TEN>
        <HO_VA_TEN>VÕ MINH THUẬN</HO_VA_TEN>
        <NGAY_SINH>19940818</NGAY_SINH>
        <NOI_CT>Hòa Hảo</NOI_CT>
        <NOI_CT_MA_DVHC>28516</NOI_CT_MA_DVHC>
        <NOI_CT_MA_DVQL>820</NOI_CT_MA_DVQL>
        <SO_CMT>312234188</SO_CMT>
        <HO_VA_TEN_IN />
        <HO_SO>
          <SO_HO_SO>084</SO_HO_SO>
          <SO_GPLX_DA_CO>820158004639</SO_GPLX_DA_CO>
          <HANG_GPLX_DA_CO>A1</HANG_GPLX_DA_CO>
          <NAM_HOC_LAIXE></NAM_HOC_LAIXE>
          <SO_NAM_LAIXE>0</SO_NAM_LAIXE>
          <SO_KM_ANTOAN>0</SO_KM_ANTOAN>
          <GIAY_CNSK>1</GIAY_CNSK>
          <SO_GIAY_CNTN>048603</SO_GIAY_CNTN>
          <SO_CCN />
          <BC2_GHICHU></BC2_GHICHU>
          <NGAY_RA_QDTN>2023-02-08</NGAY_RA_QDTN>
        </HO_SO>
      </NGUOI_LX>
      <NGUOI_LX>
        <SO_TT>60</SO_TT>
        <MA_DK>79038-20221207103614053</MA_DK>
        <HO_TEN_DEM>PHẠM DANH</HO_TEN_DEM>
        <TEN>TIẾNG</TEN>
        <HO_VA_TEN>PHẠM DANH TIẾNG</HO_VA_TEN>
        <NGAY_SINH>19991026</NGAY_SINH>
        <NOI_CT>KP Thạnh Hòa B</NOI_CT>
        <NOI_CT_MA_DVHC>25963</NOI_CT_MA_DVHC>
        <NOI_CT_MA_DVQL>725</NOI_CT_MA_DVQL>
        <SO_CMT>074099000276</SO_CMT>
        <HO_VA_TEN_IN />
        <HO_SO>
          <SO_HO_SO>037</SO_HO_SO>
          <SO_GPLX_DA_CO>790194770842</SO_GPLX_DA_CO>
          <HANG_GPLX_DA_CO>A1</HANG_GPLX_DA_CO>
          <NAM_HOC_LAIXE></NAM_HOC_LAIXE>
          <SO_NAM_LAIXE>0</SO_NAM_LAIXE>
          <SO_KM_ANTOAN>0</SO_KM_ANTOAN>
          <GIAY_CNSK>1</GIAY_CNSK>
          <SO_GIAY_CNTN>050954</SO_GIAY_CNTN>
          <SO_CCN />
          <BC2_GHICHU></BC2_GHICHU>
          <NGAY_RA_QDTN>2023-08-08</NGAY_RA_QDTN>
        </HO_SO>
      </NGUOI_LX>
      <NGUOI_LX>
        <SO_TT>61</SO_TT>
        <MA_DK>79038-20230719103523693</MA_DK>
        <HO_TEN_DEM>LÊ VINH</HO_TEN_DEM>
        <TEN>TRỌNG</TEN>
        <HO_VA_TEN>LÊ VINH TRỌNG</HO_VA_TEN>
        <NGAY_SINH>19931001</NGAY_SINH>
        <NOI_CT>Thôn 10</NOI_CT>
        <NOI_CT_MA_DVHC>15706</NOI_CT_MA_DVHC>
        <NOI_CT_MA_DVQL>397</NOI_CT_MA_DVQL>
        <SO_CMT>038093048517</SO_CMT>
        <HO_VA_TEN_IN />
        <HO_SO>
          <SO_HO_SO>003</SO_HO_SO>
          <SO_GPLX_DA_CO>790159027071</SO_GPLX_DA_CO>
          <HANG_GPLX_DA_CO>A1</HANG_GPLX_DA_CO>
          <NAM_HOC_LAIXE></NAM_HOC_LAIXE>
          <SO_NAM_LAIXE>0</SO_NAM_LAIXE>
          <SO_KM_ANTOAN>0</SO_KM_ANTOAN>
          <GIAY_CNSK>1</GIAY_CNSK>
          <SO_GIAY_CNTN>053705</SO_GIAY_CNTN>
          <SO_CCN />
          <BC2_GHICHU></BC2_GHICHU>
          <NGAY_RA_QDTN>2024-01-17</NGAY_RA_QDTN>
        </HO_SO>
      </NGUOI_LX>
      <NGUOI_LX>
        <SO_TT>62</SO_TT>
        <MA_DK>79038-20230818100748797</MA_DK>
        <HO_TEN_DEM>ĐÀO BẢO</HO_TEN_DEM>
        <TEN>TRUNG</TEN>
        <HO_VA_TEN>ĐÀO BẢO TRUNG</HO_VA_TEN>
        <NGAY_SINH>19880603</NGAY_SINH>
        <NOI_CT>Ấp Bà Thoại</NOI_CT>
        <NOI_CT_MA_DVHC>28138</NOI_CT_MA_DVHC>
        <NOI_CT_MA_DVQL>806</NOI_CT_MA_DVQL>
        <SO_CMT>080088001939</SO_CMT>
        <HO_VA_TEN_IN />
        <HO_SO>
          <SO_HO_SO>022</SO_HO_SO>
          <SO_GPLX_DA_CO></SO_GPLX_DA_CO>
          <HANG_GPLX_DA_CO></HANG_GPLX_DA_CO>
          <NAM_HOC_LAIXE></NAM_HOC_LAIXE>
          <SO_NAM_LAIXE>0</SO_NAM_LAIXE>
          <SO_KM_ANTOAN>0</SO_KM_ANTOAN>
          <GIAY_CNSK>1</GIAY_CNSK>
          <SO_GIAY_CNTN>054319</SO_GIAY_CNTN>
          <SO_CCN />
          <BC2_GHICHU></BC2_GHICHU>
          <NGAY_RA_QDTN>2024-02-28</NGAY_RA_QDTN>
        </HO_SO>
      </NGUOI_LX>
      <NGUOI_LX>
        <SO_TT>63</SO_TT>
        <MA_DK>79038-20221114153512480</MA_DK>
        <HO_TEN_DEM>TRẦN NGUYỄN QUỐC</HO_TEN_DEM>
        <TEN>TRUNG</TEN>
        <HO_VA_TEN>TRẦN NGUYỄN QUỐC TRUNG</HO_VA_TEN>
        <NGAY_SINH>19990215</NGAY_SINH>
        <NOI_CT>Buôn Tring 1,</NOI_CT>
        <NOI_CT_MA_DVHC>24305</NOI_CT_MA_DVHC>
        <NOI_CT_MA_DVQL>644</NOI_CT_MA_DVQL>
        <SO_CMT>241694619</SO_CMT>
        <HO_VA_TEN_IN />
        <HO_SO>
          <SO_HO_SO>032</SO_HO_SO>
          <SO_GPLX_DA_CO>660179004564</SO_GPLX_DA_CO>
          <HANG_GPLX_DA_CO>A1</HANG_GPLX_DA_CO>
          <NAM_HOC_LAIXE></NAM_HOC_LAIXE>
          <SO_NAM_LAIXE>0</SO_NAM_LAIXE>
          <SO_KM_ANTOAN>0</SO_KM_ANTOAN>
          <GIAY_CNSK>1</GIAY_CNSK>
          <SO_GIAY_CNTN>050054</SO_GIAY_CNTN>
          <SO_CCN />
          <BC2_GHICHU></BC2_GHICHU>
          <NGAY_RA_QDTN>2023-06-10</NGAY_RA_QDTN>
        </HO_SO>
      </NGUOI_LX>
      <NGUOI_LX>
        <SO_TT>64</SO_TT>
        <MA_DK>79038-20221018094604860</MA_DK>
        <HO_TEN_DEM>TRẦN NHỰT</HO_TEN_DEM>
        <TEN>TRƯỜNG</TEN>
        <HO_VA_TEN>TRẦN NHỰT TRƯỜNG</HO_VA_TEN>
        <NGAY_SINH>19950101</NGAY_SINH>
        <NOI_CT>Mỹ Nam 2</NOI_CT>
        <NOI_CT_MA_DVHC>30055</NOI_CT_MA_DVHC>
        <NOI_CT_MA_DVQL>872</NOI_CT_MA_DVQL>
        <SO_CMT>341762502</SO_CMT>
        <HO_VA_TEN_IN />
        <HO_SO>
          <SO_HO_SO>026</SO_HO_SO>
          <SO_GPLX_DA_CO></SO_GPLX_DA_CO>
          <HANG_GPLX_DA_CO></HANG_GPLX_DA_CO>
          <NAM_HOC_LAIXE></NAM_HOC_LAIXE>
          <SO_NAM_LAIXE>0</SO_NAM_LAIXE>
          <SO_KM_ANTOAN>0</SO_KM_ANTOAN>
          <GIAY_CNSK>1</GIAY_CNSK>
          <SO_GIAY_CNTN>049711</SO_GIAY_CNTN>
          <SO_CCN />
          <BC2_GHICHU></BC2_GHICHU>
          <NGAY_RA_QDTN>2023-05-08</NGAY_RA_QDTN>
        </HO_SO>
      </NGUOI_LX>
      <NGUOI_LX>
        <SO_TT>65</SO_TT>
        <MA_DK>79038-20230930092024760</MA_DK>
        <HO_TEN_DEM>TRẦN MINH</HO_TEN_DEM>
        <TEN>TUẤN</TEN>
        <HO_VA_TEN>TRẦN MINH TUẤN</HO_VA_TEN>
        <NGAY_SINH>19990324</NGAY_SINH>
        <NOI_CT>461 Lũy Bán Bích</NOI_CT>
        <NOI_CT_MA_DVHC>27037</NOI_CT_MA_DVHC>
        <NOI_CT_MA_DVQL>767</NOI_CT_MA_DVQL>
        <SO_CMT>079099006754</SO_CMT>
        <HO_VA_TEN_IN />
        <HO_SO>
          <SO_HO_SO>021</SO_HO_SO>
          <SO_GPLX_DA_CO>790171311327</SO_GPLX_DA_CO>
          <HANG_GPLX_DA_CO>A1</HANG_GPLX_DA_CO>
          <NAM_HOC_LAIXE></NAM_HOC_LAIXE>
          <SO_NAM_LAIXE>0</SO_NAM_LAIXE>
          <SO_KM_ANTOAN>0</SO_KM_ANTOAN>
          <GIAY_CNSK>1</GIAY_CNSK>
          <SO_GIAY_CNTN>054578</SO_GIAY_CNTN>
          <SO_CCN />
          <BC2_GHICHU></BC2_GHICHU>
          <NGAY_RA_QDTN>2024-03-20</NGAY_RA_QDTN>
        </HO_SO>
      </NGUOI_LX>
      <NGUOI_LX>
        <SO_TT>66</SO_TT>
        <MA_DK>79038-20230615110406693</MA_DK>
        <HO_TEN_DEM>MAI VĂN</HO_TEN_DEM>
        <TEN>TƯỜNG</TEN>
        <HO_VA_TEN>MAI VĂN TƯỜNG</HO_VA_TEN>
        <NGAY_SINH>19920818</NGAY_SINH>
        <NOI_CT>Thôn Bình Minh 5</NOI_CT>
        <NOI_CT_MA_DVHC>24337</NOI_CT_MA_DVHC>
        <NOI_CT_MA_DVQL>644</NOI_CT_MA_DVQL>
        <SO_CMT>066092017747</SO_CMT>
        <HO_VA_TEN_IN />
        <HO_SO>
          <SO_HO_SO>024</SO_HO_SO>
          <SO_GPLX_DA_CO>660136019811</SO_GPLX_DA_CO>
          <HANG_GPLX_DA_CO>A1</HANG_GPLX_DA_CO>
          <NAM_HOC_LAIXE></NAM_HOC_LAIXE>
          <SO_NAM_LAIXE>0</SO_NAM_LAIXE>
          <SO_KM_ANTOAN>0</SO_KM_ANTOAN>
          <GIAY_CNSK>1</GIAY_CNSK>
          <SO_GIAY_CNTN>053078</SO_GIAY_CNTN>
          <SO_CCN />
          <BC2_GHICHU></BC2_GHICHU>
          <NGAY_RA_QDTN>2023-12-25</NGAY_RA_QDTN>
        </HO_SO>
      </NGUOI_LX>
      <NGUOI_LX>
        <SO_TT>67</SO_TT>
        <MA_DK>79038-20220929155417387</MA_DK>
        <HO_TEN_DEM>NGUYỄN VĂN</HO_TEN_DEM>
        <TEN>VÀNG</TEN>
        <HO_VA_TEN>NGUYỄN VĂN VÀNG</HO_VA_TEN>
        <NGAY_SINH>19820101</NGAY_SINH>
        <NOI_CT>Ấp Bến Tượng,</NOI_CT>
        <NOI_CT_MA_DVHC>25834</NOI_CT_MA_DVHC>
        <NOI_CT_MA_DVQL>719</NOI_CT_MA_DVQL>
        <SO_CMT>091082003771</SO_CMT>
        <HO_VA_TEN_IN />
        <HO_SO>
          <SO_HO_SO>017</SO_HO_SO>
          <SO_GPLX_DA_CO></SO_GPLX_DA_CO>
          <HANG_GPLX_DA_CO></HANG_GPLX_DA_CO>
          <NAM_HOC_LAIXE></NAM_HOC_LAIXE>
          <SO_NAM_LAIXE>0</SO_NAM_LAIXE>
          <SO_KM_ANTOAN>0</SO_KM_ANTOAN>
          <GIAY_CNSK>1</GIAY_CNSK>
          <SO_GIAY_CNTN>049670</SO_GIAY_CNTN>
          <SO_CCN />
          <BC2_GHICHU></BC2_GHICHU>
          <NGAY_RA_QDTN>2023-05-08</NGAY_RA_QDTN>
        </HO_SO>
      </NGUOI_LX>
      <NGUOI_LX>
        <SO_TT>68</SO_TT>
        <MA_DK>79038-20230913152825580</MA_DK>
        <HO_TEN_DEM>NGUYỄN VĂN</HO_TEN_DEM>
        <TEN>VÀNG</TEN>
        <HO_VA_TEN>NGUYỄN VĂN VÀNG</HO_VA_TEN>
        <NGAY_SINH>19920819</NGAY_SINH>
        <NOI_CT>Ấp Tấn Lợi,</NOI_CT>
        <NOI_CT_MA_DVHC>30643</NOI_CT_MA_DVHC>
        <NOI_CT_MA_DVQL>893</NOI_CT_MA_DVQL>
        <SO_CMT>089092006590</SO_CMT>
        <HO_VA_TEN_IN />
        <HO_SO>
          <SO_HO_SO>031</SO_HO_SO>
          <SO_GPLX_DA_CO>790110239620</SO_GPLX_DA_CO>
          <HANG_GPLX_DA_CO>A1</HANG_GPLX_DA_CO>
          <NAM_HOC_LAIXE></NAM_HOC_LAIXE>
          <SO_NAM_LAIXE>0</SO_NAM_LAIXE>
          <SO_KM_ANTOAN>0</SO_KM_ANTOAN>
          <GIAY_CNSK>1</GIAY_CNSK>
          <SO_GIAY_CNTN>054583</SO_GIAY_CNTN>
          <SO_CCN />
          <BC2_GHICHU></BC2_GHICHU>
          <NGAY_RA_QDTN>2024-03-20</NGAY_RA_QDTN>
        </HO_SO>
      </NGUOI_LX>
      <NGUOI_LX>
        <SO_TT>69</SO_TT>
        <MA_DK>79038-20230921085049807</MA_DK>
        <HO_TEN_DEM>CHU VĂN</HO_TEN_DEM>
        <TEN>VINH</TEN>
        <HO_VA_TEN>CHU VĂN VINH</HO_VA_TEN>
        <NGAY_SINH>19880104</NGAY_SINH>
        <NOI_CT>Thôn Lâm Bô,</NOI_CT>
        <NOI_CT_MA_DVHC>24898</NOI_CT_MA_DVHC>
        <NOI_CT_MA_DVQL>676</NOI_CT_MA_DVQL>
        <SO_CMT>024088013771</SO_CMT>
        <HO_VA_TEN_IN />
        <HO_SO>
          <SO_HO_SO>045</SO_HO_SO>
          <SO_GPLX_DA_CO></SO_GPLX_DA_CO>
          <HANG_GPLX_DA_CO></HANG_GPLX_DA_CO>
          <NAM_HOC_LAIXE></NAM_HOC_LAIXE>
          <SO_NAM_LAIXE>0</SO_NAM_LAIXE>
          <SO_KM_ANTOAN>0</SO_KM_ANTOAN>
          <GIAY_CNSK>1</GIAY_CNSK>
          <SO_GIAY_CNTN>054535</SO_GIAY_CNTN>
          <SO_CCN />
          <BC2_GHICHU></BC2_GHICHU>
          <NGAY_RA_QDTN>2024-03-20</NGAY_RA_QDTN>
        </HO_SO>
      </NGUOI_LX>
    </NGUOI_LXS>
  </DATA>
  <Signature xmlns="http://www.w3.org/2000/09/xmldsig#">
    <SignedInfo>
      <CanonicalizationMethod Algorithm="http://www.w3.org/TR/2001/REC-xml-c14n-20010315" />
      <SignatureMethod Algorithm="http://www.w3.org/2000/09/xmldsig#rsa-sha1" />
      <Reference URI="">
        <Transforms>
          <Transform Algorithm="http://www.w3.org/2000/09/xmldsig#enveloped-signature" />
        </Transforms>
        <DigestMethod Algorithm="http://www.w3.org/2000/09/xmldsig#sha1" />
        <DigestValue>/4UhrQoG0H+3xdwtwzqOKMllePc=</DigestValue>
      </Reference>
    </SignedInfo>
    <SignatureValue>WR/YIK+SnyZ1oElwnYYJPtsBSflNnblITvCCMfPwvB7TjovXtRvFLY/7izylVeOOPTOqfdoliOFLJTTawvt3H120tztzOxJczLfSaW5D0W0drC4VpUh1/ay+KqTbaTf0UJuvpCRmWWdVlDv7FYdwO2zTRpPbM+e/cMlQwLWC6Oo=</SignatureValue>
  </Signature>
</BAO_CAO2>