<?xml version="1.0" encoding="UTF-8"?>
<BAO_CAO2>
  <HEADER>
    <MA_GIAO_DICH>dad4eb90-dc4a-4458-bb46-236bee01fea5</MA_GIAO_DICH>
    <MA_DV_GUI>79038</MA_DV_GUI>
    <TEN_DV_GUI>Trung Tâm Giáo Dục Nghề Nghiệp Lái Xe Tiến Đạt</TEN_DV_GUI>
    <NGAY_GUI>2024-08-06 11:10:07</NGAY_GUI>
    <NGUOI_GUI>ADMIN</NGUOI_GUI>
    <TONG_SO_BAN_GHI>1</TONG_SO_BAN_GHI>
  </HEADER>
  <DATA>
    <BCII>
      <MA_BCII>3427/TĐ-ĐT</MA_BCII>
      <MA_BCI>3427/TĐ-ĐT</MA_BCI>
      <MA_CSDT>79038</MA_CSDT>
      <SO_CV_BCII>3427/TĐ-ĐT</SO_CV_BCII>
      <NGAY_CV_BCII>2024-08-06</NGAY_CV_BCII>
      <SO_THI_SINH>1</SO_THI_SINH>
    </BCII>
    <NGUOI_LXS>
      <NGUOI_LX>
        <SO_TT>1</SO_TT>
        <MA_DK>79038-20240403100614207</MA_DK>
        <HO_TEN_DEM>LƯƠNG XUÂN</HO_TEN_DEM>
        <TEN>VUI</TEN>
        <HO_VA_TEN>LƯƠNG XUÂN VUI</HO_VA_TEN>
        <NGAY_SINH/>
        <NOI_CT>214/20 Tỉnh Lộ 8, Mũi Lớn 1,</NOI_CT>
        <NOI_CT_MA_DVHC>27532</NOI_CT_MA_DVHC>
        <NOI_CT_MA_DVQL>783</NOI_CT_MA_DVQL>
        <SO_CMT>038200022599</SO_CMT>
        <HO_VA_TEN_IN>LƯƠNG XUÂN VUI</HO_VA_TEN_IN>
        <HO_SO>
          <SO_HO_SO>034</SO_HO_SO>
          <SO_GPLX_DA_CO>790188212648</SO_GPLX_DA_CO>
          <HANG_GPLX_DA_CO>A1</HANG_GPLX_DA_CO>
          <NAM_HOC_LAIXE>2024</NAM_HOC_LAIXE>
          <SO_NAM_LAIXE/>
          <SO_KM_ANTOAN/>
          <GIAY_CNSK>1</GIAY_CNSK>
          <SO_GIAY_CNTN/>
          <SO_CCN/>
          <BC2_GHICHU/>
          <NGAY_RA_QDTN>2024-08-10</NGAY_RA_QDTN>
        </HO_SO>
      </NGUOI_LX>
    </NGUOI_LXS>
  </DATA>
  <Signature xmlns="http://www.w3.org/2000/09/xmldsig#">
    <SignedInfo>
      <CanonicalizationMethod Algorithm="http://www.w3.org/TR/2001/REC-xml-c14n-20010315"/>
      <SignatureMethod Algorithm="http://www.w3.org/2000/09/xmldsig#rsa-sha1"/>
      <Reference URI="">
        <Transforms>
          <Transform Algorithm="http://www.w3.org/2000/09/xmldsig#enveloped-signature"/>
        </Transforms>
        <DigestMethod Algorithm="http://www.w3.org/2000/09/xmldsig#sha1"/>
        <DigestValue/>
      </Reference>
    </SignedInfo>
    <SignatureValue/>
  </Signature>
</BAO_CAO2>
