﻿<?xml version="1.0" encoding="utf-8"?>
<BAO_CAO2>
  <HEADER>
    <MA_GIAO_DICH>4be705e6-93a8-4239-8bcd-a84845f70754</MA_GIAO_DICH>
    <MA_DV_GUI>79038</MA_DV_GUI>
    <TEN_DV_GUI>Trung Tâm Giáo Dục Nghề Nghiệp Lái Xe Tiến Đạt</TEN_DV_GUI>
    <NGAY_GUI>2024-05-06 08:40:25</NGAY_GUI>
    <NGUOI_GUI>ADMIN</NGUOI_GUI>
    <TONG_SO_BAN_GHI>41</TONG_SO_BAN_GHI>
  </HEADER>
  <DATA>
    <BCII>
      <MA_BCII>3432G/TÐ-ÐT</MA_BCII>
      <MA_BCI>3260/TÐ-ÐT</MA_BCI>
      <MA_CSDT>79038</MA_CSDT>
      <SO_CV_BCII>3432G/TÐ-ÐT</SO_CV_BCII>
      <NGAY_CV_BCII>2024-04-26</NGAY_CV_BCII>
      <SO_THI_SINH>41</SO_THI_SINH>
    </BCII>
    <NGUOI_LXS>
      <NGUOI_LX>
        <SO_TT>1</SO_TT>
        <MA_DK>79038-20230930091949747</MA_DK>
        <HO_TEN_DEM>TRẦN VĂN</HO_TEN_DEM>
        <TEN>AN</TEN>
        <HO_VA_TEN>TRẦN VĂN AN</HO_VA_TEN>
        <NGAY_SINH>19900503</NGAY_SINH>
        <NOI_CT>Ông Lãnh,</NOI_CT>
        <NOI_CT_MA_DVHC>29848</NOI_CT_MA_DVHC>
        <NOI_CT_MA_DVQL>862</NOI_CT_MA_DVQL>
        <SO_CMT>086090008247</SO_CMT>
        <HO_VA_TEN_IN />
        <HO_SO>
          <SO_HO_SO>003</SO_HO_SO>
          <SO_GPLX_DA_CO>790111283604</SO_GPLX_DA_CO>
          <HANG_GPLX_DA_CO>A1</HANG_GPLX_DA_CO>
          <NAM_HOC_LAIXE></NAM_HOC_LAIXE>
          <SO_NAM_LAIXE>0</SO_NAM_LAIXE>
          <SO_KM_ANTOAN>0</SO_KM_ANTOAN>
          <GIAY_CNSK>1</GIAY_CNSK>
          <SO_GIAY_CNTN>055173</SO_GIAY_CNTN>
          <SO_CCN />
          <BC2_GHICHU></BC2_GHICHU>
          <NGAY_RA_QDTN>2024-04-22</NGAY_RA_QDTN>
        </HO_SO>
      </NGUOI_LX>
      <NGUOI_LX>
        <SO_TT>2</SO_TT>
        <MA_DK>79038-20230930092922293</MA_DK>
        <HO_TEN_DEM>PHẠM GIA</HO_TEN_DEM>
        <TEN>BẢO</TEN>
        <HO_VA_TEN>PHẠM GIA BẢO</HO_VA_TEN>
        <NGAY_SINH>19980412</NGAY_SINH>
        <NOI_CT>An Định,</NOI_CT>
        <NOI_CT_MA_DVHC>30106</NOI_CT_MA_DVHC>
        <NOI_CT_MA_DVQL>873</NOI_CT_MA_DVQL>
        <SO_CMT>087098001302</SO_CMT>
        <HO_VA_TEN_IN />
        <HO_SO>
          <SO_HO_SO>007</SO_HO_SO>
          <SO_GPLX_DA_CO>870169002366</SO_GPLX_DA_CO>
          <HANG_GPLX_DA_CO>A1</HANG_GPLX_DA_CO>
          <NAM_HOC_LAIXE></NAM_HOC_LAIXE>
          <SO_NAM_LAIXE>0</SO_NAM_LAIXE>
          <SO_KM_ANTOAN>0</SO_KM_ANTOAN>
          <GIAY_CNSK>1</GIAY_CNSK>
          <SO_GIAY_CNTN>055174</SO_GIAY_CNTN>
          <SO_CCN />
          <BC2_GHICHU></BC2_GHICHU>
          <NGAY_RA_QDTN>2024-04-22</NGAY_RA_QDTN>
        </HO_SO>
      </NGUOI_LX>
      <NGUOI_LX>
        <SO_TT>3</SO_TT>
        <MA_DK>79038-20230930095939877</MA_DK>
        <HO_TEN_DEM>HUỲNH VĂN</HO_TEN_DEM>
        <TEN>BÌNH</TEN>
        <HO_VA_TEN>HUỲNH VĂN BÌNH</HO_VA_TEN>
        <NGAY_SINH>19930119</NGAY_SINH>
        <NOI_CT>Tổ 8, Ấp 4,</NOI_CT>
        <NOI_CT_MA_DVHC>30061</NOI_CT_MA_DVHC>
        <NOI_CT_MA_DVQL>872</NOI_CT_MA_DVQL>
        <SO_CMT>087093003353</SO_CMT>
        <HO_VA_TEN_IN />
        <HO_SO>
          <SO_HO_SO>020</SO_HO_SO>
          <SO_GPLX_DA_CO>870114005516</SO_GPLX_DA_CO>
          <HANG_GPLX_DA_CO>A1</HANG_GPLX_DA_CO>
          <NAM_HOC_LAIXE></NAM_HOC_LAIXE>
          <SO_NAM_LAIXE>0</SO_NAM_LAIXE>
          <SO_KM_ANTOAN>0</SO_KM_ANTOAN>
          <GIAY_CNSK>1</GIAY_CNSK>
          <SO_GIAY_CNTN>055175</SO_GIAY_CNTN>
          <SO_CCN />
          <BC2_GHICHU></BC2_GHICHU>
          <NGAY_RA_QDTN>2024-04-22</NGAY_RA_QDTN>
        </HO_SO>
      </NGUOI_LX>
      <NGUOI_LX>
        <SO_TT>4</SO_TT>
        <MA_DK>79038-20230930093351280</MA_DK>
        <HO_TEN_DEM>DANH</HO_TEN_DEM>
        <TEN>ĐIỀN</TEN>
        <HO_VA_TEN>DANH ĐIỀN</HO_VA_TEN>
        <NGAY_SINH>19950424</NGAY_SINH>
        <NOI_CT>Ấp Tân Phước,</NOI_CT>
        <NOI_CT_MA_DVHC>30889</NOI_CT_MA_DVHC>
        <NOI_CT_MA_DVQL>905</NOI_CT_MA_DVQL>
        <SO_CMT>091095016043</SO_CMT>
        <HO_VA_TEN_IN />
        <HO_SO>
          <SO_HO_SO>011</SO_HO_SO>
          <SO_GPLX_DA_CO>910153000340</SO_GPLX_DA_CO>
          <HANG_GPLX_DA_CO>A1</HANG_GPLX_DA_CO>
          <NAM_HOC_LAIXE></NAM_HOC_LAIXE>
          <SO_NAM_LAIXE>0</SO_NAM_LAIXE>
          <SO_KM_ANTOAN>0</SO_KM_ANTOAN>
          <GIAY_CNSK>1</GIAY_CNSK>
          <SO_GIAY_CNTN>055176</SO_GIAY_CNTN>
          <SO_CCN />
          <BC2_GHICHU></BC2_GHICHU>
          <NGAY_RA_QDTN>2024-04-22</NGAY_RA_QDTN>
        </HO_SO>
      </NGUOI_LX>
      <NGUOI_LX>
        <SO_TT>5</SO_TT>
        <MA_DK>79038-20230930100244630</MA_DK>
        <HO_TEN_DEM>LÝ THÀNH</HO_TEN_DEM>
        <TEN>ĐƯỢC</TEN>
        <HO_VA_TEN>LÝ THÀNH ĐƯỢC</HO_VA_TEN>
        <NGAY_SINH>19961023</NGAY_SINH>
        <NOI_CT>Ấp Long An A,</NOI_CT>
        <NOI_CT_MA_DVHC>31362</NOI_CT_MA_DVHC>
        <NOI_CT_MA_DVQL>932</NOI_CT_MA_DVQL>
        <SO_CMT>093096001438</SO_CMT>
        <HO_VA_TEN_IN />
        <HO_SO>
          <SO_HO_SO>023</SO_HO_SO>
          <SO_GPLX_DA_CO></SO_GPLX_DA_CO>
          <HANG_GPLX_DA_CO></HANG_GPLX_DA_CO>
          <NAM_HOC_LAIXE></NAM_HOC_LAIXE>
          <SO_NAM_LAIXE>0</SO_NAM_LAIXE>
          <SO_KM_ANTOAN>0</SO_KM_ANTOAN>
          <GIAY_CNSK>1</GIAY_CNSK>
          <SO_GIAY_CNTN>055177</SO_GIAY_CNTN>
          <SO_CCN />
          <BC2_GHICHU></BC2_GHICHU>
          <NGAY_RA_QDTN>2024-04-22</NGAY_RA_QDTN>
        </HO_SO>
      </NGUOI_LX>
      <NGUOI_LX>
        <SO_TT>6</SO_TT>
        <MA_DK>79038-20230930091042780</MA_DK>
        <HO_TEN_DEM>NGUYỄN TẤT</HO_TEN_DEM>
        <TEN>DUY</TEN>
        <HO_VA_TEN>NGUYỄN TẤT DUY</HO_VA_TEN>
        <NGAY_SINH>20010101</NGAY_SINH>
        <NOI_CT>Tổ 6, Thôn5,</NOI_CT>
        <NOI_CT_MA_DVHC>23092</NOI_CT_MA_DVHC>
        <NOI_CT_MA_DVQL>597</NOI_CT_MA_DVQL>
        <SO_CMT>060201001428</SO_CMT>
        <HO_VA_TEN_IN />
        <HO_SO>
          <SO_HO_SO>001</SO_HO_SO>
          <SO_GPLX_DA_CO>740221019899</SO_GPLX_DA_CO>
          <HANG_GPLX_DA_CO>A1</HANG_GPLX_DA_CO>
          <NAM_HOC_LAIXE></NAM_HOC_LAIXE>
          <SO_NAM_LAIXE>0</SO_NAM_LAIXE>
          <SO_KM_ANTOAN>0</SO_KM_ANTOAN>
          <GIAY_CNSK>1</GIAY_CNSK>
          <SO_GIAY_CNTN>055178</SO_GIAY_CNTN>
          <SO_CCN />
          <BC2_GHICHU></BC2_GHICHU>
          <NGAY_RA_QDTN>2024-04-22</NGAY_RA_QDTN>
        </HO_SO>
      </NGUOI_LX>
      <NGUOI_LX>
        <SO_TT>7</SO_TT>
        <MA_DK>79038-20230930105722740</MA_DK>
        <HO_TEN_DEM>VÕ TRƯỜNG</HO_TEN_DEM>
        <TEN>GIANG</TEN>
        <HO_VA_TEN>VÕ TRƯỜNG GIANG</HO_VA_TEN>
        <NGAY_SINH>19831206</NGAY_SINH>
        <NOI_CT>Mỹ Hòa B,</NOI_CT>
        <NOI_CT_MA_DVHC>30637</NOI_CT_MA_DVHC>
        <NOI_CT_MA_DVQL>893</NOI_CT_MA_DVQL>
        <SO_CMT>089083020088</SO_CMT>
        <HO_VA_TEN_IN />
        <HO_SO>
          <SO_HO_SO>032</SO_HO_SO>
          <SO_GPLX_DA_CO></SO_GPLX_DA_CO>
          <HANG_GPLX_DA_CO></HANG_GPLX_DA_CO>
          <NAM_HOC_LAIXE></NAM_HOC_LAIXE>
          <SO_NAM_LAIXE>0</SO_NAM_LAIXE>
          <SO_KM_ANTOAN>0</SO_KM_ANTOAN>
          <GIAY_CNSK>1</GIAY_CNSK>
          <SO_GIAY_CNTN>055179</SO_GIAY_CNTN>
          <SO_CCN />
          <BC2_GHICHU></BC2_GHICHU>
          <NGAY_RA_QDTN>2024-04-22</NGAY_RA_QDTN>
        </HO_SO>
      </NGUOI_LX>
      <NGUOI_LX>
        <SO_TT>8</SO_TT>
        <MA_DK>79038-20230930095753560</MA_DK>
        <HO_TEN_DEM>HUỲNH VĂN</HO_TEN_DEM>
        <TEN>GIÀU</TEN>
        <HO_VA_TEN>HUỲNH VĂN GIÀU</HO_VA_TEN>
        <NGAY_SINH>19900414</NGAY_SINH>
        <NOI_CT>Ấp Hiệp Hòa,</NOI_CT>
        <NOI_CT_MA_DVHC>32186</NOI_CT_MA_DVHC>
        <NOI_CT_MA_DVQL>970</NOI_CT_MA_DVQL>
        <SO_CMT>096090008641</SO_CMT>
        <HO_VA_TEN_IN />
        <HO_SO>
          <SO_HO_SO>019</SO_HO_SO>
          <SO_GPLX_DA_CO>790142791518</SO_GPLX_DA_CO>
          <HANG_GPLX_DA_CO>A1</HANG_GPLX_DA_CO>
          <NAM_HOC_LAIXE></NAM_HOC_LAIXE>
          <SO_NAM_LAIXE>0</SO_NAM_LAIXE>
          <SO_KM_ANTOAN>0</SO_KM_ANTOAN>
          <GIAY_CNSK>1</GIAY_CNSK>
          <SO_GIAY_CNTN>055180</SO_GIAY_CNTN>
          <SO_CCN />
          <BC2_GHICHU></BC2_GHICHU>
          <NGAY_RA_QDTN>2024-04-22</NGAY_RA_QDTN>
        </HO_SO>
      </NGUOI_LX>
      <NGUOI_LX>
        <SO_TT>9</SO_TT>
        <MA_DK>79038-20230930105144920</MA_DK>
        <HO_TEN_DEM>TRẦN VĂN</HO_TEN_DEM>
        <TEN>HẢI</TEN>
        <HO_VA_TEN>TRẦN VĂN HẢI</HO_VA_TEN>
        <NGAY_SINH>19990309</NGAY_SINH>
        <NOI_CT>Hoàng Sơn,</NOI_CT>
        <NOI_CT_MA_DVHC>16591</NOI_CT_MA_DVHC>
        <NOI_CT_MA_DVQL>407</NOI_CT_MA_DVQL>
        <SO_CMT>038099013866</SO_CMT>
        <HO_VA_TEN_IN />
        <HO_SO>
          <SO_HO_SO>027</SO_HO_SO>
          <SO_GPLX_DA_CO></SO_GPLX_DA_CO>
          <HANG_GPLX_DA_CO></HANG_GPLX_DA_CO>
          <NAM_HOC_LAIXE></NAM_HOC_LAIXE>
          <SO_NAM_LAIXE>0</SO_NAM_LAIXE>
          <SO_KM_ANTOAN>0</SO_KM_ANTOAN>
          <GIAY_CNSK>1</GIAY_CNSK>
          <SO_GIAY_CNTN>055181</SO_GIAY_CNTN>
          <SO_CCN />
          <BC2_GHICHU></BC2_GHICHU>
          <NGAY_RA_QDTN>2024-04-22</NGAY_RA_QDTN>
        </HO_SO>
      </NGUOI_LX>
      <NGUOI_LX>
        <SO_TT>10</SO_TT>
        <MA_DK>79038-20230930112059390</MA_DK>
        <HO_TEN_DEM>TRẦN VĂN</HO_TEN_DEM>
        <TEN>HIỀN</TEN>
        <HO_VA_TEN>TRẦN VĂN HIỀN</HO_VA_TEN>
        <NGAY_SINH>19831015</NGAY_SINH>
        <NOI_CT>Ấp Phú Thọ B,</NOI_CT>
        <NOI_CT_MA_DVHC>30031</NOI_CT_MA_DVHC>
        <NOI_CT_MA_DVQL>871</NOI_CT_MA_DVQL>
        <SO_CMT>087083027717</SO_CMT>
        <HO_VA_TEN_IN />
        <HO_SO>
          <SO_HO_SO>049</SO_HO_SO>
          <SO_GPLX_DA_CO></SO_GPLX_DA_CO>
          <HANG_GPLX_DA_CO></HANG_GPLX_DA_CO>
          <NAM_HOC_LAIXE></NAM_HOC_LAIXE>
          <SO_NAM_LAIXE>0</SO_NAM_LAIXE>
          <SO_KM_ANTOAN>0</SO_KM_ANTOAN>
          <GIAY_CNSK>1</GIAY_CNSK>
          <SO_GIAY_CNTN>055182</SO_GIAY_CNTN>
          <SO_CCN />
          <BC2_GHICHU></BC2_GHICHU>
          <NGAY_RA_QDTN>2024-04-22</NGAY_RA_QDTN>
        </HO_SO>
      </NGUOI_LX>
      <NGUOI_LX>
        <SO_TT>11</SO_TT>
        <MA_DK>79038-20230930105252367</MA_DK>
        <HO_TEN_DEM>ĐÀO VĂN</HO_TEN_DEM>
        <TEN>HIỂU</TEN>
        <HO_VA_TEN>ĐÀO VĂN HIỂU</HO_VA_TEN>
        <NGAY_SINH>20020408</NGAY_SINH>
        <NOI_CT>Ấp Phú Hòa A,</NOI_CT>
        <NOI_CT_MA_DVHC>31573</NOI_CT_MA_DVHC>
        <NOI_CT_MA_DVQL>942</NOI_CT_MA_DVQL>
        <SO_CMT>094202010076</SO_CMT>
        <HO_VA_TEN_IN />
        <HO_SO>
          <SO_HO_SO>028</SO_HO_SO>
          <SO_GPLX_DA_CO>790204116440</SO_GPLX_DA_CO>
          <HANG_GPLX_DA_CO>A1</HANG_GPLX_DA_CO>
          <NAM_HOC_LAIXE></NAM_HOC_LAIXE>
          <SO_NAM_LAIXE>0</SO_NAM_LAIXE>
          <SO_KM_ANTOAN>0</SO_KM_ANTOAN>
          <GIAY_CNSK>1</GIAY_CNSK>
          <SO_GIAY_CNTN>055184</SO_GIAY_CNTN>
          <SO_CCN />
          <BC2_GHICHU></BC2_GHICHU>
          <NGAY_RA_QDTN>2024-04-22</NGAY_RA_QDTN>
        </HO_SO>
      </NGUOI_LX>
      <NGUOI_LX>
        <SO_TT>12</SO_TT>
        <MA_DK>79038-20230930105523320</MA_DK>
        <HO_TEN_DEM>THẠCH ĐOAN</HO_TEN_DEM>
        <TEN>KHANG</TEN>
        <HO_VA_TEN>THẠCH ĐOAN KHANG</HO_VA_TEN>
        <NGAY_SINH>20011114</NGAY_SINH>
        <NOI_CT>Ấp 2,</NOI_CT>
        <NOI_CT_MA_DVHC>31462</NOI_CT_MA_DVHC>
        <NOI_CT_MA_DVQL>935</NOI_CT_MA_DVQL>
        <SO_CMT>091201017009</SO_CMT>
        <HO_VA_TEN_IN />
        <HO_SO>
          <SO_HO_SO>030</SO_HO_SO>
          <SO_GPLX_DA_CO>790205185724</SO_GPLX_DA_CO>
          <HANG_GPLX_DA_CO>A1</HANG_GPLX_DA_CO>
          <NAM_HOC_LAIXE></NAM_HOC_LAIXE>
          <SO_NAM_LAIXE>0</SO_NAM_LAIXE>
          <SO_KM_ANTOAN>0</SO_KM_ANTOAN>
          <GIAY_CNSK>1</GIAY_CNSK>
          <SO_GIAY_CNTN>055185</SO_GIAY_CNTN>
          <SO_CCN />
          <BC2_GHICHU></BC2_GHICHU>
          <NGAY_RA_QDTN>2024-04-22</NGAY_RA_QDTN>
        </HO_SO>
      </NGUOI_LX>
      <NGUOI_LX>
        <SO_TT>13</SO_TT>
        <MA_DK>79038-20231020150935563</MA_DK>
        <HO_TEN_DEM>NGÔ QUỐC</HO_TEN_DEM>
        <TEN>KHÁNH</TEN>
        <HO_VA_TEN>NGÔ QUỐC KHÁNH</HO_VA_TEN>
        <NGAY_SINH>19970822</NGAY_SINH>
        <NOI_CT>Thạnh Quới</NOI_CT>
        <NOI_CT_MA_DVHC>25540</NOI_CT_MA_DVHC>
        <NOI_CT_MA_DVQL>706</NOI_CT_MA_DVQL>
        <SO_CMT>072097009453</SO_CMT>
        <HO_VA_TEN_IN />
        <HO_SO>
          <SO_HO_SO>059</SO_HO_SO>
          <SO_GPLX_DA_CO>720238007421</SO_GPLX_DA_CO>
          <HANG_GPLX_DA_CO>A1</HANG_GPLX_DA_CO>
          <NAM_HOC_LAIXE></NAM_HOC_LAIXE>
          <SO_NAM_LAIXE>0</SO_NAM_LAIXE>
          <SO_KM_ANTOAN>0</SO_KM_ANTOAN>
          <GIAY_CNSK>1</GIAY_CNSK>
          <SO_GIAY_CNTN>055186</SO_GIAY_CNTN>
          <SO_CCN />
          <BC2_GHICHU></BC2_GHICHU>
          <NGAY_RA_QDTN>2024-04-22</NGAY_RA_QDTN>
        </HO_SO>
      </NGUOI_LX>
      <NGUOI_LX>
        <SO_TT>14</SO_TT>
        <MA_DK>79038-20230930112616100</MA_DK>
        <HO_TEN_DEM>PHẠM HOÀNG</HO_TEN_DEM>
        <TEN>LONG</TEN>
        <HO_VA_TEN>PHẠM HOÀNG LONG</HO_VA_TEN>
        <NGAY_SINH>19960615</NGAY_SINH>
        <NOI_CT>83/1B, Tây Kim,</NOI_CT>
        <NOI_CT_MA_DVHC>26308</NOI_CT_MA_DVHC>
        <NOI_CT_MA_DVQL>738</NOI_CT_MA_DVQL>
        <SO_CMT>075096019912</SO_CMT>
        <HO_VA_TEN_IN />
        <HO_SO>
          <SO_HO_SO>052</SO_HO_SO>
          <SO_GPLX_DA_CO>790208108425</SO_GPLX_DA_CO>
          <HANG_GPLX_DA_CO>A1</HANG_GPLX_DA_CO>
          <NAM_HOC_LAIXE></NAM_HOC_LAIXE>
          <SO_NAM_LAIXE>0</SO_NAM_LAIXE>
          <SO_KM_ANTOAN>0</SO_KM_ANTOAN>
          <GIAY_CNSK>1</GIAY_CNSK>
          <SO_GIAY_CNTN>055187</SO_GIAY_CNTN>
          <SO_CCN />
          <BC2_GHICHU></BC2_GHICHU>
          <NGAY_RA_QDTN>2024-04-22</NGAY_RA_QDTN>
        </HO_SO>
      </NGUOI_LX>
      <NGUOI_LX>
        <SO_TT>15</SO_TT>
        <MA_DK>79038-20231020151232937</MA_DK>
        <HO_TEN_DEM>NGUYỄN VĂN</HO_TEN_DEM>
        <TEN>LUÂN</TEN>
        <HO_VA_TEN>NGUYỄN VĂN LUÂN</HO_VA_TEN>
        <NGAY_SINH>19841030</NGAY_SINH>
        <NOI_CT>53 Tân Hòa</NOI_CT>
        <NOI_CT_MA_DVHC>25474</NOI_CT_MA_DVHC>
        <NOI_CT_MA_DVQL>703</NOI_CT_MA_DVQL>
        <SO_CMT>072084008745</SO_CMT>
        <HO_VA_TEN_IN />
        <HO_SO>
          <SO_HO_SO>060</SO_HO_SO>
          <SO_GPLX_DA_CO></SO_GPLX_DA_CO>
          <HANG_GPLX_DA_CO></HANG_GPLX_DA_CO>
          <NAM_HOC_LAIXE></NAM_HOC_LAIXE>
          <SO_NAM_LAIXE>0</SO_NAM_LAIXE>
          <SO_KM_ANTOAN>0</SO_KM_ANTOAN>
          <GIAY_CNSK>1</GIAY_CNSK>
          <SO_GIAY_CNTN>055188</SO_GIAY_CNTN>
          <SO_CCN />
          <BC2_GHICHU></BC2_GHICHU>
          <NGAY_RA_QDTN>2024-04-22</NGAY_RA_QDTN>
        </HO_SO>
      </NGUOI_LX>
      <NGUOI_LX>
        <SO_TT>16</SO_TT>
        <MA_DK>79038-20230930112839927</MA_DK>
        <HO_TEN_DEM>NGUYỄN VĂN HOÀNG</HO_TEN_DEM>
        <TEN>NAM</TEN>
        <HO_VA_TEN>NGUYỄN VĂN HOÀNG NAM</HO_VA_TEN>
        <NGAY_SINH>19891120</NGAY_SINH>
        <NOI_CT>Ấp Tân Thới,</NOI_CT>
        <NOI_CT_MA_DVHC>29797</NOI_CT_MA_DVHC>
        <NOI_CT_MA_DVQL>863</NOI_CT_MA_DVQL>
        <SO_CMT>086089007822</SO_CMT>
        <HO_VA_TEN_IN />
        <HO_SO>
          <SO_HO_SO>054</SO_HO_SO>
          <SO_GPLX_DA_CO></SO_GPLX_DA_CO>
          <HANG_GPLX_DA_CO></HANG_GPLX_DA_CO>
          <NAM_HOC_LAIXE></NAM_HOC_LAIXE>
          <SO_NAM_LAIXE>0</SO_NAM_LAIXE>
          <SO_KM_ANTOAN>0</SO_KM_ANTOAN>
          <GIAY_CNSK>1</GIAY_CNSK>
          <SO_GIAY_CNTN>055189</SO_GIAY_CNTN>
          <SO_CCN />
          <BC2_GHICHU></BC2_GHICHU>
          <NGAY_RA_QDTN>2024-04-22</NGAY_RA_QDTN>
        </HO_SO>
      </NGUOI_LX>
      <NGUOI_LX>
        <SO_TT>17</SO_TT>
        <MA_DK>79038-20230930100731437</MA_DK>
        <HO_TEN_DEM>HUỲNH VĂN</HO_TEN_DEM>
        <TEN>NHỰT</TEN>
        <HO_VA_TEN>HUỲNH VĂN NHỰT</HO_VA_TEN>
        <NGAY_SINH>19960605</NGAY_SINH>
        <NOI_CT>Ấp Nhân Lợi,</NOI_CT>
        <NOI_CT_MA_DVHC>30658</NOI_CT_MA_DVHC>
        <NOI_CT_MA_DVQL>893</NOI_CT_MA_DVQL>
        <SO_CMT>089096003253</SO_CMT>
        <HO_VA_TEN_IN />
        <HO_SO>
          <SO_HO_SO>025</SO_HO_SO>
          <SO_GPLX_DA_CO>890143010712</SO_GPLX_DA_CO>
          <HANG_GPLX_DA_CO>A1</HANG_GPLX_DA_CO>
          <NAM_HOC_LAIXE></NAM_HOC_LAIXE>
          <SO_NAM_LAIXE>0</SO_NAM_LAIXE>
          <SO_KM_ANTOAN>0</SO_KM_ANTOAN>
          <GIAY_CNSK>1</GIAY_CNSK>
          <SO_GIAY_CNTN>055190</SO_GIAY_CNTN>
          <SO_CCN />
          <BC2_GHICHU></BC2_GHICHU>
          <NGAY_RA_QDTN>2024-04-22</NGAY_RA_QDTN>
        </HO_SO>
      </NGUOI_LX>
      <NGUOI_LX>
        <SO_TT>18</SO_TT>
        <MA_DK>79038-20230930100143357</MA_DK>
        <HO_TEN_DEM>NGUYỄN MINH</HO_TEN_DEM>
        <TEN>NHỰT</TEN>
        <HO_VA_TEN>NGUYỄN MINH NHỰT</HO_VA_TEN>
        <NGAY_SINH>20010612</NGAY_SINH>
        <NOI_CT>Ấp 3,</NOI_CT>
        <NOI_CT_MA_DVHC>28012</NOI_CT_MA_DVHC>
        <NOI_CT_MA_DVQL>803</NOI_CT_MA_DVQL>
        <SO_CMT>080201008215</SO_CMT>
        <HO_VA_TEN_IN />
        <HO_SO>
          <SO_HO_SO>022</SO_HO_SO>
          <SO_GPLX_DA_CO>800195004409</SO_GPLX_DA_CO>
          <HANG_GPLX_DA_CO>A1</HANG_GPLX_DA_CO>
          <NAM_HOC_LAIXE></NAM_HOC_LAIXE>
          <SO_NAM_LAIXE>0</SO_NAM_LAIXE>
          <SO_KM_ANTOAN>0</SO_KM_ANTOAN>
          <GIAY_CNSK>1</GIAY_CNSK>
          <SO_GIAY_CNTN>055191</SO_GIAY_CNTN>
          <SO_CCN />
          <BC2_GHICHU></BC2_GHICHU>
          <NGAY_RA_QDTN>2024-04-22</NGAY_RA_QDTN>
        </HO_SO>
      </NGUOI_LX>
      <NGUOI_LX>
        <SO_TT>19</SO_TT>
        <MA_DK>79038-20230930110343060</MA_DK>
        <HO_TEN_DEM>NGUYỄN HOÀNG</HO_TEN_DEM>
        <TEN>OANH</TEN>
        <HO_VA_TEN>NGUYỄN HOÀNG OANH</HO_VA_TEN>
        <NGAY_SINH>19860101</NGAY_SINH>
        <NOI_CT>Ấp Giồng Tân,</NOI_CT>
        <NOI_CT_MA_DVHC>28705</NOI_CT_MA_DVHC>
        <NOI_CT_MA_DVQL>824</NOI_CT_MA_DVQL>
        <SO_CMT>082086007880</SO_CMT>
        <HO_VA_TEN_IN />
        <HO_SO>
          <SO_HO_SO>037</SO_HO_SO>
          <SO_GPLX_DA_CO></SO_GPLX_DA_CO>
          <HANG_GPLX_DA_CO></HANG_GPLX_DA_CO>
          <NAM_HOC_LAIXE></NAM_HOC_LAIXE>
          <SO_NAM_LAIXE>0</SO_NAM_LAIXE>
          <SO_KM_ANTOAN>0</SO_KM_ANTOAN>
          <GIAY_CNSK>1</GIAY_CNSK>
          <SO_GIAY_CNTN>055192</SO_GIAY_CNTN>
          <SO_CCN />
          <BC2_GHICHU></BC2_GHICHU>
          <NGAY_RA_QDTN>2024-04-22</NGAY_RA_QDTN>
        </HO_SO>
      </NGUOI_LX>
      <NGUOI_LX>
        <SO_TT>20</SO_TT>
        <MA_DK>79038-20231020150721723</MA_DK>
        <HO_TEN_DEM>VÕ PHAN THIÊN</HO_TEN_DEM>
        <TEN>SƠN</TEN>
        <HO_VA_TEN>VÕ PHAN THIÊN SƠN</HO_VA_TEN>
        <NGAY_SINH>20011022</NGAY_SINH>
        <NOI_CT>Ấp Tân Đông</NOI_CT>
        <NOI_CT_MA_DVHC>25549</NOI_CT_MA_DVHC>
        <NOI_CT_MA_DVQL>706</NOI_CT_MA_DVQL>
        <SO_CMT>072201003043</SO_CMT>
        <HO_VA_TEN_IN />
        <HO_SO>
          <SO_HO_SO>051</SO_HO_SO>
          <SO_GPLX_DA_CO>720200000784</SO_GPLX_DA_CO>
          <HANG_GPLX_DA_CO>A1</HANG_GPLX_DA_CO>
          <NAM_HOC_LAIXE></NAM_HOC_LAIXE>
          <SO_NAM_LAIXE>0</SO_NAM_LAIXE>
          <SO_KM_ANTOAN>0</SO_KM_ANTOAN>
          <GIAY_CNSK>1</GIAY_CNSK>
          <SO_GIAY_CNTN>055193</SO_GIAY_CNTN>
          <SO_CCN />
          <BC2_GHICHU></BC2_GHICHU>
          <NGAY_RA_QDTN>2024-04-22</NGAY_RA_QDTN>
        </HO_SO>
      </NGUOI_LX>
      <NGUOI_LX>
        <SO_TT>21</SO_TT>
        <MA_DK>79038-20230930093836047</MA_DK>
        <HO_TEN_DEM>TRẦN HOÀI</HO_TEN_DEM>
        <TEN>TÂM</TEN>
        <HO_VA_TEN>TRẦN HOÀI TÂM</HO_VA_TEN>
        <NGAY_SINH>19971111</NGAY_SINH>
        <NOI_CT>Ấp Vĩnh Trung,</NOI_CT>
        <NOI_CT_MA_DVHC>30697</NOI_CT_MA_DVHC>
        <NOI_CT_MA_DVQL>894</NOI_CT_MA_DVQL>
        <SO_CMT>089097022038</SO_CMT>
        <HO_VA_TEN_IN />
        <HO_SO>
          <SO_HO_SO>014</SO_HO_SO>
          <SO_GPLX_DA_CO>890197006969</SO_GPLX_DA_CO>
          <HANG_GPLX_DA_CO>A1</HANG_GPLX_DA_CO>
          <NAM_HOC_LAIXE></NAM_HOC_LAIXE>
          <SO_NAM_LAIXE>0</SO_NAM_LAIXE>
          <SO_KM_ANTOAN>0</SO_KM_ANTOAN>
          <GIAY_CNSK>1</GIAY_CNSK>
          <SO_GIAY_CNTN>055194</SO_GIAY_CNTN>
          <SO_CCN />
          <BC2_GHICHU></BC2_GHICHU>
          <NGAY_RA_QDTN>2024-04-22</NGAY_RA_QDTN>
        </HO_SO>
      </NGUOI_LX>
      <NGUOI_LX>
        <SO_TT>22</SO_TT>
        <MA_DK>79038-20231020151716123</MA_DK>
        <HO_TEN_DEM>LÊ DUY</HO_TEN_DEM>
        <TEN>TÂN</TEN>
        <HO_VA_TEN>LÊ DUY TÂN</HO_VA_TEN>
        <NGAY_SINH>19990120</NGAY_SINH>
        <NOI_CT>Tổ 6, Ấp 1</NOI_CT>
        <NOI_CT_MA_DVHC>26401</NOI_CT_MA_DVHC>
        <NOI_CT_MA_DVQL>740</NOI_CT_MA_DVQL>
        <SO_CMT>075099004805</SO_CMT>
        <HO_VA_TEN_IN />
        <HO_SO>
          <SO_HO_SO>062</SO_HO_SO>
          <SO_GPLX_DA_CO>750170003791</SO_GPLX_DA_CO>
          <HANG_GPLX_DA_CO>A1</HANG_GPLX_DA_CO>
          <NAM_HOC_LAIXE></NAM_HOC_LAIXE>
          <SO_NAM_LAIXE>0</SO_NAM_LAIXE>
          <SO_KM_ANTOAN>0</SO_KM_ANTOAN>
          <GIAY_CNSK>1</GIAY_CNSK>
          <SO_GIAY_CNTN>055195</SO_GIAY_CNTN>
          <SO_CCN />
          <BC2_GHICHU></BC2_GHICHU>
          <NGAY_RA_QDTN>2024-04-22</NGAY_RA_QDTN>
        </HO_SO>
      </NGUOI_LX>
      <NGUOI_LX>
        <SO_TT>23</SO_TT>
        <MA_DK>79038-20230930093209953</MA_DK>
        <HO_TEN_DEM>PHAN VĂN</HO_TEN_DEM>
        <TEN>TÂN</TEN>
        <HO_VA_TEN>PHAN VĂN TÂN</HO_VA_TEN>
        <NGAY_SINH>19911013</NGAY_SINH>
        <NOI_CT>Ấp 10,</NOI_CT>
        <NOI_CT_MA_DVHC>32053</NOI_CT_MA_DVHC>
        <NOI_CT_MA_DVQL>966</NOI_CT_MA_DVQL>
        <SO_CMT>096091002529</SO_CMT>
        <HO_VA_TEN_IN />
        <HO_SO>
          <SO_HO_SO>010</SO_HO_SO>
          <SO_GPLX_DA_CO>960106001009</SO_GPLX_DA_CO>
          <HANG_GPLX_DA_CO>A1</HANG_GPLX_DA_CO>
          <NAM_HOC_LAIXE></NAM_HOC_LAIXE>
          <SO_NAM_LAIXE>0</SO_NAM_LAIXE>
          <SO_KM_ANTOAN>0</SO_KM_ANTOAN>
          <GIAY_CNSK>1</GIAY_CNSK>
          <SO_GIAY_CNTN>055196</SO_GIAY_CNTN>
          <SO_CCN />
          <BC2_GHICHU></BC2_GHICHU>
          <NGAY_RA_QDTN>2024-04-22</NGAY_RA_QDTN>
        </HO_SO>
      </NGUOI_LX>
      <NGUOI_LX>
        <SO_TT>24</SO_TT>
        <MA_DK>79038-20230930100559533</MA_DK>
        <HO_TEN_DEM>TẠ HOÀNG</HO_TEN_DEM>
        <TEN>THÀNH</TEN>
        <HO_VA_TEN>TẠ HOÀNG THÀNH</HO_VA_TEN>
        <NGAY_SINH>20020628</NGAY_SINH>
        <NOI_CT>896A/9/4 Hậu Giang,</NOI_CT>
        <NOI_CT_MA_DVHC>27358</NOI_CT_MA_DVHC>
        <NOI_CT_MA_DVQL>775</NOI_CT_MA_DVQL>
        <SO_CMT>079202035831</SO_CMT>
        <HO_VA_TEN_IN />
        <HO_SO>
          <SO_HO_SO>024</SO_HO_SO>
          <SO_GPLX_DA_CO>790208103600|790208103600</SO_GPLX_DA_CO>
          <HANG_GPLX_DA_CO>B2|A1</HANG_GPLX_DA_CO>
          <NAM_HOC_LAIXE></NAM_HOC_LAIXE>
          <SO_NAM_LAIXE>0</SO_NAM_LAIXE>
          <SO_KM_ANTOAN>0</SO_KM_ANTOAN>
          <GIAY_CNSK>1</GIAY_CNSK>
          <SO_GIAY_CNTN>055197</SO_GIAY_CNTN>
          <SO_CCN />
          <BC2_GHICHU></BC2_GHICHU>
          <NGAY_RA_QDTN>2024-04-22</NGAY_RA_QDTN>
        </HO_SO>
      </NGUOI_LX>
      <NGUOI_LX>
        <SO_TT>25</SO_TT>
        <MA_DK>79038-20230930112426503</MA_DK>
        <HO_TEN_DEM>PHẠM VĂN</HO_TEN_DEM>
        <TEN>THẢO</TEN>
        <HO_VA_TEN>PHẠM VĂN THẢO</HO_VA_TEN>
        <NGAY_SINH>19860101</NGAY_SINH>
        <NOI_CT>Tổ 1, Ấp 6 Biển,</NOI_CT>
        <NOI_CT_MA_DVHC>31000</NOI_CT_MA_DVHC>
        <NOI_CT_MA_DVQL>908</NOI_CT_MA_DVQL>
        <SO_CMT>091086008326</SO_CMT>
        <HO_VA_TEN_IN />
        <HO_SO>
          <SO_HO_SO>050</SO_HO_SO>
          <SO_GPLX_DA_CO>910109001629</SO_GPLX_DA_CO>
          <HANG_GPLX_DA_CO>A1</HANG_GPLX_DA_CO>
          <NAM_HOC_LAIXE></NAM_HOC_LAIXE>
          <SO_NAM_LAIXE>0</SO_NAM_LAIXE>
          <SO_KM_ANTOAN>0</SO_KM_ANTOAN>
          <GIAY_CNSK>1</GIAY_CNSK>
          <SO_GIAY_CNTN>055198</SO_GIAY_CNTN>
          <SO_CCN />
          <BC2_GHICHU></BC2_GHICHU>
          <NGAY_RA_QDTN>2024-04-22</NGAY_RA_QDTN>
        </HO_SO>
      </NGUOI_LX>
      <NGUOI_LX>
        <SO_TT>26</SO_TT>
        <MA_DK>79038-20231020151500077</MA_DK>
        <HO_TEN_DEM>VŨ TRẦN ANH</HO_TEN_DEM>
        <TEN>THẢO</TEN>
        <HO_VA_TEN>VŨ TRẦN ANH THẢO</HO_VA_TEN>
        <NGAY_SINH>19980620</NGAY_SINH>
        <NOI_CT>Tổ 4, Ấp Tự Túc</NOI_CT>
        <NOI_CT_MA_DVHC>26347</NOI_CT_MA_DVHC>
        <NOI_CT_MA_DVQL>739</NOI_CT_MA_DVQL>
        <SO_CMT>075098010389</SO_CMT>
        <HO_VA_TEN_IN />
        <HO_SO>
          <SO_HO_SO>061</SO_HO_SO>
          <SO_GPLX_DA_CO>790205031553</SO_GPLX_DA_CO>
          <HANG_GPLX_DA_CO>A1</HANG_GPLX_DA_CO>
          <NAM_HOC_LAIXE></NAM_HOC_LAIXE>
          <SO_NAM_LAIXE>0</SO_NAM_LAIXE>
          <SO_KM_ANTOAN>0</SO_KM_ANTOAN>
          <GIAY_CNSK>1</GIAY_CNSK>
          <SO_GIAY_CNTN>055199</SO_GIAY_CNTN>
          <SO_CCN />
          <BC2_GHICHU></BC2_GHICHU>
          <NGAY_RA_QDTN>2024-04-22</NGAY_RA_QDTN>
        </HO_SO>
      </NGUOI_LX>
      <NGUOI_LX>
        <SO_TT>27</SO_TT>
        <MA_DK>79038-20230930093057317</MA_DK>
        <HO_TEN_DEM>NGUYỄN VĂN</HO_TEN_DEM>
        <TEN>TÍNH</TEN>
        <HO_VA_TEN>NGUYỄN VĂN TÍNH</HO_VA_TEN>
        <NGAY_SINH>19880611</NGAY_SINH>
        <NOI_CT>Thôn Bob La,</NOI_CT>
        <NOI_CT_MA_DVHC>24886</NOI_CT_MA_DVHC>
        <NOI_CT_MA_DVQL>674</NOI_CT_MA_DVQL>
        <SO_CMT>072088013950</SO_CMT>
        <HO_VA_TEN_IN />
        <HO_SO>
          <SO_HO_SO>009</SO_HO_SO>
          <SO_GPLX_DA_CO></SO_GPLX_DA_CO>
          <HANG_GPLX_DA_CO></HANG_GPLX_DA_CO>
          <NAM_HOC_LAIXE></NAM_HOC_LAIXE>
          <SO_NAM_LAIXE>0</SO_NAM_LAIXE>
          <SO_KM_ANTOAN>0</SO_KM_ANTOAN>
          <GIAY_CNSK>1</GIAY_CNSK>
          <SO_GIAY_CNTN>055200</SO_GIAY_CNTN>
          <SO_CCN />
          <BC2_GHICHU></BC2_GHICHU>
          <NGAY_RA_QDTN>2024-04-22</NGAY_RA_QDTN>
        </HO_SO>
      </NGUOI_LX>
      <NGUOI_LX>
        <SO_TT>28</SO_TT>
        <MA_DK>79038-20230930091800557</MA_DK>
        <HO_TEN_DEM>ĐẶNG CÔNG</HO_TEN_DEM>
        <TEN>TÌNH</TEN>
        <HO_VA_TEN>ĐẶNG CÔNG TÌNH</HO_VA_TEN>
        <NGAY_SINH>19930608</NGAY_SINH>
        <NOI_CT>Thôn Đăk Xuân,</NOI_CT>
        <NOI_CT_MA_DVHC>24692</NOI_CT_MA_DVHC>
        <NOI_CT_MA_DVQL>664</NOI_CT_MA_DVQL>
        <SO_CMT>066093019814</SO_CMT>
        <HO_VA_TEN_IN />
        <HO_SO>
          <SO_HO_SO>002</SO_HO_SO>
          <SO_GPLX_DA_CO>670168009018</SO_GPLX_DA_CO>
          <HANG_GPLX_DA_CO>A1</HANG_GPLX_DA_CO>
          <NAM_HOC_LAIXE></NAM_HOC_LAIXE>
          <SO_NAM_LAIXE>0</SO_NAM_LAIXE>
          <SO_KM_ANTOAN>0</SO_KM_ANTOAN>
          <GIAY_CNSK>1</GIAY_CNSK>
          <SO_GIAY_CNTN>055201</SO_GIAY_CNTN>
          <SO_CCN />
          <BC2_GHICHU></BC2_GHICHU>
          <NGAY_RA_QDTN>2024-04-22</NGAY_RA_QDTN>
        </HO_SO>
      </NGUOI_LX>
      <NGUOI_LX>
        <SO_TT>29</SO_TT>
        <MA_DK>79038-20230930093647513</MA_DK>
        <HO_TEN_DEM>NGUYỄN TRỌNG</HO_TEN_DEM>
        <TEN>TÌNH</TEN>
        <HO_VA_TEN>NGUYỄN TRỌNG TÌNH</HO_VA_TEN>
        <NGAY_SINH>19970909</NGAY_SINH>
        <NOI_CT>Ấp Phú Mỹ,</NOI_CT>
        <NOI_CT_MA_DVHC>30820</NOI_CT_MA_DVHC>
        <NOI_CT_MA_DVQL>903</NOI_CT_MA_DVQL>
        <SO_CMT>091097003469</SO_CMT>
        <HO_VA_TEN_IN />
        <HO_SO>
          <SO_HO_SO>013</SO_HO_SO>
          <SO_GPLX_DA_CO>790176016771</SO_GPLX_DA_CO>
          <HANG_GPLX_DA_CO>A1</HANG_GPLX_DA_CO>
          <NAM_HOC_LAIXE></NAM_HOC_LAIXE>
          <SO_NAM_LAIXE>0</SO_NAM_LAIXE>
          <SO_KM_ANTOAN>0</SO_KM_ANTOAN>
          <GIAY_CNSK>1</GIAY_CNSK>
          <SO_GIAY_CNTN>055202</SO_GIAY_CNTN>
          <SO_CCN />
          <BC2_GHICHU></BC2_GHICHU>
          <NGAY_RA_QDTN>2024-04-22</NGAY_RA_QDTN>
        </HO_SO>
      </NGUOI_LX>
      <NGUOI_LX>
        <SO_TT>30</SO_TT>
        <MA_DK>79038-20230930105416880</MA_DK>
        <HO_TEN_DEM>VŨ ĐÌNH</HO_TEN_DEM>
        <TEN>TOẢN</TEN>
        <HO_VA_TEN>VŨ ĐÌNH TOẢN</HO_VA_TEN>
        <NGAY_SINH>19820711</NGAY_SINH>
        <NOI_CT>Xóm 9,</NOI_CT>
        <NOI_CT_MA_DVHC>17122</NOI_CT_MA_DVHC>
        <NOI_CT_MA_DVQL>421</NOI_CT_MA_DVQL>
        <SO_CMT>040082039281</SO_CMT>
        <HO_VA_TEN_IN />
        <HO_SO>
          <SO_HO_SO>029</SO_HO_SO>
          <SO_GPLX_DA_CO></SO_GPLX_DA_CO>
          <HANG_GPLX_DA_CO></HANG_GPLX_DA_CO>
          <NAM_HOC_LAIXE></NAM_HOC_LAIXE>
          <SO_NAM_LAIXE>0</SO_NAM_LAIXE>
          <SO_KM_ANTOAN>0</SO_KM_ANTOAN>
          <GIAY_CNSK>1</GIAY_CNSK>
          <SO_GIAY_CNTN>055204</SO_GIAY_CNTN>
          <SO_CCN />
          <BC2_GHICHU></BC2_GHICHU>
          <NGAY_RA_QDTN>2024-04-22</NGAY_RA_QDTN>
        </HO_SO>
      </NGUOI_LX>
      <NGUOI_LX>
        <SO_TT>31</SO_TT>
        <MA_DK>79038-20230930105809530</MA_DK>
        <HO_TEN_DEM>LÊ VĂN</HO_TEN_DEM>
        <TEN>TÒNG</TEN>
        <HO_VA_TEN>LÊ VĂN TÒNG</HO_VA_TEN>
        <NGAY_SINH>19930101</NGAY_SINH>
        <NOI_CT>Trường Thạnh A,</NOI_CT>
        <NOI_CT_MA_DVHC>31291</NOI_CT_MA_DVHC>
        <NOI_CT_MA_DVQL>927</NOI_CT_MA_DVQL>
        <SO_CMT>092093002318</SO_CMT>
        <HO_VA_TEN_IN />
        <HO_SO>
          <SO_HO_SO>033</SO_HO_SO>
          <SO_GPLX_DA_CO></SO_GPLX_DA_CO>
          <HANG_GPLX_DA_CO></HANG_GPLX_DA_CO>
          <NAM_HOC_LAIXE></NAM_HOC_LAIXE>
          <SO_NAM_LAIXE>0</SO_NAM_LAIXE>
          <SO_KM_ANTOAN>0</SO_KM_ANTOAN>
          <GIAY_CNSK>1</GIAY_CNSK>
          <SO_GIAY_CNTN>055205</SO_GIAY_CNTN>
          <SO_CCN />
          <BC2_GHICHU></BC2_GHICHU>
          <NGAY_RA_QDTN>2024-04-22</NGAY_RA_QDTN>
        </HO_SO>
      </NGUOI_LX>
      <NGUOI_LX>
        <SO_TT>32</SO_TT>
        <MA_DK>79038-20230930093526370</MA_DK>
        <HO_TEN_DEM>NGUYỄN VĂN</HO_TEN_DEM>
        <TEN>TRÍ</TEN>
        <HO_VA_TEN>NGUYỄN VĂN TRÍ</HO_VA_TEN>
        <NGAY_SINH>19900208</NGAY_SINH>
        <NOI_CT>Thôn Bảo Trung,</NOI_CT>
        <NOI_CT_MA_DVHC>18208</NOI_CT_MA_DVHC>
        <NOI_CT_MA_DVQL>439</NOI_CT_MA_DVQL>
        <SO_CMT>042090010983</SO_CMT>
        <HO_VA_TEN_IN />
        <HO_SO>
          <SO_HO_SO>012</SO_HO_SO>
          <SO_GPLX_DA_CO>790172283177</SO_GPLX_DA_CO>
          <HANG_GPLX_DA_CO>A1</HANG_GPLX_DA_CO>
          <NAM_HOC_LAIXE></NAM_HOC_LAIXE>
          <SO_NAM_LAIXE>0</SO_NAM_LAIXE>
          <SO_KM_ANTOAN>0</SO_KM_ANTOAN>
          <GIAY_CNSK>1</GIAY_CNSK>
          <SO_GIAY_CNTN>055206</SO_GIAY_CNTN>
          <SO_CCN />
          <BC2_GHICHU></BC2_GHICHU>
          <NGAY_RA_QDTN>2024-04-22</NGAY_RA_QDTN>
        </HO_SO>
      </NGUOI_LX>
      <NGUOI_LX>
        <SO_TT>33</SO_TT>
        <MA_DK>79038-20230930092722790</MA_DK>
        <HO_TEN_DEM>LÝ CHÍ</HO_TEN_DEM>
        <TEN>TRUNG</TEN>
        <HO_VA_TEN>LÝ CHÍ TRUNG</HO_VA_TEN>
        <NGAY_SINH>19921106</NGAY_SINH>
        <NOI_CT>Thôn 2,</NOI_CT>
        <NOI_CT_MA_DVHC>21847</NOI_CT_MA_DVHC>
        <NOI_CT_MA_DVQL>547</NOI_CT_MA_DVQL>
        <SO_CMT>052092009549</SO_CMT>
        <HO_VA_TEN_IN />
        <HO_SO>
          <SO_HO_SO>006</SO_HO_SO>
          <SO_GPLX_DA_CO>660202002835</SO_GPLX_DA_CO>
          <HANG_GPLX_DA_CO>A1</HANG_GPLX_DA_CO>
          <NAM_HOC_LAIXE></NAM_HOC_LAIXE>
          <SO_NAM_LAIXE>0</SO_NAM_LAIXE>
          <SO_KM_ANTOAN>0</SO_KM_ANTOAN>
          <GIAY_CNSK>1</GIAY_CNSK>
          <SO_GIAY_CNTN>055207</SO_GIAY_CNTN>
          <SO_CCN />
          <BC2_GHICHU></BC2_GHICHU>
          <NGAY_RA_QDTN>2024-04-22</NGAY_RA_QDTN>
        </HO_SO>
      </NGUOI_LX>
      <NGUOI_LX>
        <SO_TT>34</SO_TT>
        <MA_DK>79038-20230930095119550</MA_DK>
        <HO_TEN_DEM>HOÀNG VĂN</HO_TEN_DEM>
        <TEN>TRƯỜNG</TEN>
        <HO_VA_TEN>HOÀNG VĂN TRƯỜNG</HO_VA_TEN>
        <NGAY_SINH>19910420</NGAY_SINH>
        <NOI_CT>Thôn 3,</NOI_CT>
        <NOI_CT_MA_DVHC>15508</NOI_CT_MA_DVHC>
        <NOI_CT_MA_DVQL>395</NOI_CT_MA_DVQL>
        <SO_CMT>038091026424</SO_CMT>
        <HO_VA_TEN_IN />
        <HO_SO>
          <SO_HO_SO>017</SO_HO_SO>
          <SO_GPLX_DA_CO>740149016592</SO_GPLX_DA_CO>
          <HANG_GPLX_DA_CO>A1</HANG_GPLX_DA_CO>
          <NAM_HOC_LAIXE></NAM_HOC_LAIXE>
          <SO_NAM_LAIXE>0</SO_NAM_LAIXE>
          <SO_KM_ANTOAN>0</SO_KM_ANTOAN>
          <GIAY_CNSK>1</GIAY_CNSK>
          <SO_GIAY_CNTN>055208</SO_GIAY_CNTN>
          <SO_CCN />
          <BC2_GHICHU></BC2_GHICHU>
          <NGAY_RA_QDTN>2024-04-22</NGAY_RA_QDTN>
        </HO_SO>
      </NGUOI_LX>
      <NGUOI_LX>
        <SO_TT>35</SO_TT>
        <MA_DK>79038-20230930105634970</MA_DK>
        <HO_TEN_DEM>TRỊNH NHỰT</HO_TEN_DEM>
        <TEN>TRƯỜNG</TEN>
        <HO_VA_TEN>TRỊNH NHỰT TRƯỜNG</HO_VA_TEN>
        <NGAY_SINH>19960612</NGAY_SINH>
        <NOI_CT>Tổ 14, Ấp Tây An,</NOI_CT>
        <NOI_CT_MA_DVHC>30481</NOI_CT_MA_DVHC>
        <NOI_CT_MA_DVQL>889</NOI_CT_MA_DVQL>
        <SO_CMT>089096017522</SO_CMT>
        <HO_VA_TEN_IN />
        <HO_SO>
          <SO_HO_SO>031</SO_HO_SO>
          <SO_GPLX_DA_CO>740146012061</SO_GPLX_DA_CO>
          <HANG_GPLX_DA_CO>A1</HANG_GPLX_DA_CO>
          <NAM_HOC_LAIXE></NAM_HOC_LAIXE>
          <SO_NAM_LAIXE>0</SO_NAM_LAIXE>
          <SO_KM_ANTOAN>0</SO_KM_ANTOAN>
          <GIAY_CNSK>1</GIAY_CNSK>
          <SO_GIAY_CNTN>055209</SO_GIAY_CNTN>
          <SO_CCN />
          <BC2_GHICHU></BC2_GHICHU>
          <NGAY_RA_QDTN>2024-04-22</NGAY_RA_QDTN>
        </HO_SO>
      </NGUOI_LX>
      <NGUOI_LX>
        <SO_TT>36</SO_TT>
        <MA_DK>79038-20230930095321407</MA_DK>
        <HO_TEN_DEM>VŨ VĂN</HO_TEN_DEM>
        <TEN>TRƯỜNG</TEN>
        <HO_VA_TEN>VŨ VĂN TRƯỜNG</HO_VA_TEN>
        <NGAY_SINH>19900120</NGAY_SINH>
        <NOI_CT>Xóm 7,</NOI_CT>
        <NOI_CT_MA_DVHC>17194</NOI_CT_MA_DVHC>
        <NOI_CT_MA_DVQL>421</NOI_CT_MA_DVQL>
        <SO_CMT>040090029533</SO_CMT>
        <HO_VA_TEN_IN />
        <HO_SO>
          <SO_HO_SO>018</SO_HO_SO>
          <SO_GPLX_DA_CO>790226180827</SO_GPLX_DA_CO>
          <HANG_GPLX_DA_CO>A1</HANG_GPLX_DA_CO>
          <NAM_HOC_LAIXE></NAM_HOC_LAIXE>
          <SO_NAM_LAIXE>0</SO_NAM_LAIXE>
          <SO_KM_ANTOAN>0</SO_KM_ANTOAN>
          <GIAY_CNSK>1</GIAY_CNSK>
          <SO_GIAY_CNTN>055210</SO_GIAY_CNTN>
          <SO_CCN />
          <BC2_GHICHU></BC2_GHICHU>
          <NGAY_RA_QDTN>2024-04-22</NGAY_RA_QDTN>
        </HO_SO>
      </NGUOI_LX>
      <NGUOI_LX>
        <SO_TT>37</SO_TT>
        <MA_DK>79038-20230930095001543</MA_DK>
        <HO_TEN_DEM>TRẦN QUỐC</HO_TEN_DEM>
        <TEN>TUẤN</TEN>
        <HO_VA_TEN>TRẦN QUỐC TUẤN</HO_VA_TEN>
        <NGAY_SINH>19900312</NGAY_SINH>
        <NOI_CT>Phước Lương,</NOI_CT>
        <NOI_CT_MA_DVHC>22279</NOI_CT_MA_DVHC>
        <NOI_CT_MA_DVQL>564</NOI_CT_MA_DVQL>
        <SO_CMT>054090013295</SO_CMT>
        <HO_VA_TEN_IN />
        <HO_SO>
          <SO_HO_SO>016</SO_HO_SO>
          <SO_GPLX_DA_CO>740084008700</SO_GPLX_DA_CO>
          <HANG_GPLX_DA_CO>A1</HANG_GPLX_DA_CO>
          <NAM_HOC_LAIXE></NAM_HOC_LAIXE>
          <SO_NAM_LAIXE>0</SO_NAM_LAIXE>
          <SO_KM_ANTOAN>0</SO_KM_ANTOAN>
          <GIAY_CNSK>1</GIAY_CNSK>
          <SO_GIAY_CNTN>055211</SO_GIAY_CNTN>
          <SO_CCN />
          <BC2_GHICHU></BC2_GHICHU>
          <NGAY_RA_QDTN>2024-04-22</NGAY_RA_QDTN>
        </HO_SO>
      </NGUOI_LX>
      <NGUOI_LX>
        <SO_TT>38</SO_TT>
        <MA_DK>79038-20230930110111277</MA_DK>
        <HO_TEN_DEM>PHẠM</HO_TEN_DEM>
        <TEN>VĂN</TEN>
        <HO_VA_TEN>PHẠM VĂN</HO_VA_TEN>
        <NGAY_SINH>19960814</NGAY_SINH>
        <NOI_CT>Thôn Hà Úc 2,</NOI_CT>
        <NOI_CT_MA_DVHC>19948</NOI_CT_MA_DVHC>
        <NOI_CT_MA_DVQL>478</NOI_CT_MA_DVQL>
        <SO_CMT>046096013634</SO_CMT>
        <HO_VA_TEN_IN />
        <HO_SO>
          <SO_HO_SO>035</SO_HO_SO>
          <SO_GPLX_DA_CO>790146968228</SO_GPLX_DA_CO>
          <HANG_GPLX_DA_CO>A1</HANG_GPLX_DA_CO>
          <NAM_HOC_LAIXE></NAM_HOC_LAIXE>
          <SO_NAM_LAIXE>0</SO_NAM_LAIXE>
          <SO_KM_ANTOAN>0</SO_KM_ANTOAN>
          <GIAY_CNSK>1</GIAY_CNSK>
          <SO_GIAY_CNTN>055212</SO_GIAY_CNTN>
          <SO_CCN />
          <BC2_GHICHU></BC2_GHICHU>
          <NGAY_RA_QDTN>2024-04-22</NGAY_RA_QDTN>
        </HO_SO>
      </NGUOI_LX>
      <NGUOI_LX>
        <SO_TT>39</SO_TT>
        <MA_DK>79038-20230930100847943</MA_DK>
        <HO_TEN_DEM>BÙI HOÀN</HO_TEN_DEM>
        <TEN>VŨ</TEN>
        <HO_VA_TEN>BÙI HOÀN VŨ</HO_VA_TEN>
        <NGAY_SINH>19950423</NGAY_SINH>
        <NOI_CT>29/12 Đường 8, Kp2,</NOI_CT>
        <NOI_CT_MA_DVHC>26818</NOI_CT_MA_DVHC>
        <NOI_CT_MA_DVQL>769</NOI_CT_MA_DVQL>
        <SO_CMT>079095007049</SO_CMT>
        <HO_VA_TEN_IN />
        <HO_SO>
          <SO_HO_SO>026</SO_HO_SO>
          <SO_GPLX_DA_CO>790135047806</SO_GPLX_DA_CO>
          <HANG_GPLX_DA_CO>A1</HANG_GPLX_DA_CO>
          <NAM_HOC_LAIXE></NAM_HOC_LAIXE>
          <SO_NAM_LAIXE>0</SO_NAM_LAIXE>
          <SO_KM_ANTOAN>0</SO_KM_ANTOAN>
          <GIAY_CNSK>1</GIAY_CNSK>
          <SO_GIAY_CNTN>055213</SO_GIAY_CNTN>
          <SO_CCN />
          <BC2_GHICHU></BC2_GHICHU>
          <NGAY_RA_QDTN>2024-04-22</NGAY_RA_QDTN>
        </HO_SO>
      </NGUOI_LX>
      <NGUOI_LX>
        <SO_TT>40</SO_TT>
        <MA_DK>79038-20231002094601813</MA_DK>
        <HO_TEN_DEM>HUỲNH VIẾT</HO_TEN_DEM>
        <TEN>XUÂN</TEN>
        <HO_VA_TEN>HUỲNH VIẾT XUÂN</HO_VA_TEN>
        <NGAY_SINH>19891004</NGAY_SINH>
        <NOI_CT>Tổ 2, Ấp Đồn</NOI_CT>
        <NOI_CT_MA_DVHC>27520</NOI_CT_MA_DVHC>
        <NOI_CT_MA_DVQL>783</NOI_CT_MA_DVQL>
        <SO_CMT>079189032581</SO_CMT>
        <HO_VA_TEN_IN />
        <HO_SO>
          <SO_HO_SO>056</SO_HO_SO>
          <SO_GPLX_DA_CO>720117006983</SO_GPLX_DA_CO>
          <HANG_GPLX_DA_CO>A1</HANG_GPLX_DA_CO>
          <NAM_HOC_LAIXE></NAM_HOC_LAIXE>
          <SO_NAM_LAIXE>0</SO_NAM_LAIXE>
          <SO_KM_ANTOAN>0</SO_KM_ANTOAN>
          <GIAY_CNSK>1</GIAY_CNSK>
          <SO_GIAY_CNTN>055214</SO_GIAY_CNTN>
          <SO_CCN />
          <BC2_GHICHU></BC2_GHICHU>
          <NGAY_RA_QDTN>2024-04-22</NGAY_RA_QDTN>
        </HO_SO>
      </NGUOI_LX>
      <NGUOI_LX>
        <SO_TT>41</SO_TT>
        <MA_DK>79038-20230930110250510</MA_DK>
        <HO_TEN_DEM>NGUYỄN QUỐC</HO_TEN_DEM>
        <TEN>Ý</TEN>
        <HO_VA_TEN>NGUYỄN QUỐC Ý</HO_VA_TEN>
        <NGAY_SINH>20020314</NGAY_SINH>
        <NOI_CT>Thôn Phú Thuận,</NOI_CT>
        <NOI_CT_MA_DVHC>22822</NOI_CT_MA_DVHC>
        <NOI_CT_MA_DVQL>585</NOI_CT_MA_DVQL>
        <SO_CMT>058202008150</SO_CMT>
        <HO_VA_TEN_IN />
        <HO_SO>
          <SO_HO_SO>036</SO_HO_SO>
          <SO_GPLX_DA_CO>790209101135</SO_GPLX_DA_CO>
          <HANG_GPLX_DA_CO>A1</HANG_GPLX_DA_CO>
          <NAM_HOC_LAIXE></NAM_HOC_LAIXE>
          <SO_NAM_LAIXE>0</SO_NAM_LAIXE>
          <SO_KM_ANTOAN>0</SO_KM_ANTOAN>
          <GIAY_CNSK>1</GIAY_CNSK>
          <SO_GIAY_CNTN>055215</SO_GIAY_CNTN>
          <SO_CCN />
          <BC2_GHICHU></BC2_GHICHU>
          <NGAY_RA_QDTN>2024-04-22</NGAY_RA_QDTN>
        </HO_SO>
      </NGUOI_LX>
    </NGUOI_LXS>
  </DATA>
  <Signature xmlns="http://www.w3.org/2000/09/xmldsig#">
    <SignedInfo>
      <CanonicalizationMethod Algorithm="http://www.w3.org/TR/2001/REC-xml-c14n-20010315" />
      <SignatureMethod Algorithm="http://www.w3.org/2000/09/xmldsig#rsa-sha1" />
      <Reference URI="">
        <Transforms>
          <Transform Algorithm="http://www.w3.org/2000/09/xmldsig#enveloped-signature" />
        </Transforms>
        <DigestMethod Algorithm="http://www.w3.org/2000/09/xmldsig#sha1" />
        <DigestValue>3MZx7o3hNqEFYDe7q1sSSlzyiDY=</DigestValue>
      </Reference>
    </SignedInfo>
    <SignatureValue>bH5PoMrGgxZxLdDqhclTStbgnMsm0S3PQeZnmdgX8O8g1VyDiMhtMQvnuvWnDbDiOsMIv/XxfsHTqI6TMdRMBgd0swL5sZIPH3lL38urdDL/LoQuBxI7MAYwCaZBROtQtt27SvxMDwfaZ+30JWMBumCajoKu+q2m/p+mDwEC01c=</SignatureValue>
  </Signature>
</BAO_CAO2>